# Copyright 2020 Google LLC.
# 
# This work is licensed under the Creative Commons Attribution 4.0
# International License. To view a copy of this license, visit
# http://creativecommons.org/licenses/by/4.0/ or send a letter
# to Creative Commons, PO Box 1866, Mountain View, CA 94042, USA.
# Generated by Katamari OBJ encoder.
# Vertices: 1823
# Faces: 3642
mtllib model.mtl
v -0.065069 0.053842 0.001277
v -0.064858 0.050782 0.000964
v -0.066018 0.054228 0.002763
v -0.064713 0.054615 0.001692
v -0.064211 0.053356 0.000946
v -0.060928 0.054202 0.001344
v -0.065164 0.054765 0.002577
v -0.066067 0.054051 0.007934
v -0.062115 0.055148 0.003928
v -0.065862 0.050077 0.002310
v -0.066325 0.053416 0.003164
v -0.066225 0.046815 0.003502
v -0.063858 0.046619 0.000720
v -0.066378 0.053551 0.005287
v -0.066415 0.051106 0.006185
v -0.059802 0.054827 0.002843
v -0.059295 0.052597 0.000907
v -0.057266 0.053859 0.001148
v -0.055683 0.054673 0.002199
v -0.049516 0.054267 0.001517
v -0.066930 0.049563 0.010654
v -0.066663 0.052836 0.010467
v -0.065164 0.054523 0.006291
v -0.058758 0.055624 0.011492
v -0.066146 0.054070 0.014765
v -0.065410 0.054488 0.019654
v -0.052507 0.054906 0.003320
v -0.052207 0.055231 0.008938
v -0.043601 0.053087 0.000994
v -0.043617 0.041117 0.000548
v -0.040118 0.054811 0.002788
v -0.050185 0.055395 0.010639
v -0.040275 0.054980 0.006938
v -0.038667 0.054052 0.001368
v -0.030812 0.053455 0.001055
v -0.031987 0.046900 0.000544
v -0.037497 0.055158 0.009990
v -0.025953 0.054398 0.001913
v -0.030314 0.055068 0.010552
v -0.026624 0.054702 0.002725
v -0.024233 0.053469 0.001010
v -0.019668 0.053607 0.001105
v -0.014929 0.052008 0.000854
v -0.017734 0.047267 0.000579
v -0.011446 0.032791 0.000351
v -0.011784 0.053533 0.001093
v -0.060759 0.035807 0.000724
v -0.062647 0.030826 0.000706
v -0.063507 0.031773 0.000888
v -0.063108 0.027589 0.000910
v -0.060711 0.029331 0.000779
v -0.063729 0.023197 0.001759
v -0.065619 0.027113 0.002316
v -0.063980 0.029344 0.001753
v -0.066186 0.014466 0.003145
v -0.066149 0.029190 0.003109
v -0.062656 0.021351 0.000963
v -0.063317 0.018131 0.002010
v -0.065689 0.018311 0.002403
v -0.062524 0.017665 0.001044
v -0.053854 0.018208 0.000798
v -0.049332 0.028166 0.000668
v -0.061529 0.015816 0.000957
v -0.065531 0.011946 0.002458
v -0.063182 0.013559 0.001972
v -0.062945 0.009413 0.002277
v -0.065513 0.005947 0.002521
v -0.062538 0.013134 0.001253
v -0.061576 0.007217 0.000903
v -0.062277 0.009960 0.001064
v -0.055679 0.004604 0.000773
v -0.064359 0.042984 0.000891
v -0.065800 0.041825 0.002442
v -0.064489 0.036845 0.001624
v -0.065846 0.034923 0.002341
v -0.066201 0.039932 0.003504
v -0.066202 0.043610 0.004687
v -0.066778 0.047139 0.007928
v -0.066547 0.041781 0.006433
v -0.066235 0.035079 0.005024
v -0.066700 0.032794 0.008039
v -0.067252 0.038495 0.012397
v -0.063814 0.040321 0.000715
v -0.063768 0.035861 0.000855
v -0.067187 0.044120 0.012274
v -0.067078 0.049352 0.015956
v -0.067516 0.043805 0.017494
v -0.067258 0.025346 0.013238
v -0.067732 0.031100 0.017910
v -0.067580 0.038965 0.016342
v -0.066202 0.027330 0.005109
v -0.066240 0.019477 0.005319
v -0.066528 0.009181 0.007428
v -0.067210 0.011097 0.012901
v -0.067265 0.017830 0.014120
v -0.067740 0.011448 0.018184
v -0.068508 0.026787 0.032577
v -0.068602 0.006190 0.033623
v -0.065790 -0.010328 0.002891
v -0.066341 -0.007213 0.003507
v -0.065609 -0.004102 0.002735
v -0.062989 -0.001865 0.002579
v -0.063483 -0.003443 0.002522
v -0.062152 -0.004144 0.001614
v -0.061535 0.000061 0.000807
v -0.060994 -0.006608 0.000946
v -0.063431 -0.006154 0.002333
v -0.063528 -0.007858 0.002500
v -0.062715 -0.007969 0.001925
v -0.061629 -0.009041 0.001761
v -0.067359 0.004458 0.015326
v -0.067154 0.002568 0.011751
v -0.067110 -0.006044 0.011372
v -0.065854 0.000194 0.002828
v -0.062932 0.004912 0.002415
v -0.064745 0.000035 0.002629
v -0.066562 -0.001822 0.004147
v -0.066584 0.001211 0.007623
v -0.062164 0.007555 0.001315
v -0.061851 0.003491 0.001086
v -0.062323 0.005446 0.002126
v -0.060829 0.004907 0.000826
v -0.062139 0.003165 0.002012
v -0.062708 0.000288 0.002428
v -0.062853 0.001544 0.002640
v -0.066502 -0.020076 0.007451
v -0.064259 -0.017843 0.002641
v -0.063095 -0.013638 0.001973
v -0.063272 -0.017356 0.001859
v -0.066469 -0.023521 0.004003
v -0.060526 -0.011403 0.000833
v -0.061599 -0.011267 0.001723
v -0.061286 -0.013855 0.001894
v -0.061326 -0.015272 0.001758
v -0.065865 -0.027565 0.003097
v -0.064822 -0.027668 0.002640
v -0.063624 -0.022480 0.001855
v -0.064548 -0.034341 0.001871
v -0.067371 -0.008095 0.015650
v -0.067541 -0.012104 0.016411
v -0.067679 -0.006667 0.017883
v -0.067073 -0.026385 0.011428
v -0.067868 -0.019830 0.019946
v -0.068308 -0.027329 0.034232
v -0.052651 0.006051 0.000846
v -0.045808 0.010523 0.000700
v -0.039939 0.019471 0.000611
v -0.043539 0.008056 0.000786
v -0.043000 0.004999 0.000642
v -0.024521 -0.002396 0.000546
v -0.024547 0.019962 0.000477
v -0.035035 0.028476 0.000577
v -0.059049 -0.005461 0.000785
v -0.047964 -0.005451 0.000704
v -0.059840 -0.017500 0.001679
v -0.053663 -0.028573 0.001332
v -0.060264 -0.013323 0.000841
v -0.051439 -0.015074 0.000701
v -0.060044 -0.016329 0.000882
v -0.060810 -0.016673 0.001665
v -0.057138 -0.017376 0.001667
v -0.054371 -0.016520 0.000880
v -0.053515 -0.017506 0.001502
v -0.049227 -0.017518 0.001540
v -0.047967 -0.020192 0.001399
v -0.040820 -0.016486 0.000692
v -0.047062 -0.017414 0.001314
v -0.037891 -0.017651 0.001304
v -0.028745 -0.037021 0.000901
v -0.011456 -0.026073 0.000901
v -0.022988 -0.016642 0.000566
v -0.029761 -0.017824 0.001274
v -0.021993 -0.017760 0.001221
v -0.066078 0.054103 0.022252
v -0.066588 0.053280 0.024607
v -0.060175 0.054991 0.022249
v -0.056277 0.055641 0.016196
v -0.053932 0.055600 0.022188
v -0.049632 0.055423 0.013368
v -0.047258 0.055237 0.012615
v -0.042170 0.055271 0.011552
v -0.039148 0.055307 0.009649
v -0.036713 0.055133 0.020398
v -0.042232 0.055183 0.028039
v -0.009720 0.054395 0.002225
v -0.019413 0.054824 0.013159
v -0.024987 0.054695 0.026745
v -0.015395 0.054562 0.024891
v -0.068014 0.038184 0.027234
v -0.068000 0.038349 0.031054
v -0.067505 0.045658 0.027440
v -0.067382 0.048719 0.034504
v -0.065928 0.054196 0.032625
v -0.066663 0.053114 0.039218
v -0.068360 0.039660 0.039225
v -0.068377 0.035736 0.036953
v -0.068607 0.035773 0.044479
v -0.061636 0.054817 0.028384
v -0.061206 0.055008 0.023391
v -0.055964 0.055333 0.026929
v -0.064733 0.054509 0.034580
v -0.059399 0.054828 0.036441
v -0.059139 0.054856 0.031264
v -0.048291 0.055309 0.031365
v -0.066059 0.054050 0.045585
v -0.064731 0.054326 0.043456
v -0.066620 0.053502 0.045476
v -0.067875 0.044973 0.044498
v -0.067332 0.050076 0.046690
v -0.066221 0.053869 0.053776
v -0.066589 0.053302 0.052831
v -0.068196 0.042992 0.050572
v -0.064998 0.054050 0.053383
v -0.067269 0.050968 0.055370
v -0.061205 0.053935 0.050410
v -0.068787 0.029660 0.053293
v -0.068503 0.034022 0.056683
v -0.068486 0.037994 0.061175
v -0.067804 0.047295 0.058483
v -0.068731 0.029705 0.062264
v -0.053443 0.055084 0.036671
v -0.052015 0.054934 0.041469
v -0.038965 0.054805 0.035387
v -0.055328 0.054431 0.045996
v -0.057835 0.053789 0.056167
v -0.028939 0.054353 0.040941
v -0.046459 0.054090 0.055263
v -0.068987 0.007702 0.051605
v -0.068901 -0.015164 0.060251
v -0.068765 -0.017449 0.050235
v -0.069082 0.019666 0.066960
v -0.069089 0.016397 0.064917
v -0.069066 0.010562 0.062546
v -0.069243 0.012217 0.064124
v -0.069075 0.002785 0.062190
v -0.069073 -0.005204 0.073781
v -0.069133 0.004001 0.078686
v -0.009276 0.054022 0.041308
v -0.001099 0.054107 0.033957
v -0.002202 0.054329 0.024768
v -0.065190 0.054440 0.056797
v -0.061127 0.054301 0.057662
v -0.066659 0.053029 0.060787
v -0.065856 0.054105 0.061576
v -0.064746 0.054427 0.060530
v -0.067113 0.050378 0.065475
v -0.064550 0.054619 0.070204
v -0.066311 0.053613 0.070121
v -0.059505 0.054223 0.061690
v -0.065162 0.054559 0.072302
v -0.066287 0.053528 0.076299
v -0.065360 0.054641 0.076144
v -0.053067 0.054988 0.075095
v -0.068718 0.033518 0.067099
v -0.068006 0.043046 0.065348
v -0.068602 0.034808 0.072883
v -0.067586 0.045568 0.075681
v -0.068393 0.035867 0.078907
v -0.068196 0.039340 0.080296
v -0.051687 0.053857 0.062612
v -0.036314 0.053902 0.059459
v -0.040679 0.054136 0.068828
v -0.051295 0.055797 0.087772
v -0.067224 0.048092 0.081918
v -0.065530 0.054478 0.083597
v -0.066266 0.053383 0.083425
v -0.064198 0.054896 0.084518
v -0.066317 0.053214 0.089219
v -0.068068 0.040077 0.087662
v -0.068456 0.034859 0.084604
v -0.065661 0.054319 0.100649
v -0.064755 0.054879 0.098817
v -0.067049 0.047498 0.103679
v -0.066018 0.053647 0.106975
v -0.051820 0.056341 0.108614
v -0.040297 0.055059 0.078097
v -0.022026 0.054797 0.077243
v -0.037828 0.056179 0.090849
v -0.068824 0.030250 0.070699
v -0.068910 0.026907 0.070759
v -0.069187 0.026880 0.073455
v -0.069000 0.024369 0.075133
v -0.069071 0.016411 0.077120
v -0.069141 0.020399 0.078254
v -0.068996 0.026636 0.077375
v -0.068818 0.029034 0.080678
v -0.069018 0.023062 0.078955
v -0.069041 0.015684 0.081038
v -0.069118 0.020214 0.081907
v -0.069094 0.021133 0.085914
v -0.068752 0.028434 0.086213
v -0.069093 0.017786 0.084118
v -0.069291 0.018139 0.086498
v -0.069119 0.009030 0.077019
v -0.069203 0.009122 0.078590
v -0.069125 0.005224 0.082464
v -0.069227 0.001762 0.081678
v -0.069066 -0.003505 0.082979
v -0.069099 0.014631 0.086674
v -0.069089 0.007235 0.087865
v -0.069105 0.009172 0.095920
v -0.069005 -0.004972 0.093251
v -0.068981 0.005912 0.090963
v -0.069177 0.002153 0.092964
v -0.068497 0.033787 0.091932
v -0.068445 0.033110 0.098115
v -0.069025 0.019451 0.090424
v -0.068922 0.021306 0.102990
v -0.067841 0.039442 0.115867
v -0.069054 0.005587 0.096862
v -0.068990 -0.005282 0.101552
v -0.068761 0.013980 0.125404
v -0.068896 -0.000486 0.118443
v -0.014003 0.054031 0.065184
v -0.016360 0.053844 0.054156
v -0.001749 0.053869 0.054068
v 0.002943 0.054396 0.071862
v -0.065842 -0.038151 0.003173
v -0.066475 -0.036663 0.004326
v -0.065244 -0.040583 0.002114
v -0.065109 -0.047284 0.001826
v -0.065533 -0.046646 0.001998
v -0.066395 -0.042635 0.004367
v -0.066449 -0.047795 0.004723
v -0.065800 -0.051465 0.002081
v -0.066397 -0.052242 0.004937
v -0.066421 -0.054391 0.003193
v -0.066611 -0.054308 0.004597
v -0.066928 -0.056259 0.003517
v -0.067157 -0.056092 0.004166
v -0.066289 -0.055649 0.002423
v -0.066667 -0.056786 0.004233
v -0.065941 -0.056494 0.003239
v -0.065728 -0.057000 0.004373
v -0.067010 -0.056373 0.006581
v -0.066448 -0.052125 0.007927
v -0.066929 -0.052829 0.012176
v -0.067110 -0.056283 0.009806
v -0.066152 -0.057212 0.008420
v -0.064334 -0.057213 0.008272
v -0.066742 -0.056966 0.010447
v -0.046827 -0.045610 0.001348
v -0.065377 -0.052389 0.001968
v -0.055258 -0.055370 0.002086
v -0.054867 -0.056153 0.002642
v -0.061486 -0.056582 0.003695
v -0.050297 -0.056575 0.003993
v -0.059926 -0.056961 0.009997
v -0.055350 -0.056877 0.008908
v -0.040391 -0.055533 0.001936
v -0.033921 -0.050822 0.001439
v -0.038553 -0.056269 0.002675
v -0.067518 -0.042279 0.018178
v -0.067271 -0.052847 0.021970
v -0.067321 -0.055922 0.014866
v -0.065345 -0.057449 0.014529
v -0.066773 -0.056785 0.017408
v -0.067151 -0.055997 0.033983
v -0.066784 -0.056820 0.019996
v -0.065753 -0.057307 0.018261
v -0.062601 -0.057398 0.016220
v -0.060109 -0.057485 0.018134
v -0.066151 -0.057021 0.024151
v -0.062823 -0.057475 0.019313
v -0.067716 -0.046119 0.035109
v -0.067355 -0.055247 0.039905
v -0.062821 -0.057479 0.022779
v -0.059204 -0.057344 0.020587
v -0.061359 -0.057557 0.026196
v -0.067252 -0.053072 0.037355
v -0.064285 -0.057281 0.027909
v -0.059067 -0.057399 0.027046
v -0.066225 -0.056627 0.034759
v -0.064489 -0.057155 0.032385
v -0.059198 -0.057334 0.032490
v -0.063649 -0.057185 0.036489
v -0.068370 -0.030976 0.047159
v -0.067910 -0.041362 0.050264
v -0.067081 -0.051903 0.055328
v -0.059107 -0.057281 0.038554
v -0.066028 -0.056534 0.042700
v -0.066935 -0.055849 0.052334
v -0.061671 -0.056881 0.048498
v -0.066017 -0.056374 0.054600
v -0.062327 -0.057420 0.013541
v -0.057911 -0.057129 0.015993
v -0.059974 -0.057293 0.019360
v -0.051421 -0.057401 0.017298
v -0.056497 -0.057154 0.017962
v -0.045286 -0.056832 0.006860
v -0.045060 -0.057535 0.015125
v -0.047304 -0.057612 0.029355
v -0.040086 -0.057793 0.020037
v -0.035908 -0.056754 0.006313
v -0.036952 -0.057124 0.009628
v -0.025265 -0.055488 0.001806
v -0.032071 -0.056593 0.004003
v -0.032677 -0.056986 0.007543
v -0.024949 -0.056125 0.002249
v -0.029503 -0.056902 0.007444
v -0.025073 -0.056568 0.003591
v -0.033673 -0.057017 0.009433
v -0.033665 -0.057251 0.010456
v -0.038139 -0.057668 0.015933
v -0.025846 -0.058055 0.022025
v -0.035630 -0.057804 0.021606
v -0.008877 -0.057490 0.011028
v -0.051766 -0.057549 0.036586
v -0.033853 -0.057905 0.037211
v -0.028874 -0.058067 0.028198
v -0.058215 -0.057445 0.036227
v -0.042398 -0.057843 0.041212
v -0.052142 -0.057243 0.047727
v -0.033340 -0.057966 0.046740
v -0.022867 -0.058071 0.038830
v -0.068753 -0.020612 0.070394
v -0.068341 -0.032712 0.056737
v -0.068085 -0.035987 0.065720
v -0.067744 -0.041906 0.085077
v -0.067417 -0.047171 0.078816
v -0.068260 -0.031963 0.093315
v -0.066770 -0.051621 0.066384
v -0.067139 -0.055136 0.057655
v -0.066888 -0.052211 0.059929
v -0.066816 -0.054867 0.060620
v -0.066404 -0.055900 0.060560
v -0.066437 -0.056103 0.059053
v -0.065018 -0.056341 0.058177
v -0.065705 -0.056489 0.060499
v -0.063654 -0.056347 0.061848
v -0.066591 -0.055936 0.062915
v -0.066657 -0.055337 0.064913
v -0.066031 -0.056424 0.065222
v -0.065462 -0.056436 0.062210
v -0.066658 -0.053690 0.066792
v -0.065268 -0.056566 0.065675
v -0.063374 -0.056378 0.068498
v -0.055912 -0.056594 0.071017
v -0.066583 -0.055745 0.066132
v -0.066580 -0.055911 0.069604
v -0.066874 -0.055126 0.070016
v -0.065985 -0.056409 0.068116
v -0.065951 -0.056172 0.071837
v -0.067132 -0.053625 0.080164
v -0.067087 -0.054803 0.075109
v -0.066924 -0.055158 0.082879
v -0.067182 -0.054328 0.088290
v -0.067112 -0.053796 0.095895
v -0.066693 -0.055563 0.078479
v -0.066833 -0.055186 0.093946
v -0.065783 -0.055741 0.094737
v -0.065752 -0.055966 0.079425
v -0.040587 -0.056978 0.097770
v -0.036658 -0.057553 0.057618
v -0.038888 -0.057423 0.068076
v -0.023277 -0.058134 0.045876
v -0.024395 -0.057989 0.058820
v -0.022960 -0.058110 0.052672
v -0.026599 -0.057711 0.078870
v -0.017422 -0.058280 0.045772
v -0.014337 -0.058252 0.052161
v -0.013645 -0.058406 0.052962
v -0.006828 -0.058318 0.058106
v -0.035920 -0.057231 0.084466
v -0.024122 -0.057896 0.065249
v -0.021857 -0.057913 0.068631
v -0.020334 -0.058116 0.067787
v -0.014390 -0.058105 0.066133
v -0.014318 -0.058203 0.067638
v -0.021005 -0.058017 0.071945
v -0.018139 -0.057952 0.074983
v -0.018378 -0.057931 0.071094
v -0.011905 -0.058295 0.072199
v -0.008479 -0.058163 0.071167
v -0.068711 -0.017816 0.100906
v -0.068145 -0.031788 0.126996
v -0.068568 -0.020284 0.121438
v -0.067645 -0.043453 0.101456
v -0.067419 -0.046322 0.108629
v -0.066924 -0.054228 0.114333
v -0.066743 -0.055061 0.105245
v -0.066516 -0.055117 0.111308
v -0.065572 -0.055502 0.112984
v -0.051413 -0.056303 0.109948
v -0.067756 -0.039559 0.122578
v -0.067412 -0.044465 0.134615
v -0.066699 -0.054854 0.112938
v -0.066602 -0.055032 0.115746
v -0.066473 -0.054982 0.118561
v -0.065504 -0.055379 0.123820
v -0.066721 -0.053838 0.134608
v -0.066418 -0.055005 0.125017
v -0.066317 -0.054802 0.136067
v -0.047770 -0.056081 0.141594
v -0.015816 -0.057732 0.101947
v -0.020107 -0.057815 0.091934
v -0.011865 -0.057879 0.092616
v -0.000132 -0.058289 0.083251
v -0.001206 -0.058138 0.092718
v -0.015833 -0.057427 0.120710
v 0.000975 -0.058073 0.101568
v 0.001007 -0.057696 0.121955
v -0.004319 0.046460 0.000686
v -0.009499 0.041984 0.000481
v 0.007959 0.037713 0.000323
v 0.011009 0.008734 0.000289
v 0.019888 0.020722 0.000237
v 0.018225 0.027782 0.000149
v -0.012795 -0.017975 0.001106
v 0.001860 -0.016781 0.000398
v -0.004642 -0.018109 0.001101
v 0.016302 -0.012852 0.000315
v 0.003345 -0.018275 0.001011
v 0.006671 -0.018170 0.001051
v 0.009249 -0.017132 0.000363
v 0.012455 -0.018311 0.001019
v 0.010943 -0.018127 0.000843
v 0.011961 -0.021685 0.000874
v 0.024639 0.015558 0.000172
v 0.043510 0.035738 0.000115
v 0.035718 0.011878 0.000111
v 0.039677 -0.006157 0.000125
v 0.028330 -0.011490 0.000232
v 0.015782 -0.017454 0.000454
v 0.016152 -0.018517 0.000981
v 0.020932 -0.017005 0.000242
v 0.021619 -0.018500 0.000908
v 0.032321 -0.017471 0.000309
v 0.008492 -0.037365 0.000527
v 0.038029 -0.027940 0.000569
v 0.027887 -0.018408 0.000936
v 0.032144 -0.018401 0.000859
v 0.041795 -0.017387 0.000200
v 0.036976 -0.018701 0.000864
v 0.047112 -0.018840 0.000862
v 0.055403 -0.017628 0.000104
v 0.051344 0.000142 0.000073
v 0.059082 -0.012355 0.000056
v 0.056844 -0.018839 0.000828
v 0.061228 -0.023099 0.000902
v 0.058663 -0.017818 0.000180
v 0.059394 -0.018508 0.000932
v 0.059900 -0.014319 0.000877
v 0.060966 -0.016377 0.001107
v 0.054802 -0.035304 0.000679
v 0.062151 -0.018395 0.001704
v 0.062530 -0.024483 0.001801
v 0.065055 -0.016241 0.001947
v 0.062073 -0.030744 0.000912
v 0.061863 -0.035534 0.000815
v 0.062610 -0.035024 0.001020
v 0.063229 -0.032265 0.001951
v 0.062864 -0.028263 0.001642
v 0.064993 -0.028371 0.002062
v 0.065927 -0.024222 0.002618
v 0.065429 -0.034201 0.002295
v 0.063522 -0.036009 0.001822
v 0.066240 -0.032262 0.003360
v -0.009716 0.054095 0.001524
v -0.005410 0.052934 0.000990
v -0.003628 0.049884 0.000912
v -0.003916 0.054270 0.014423
v -0.004426 0.054253 0.008310
v -0.000046 0.053976 0.001599
v 0.000930 0.053490 0.001231
v 0.005628 0.052747 0.001021
v -0.000641 0.054412 0.002518
v -0.000904 0.054083 0.010290
v 0.004780 0.054340 0.002063
v 0.005427 0.054311 0.004612
v 0.003632 0.054012 0.011087
v 0.010385 0.046132 0.000518
v 0.009633 0.053748 0.001468
v 0.012047 0.054346 0.002404
v 0.017075 0.052576 0.000897
v 0.017681 0.053801 0.001469
v 0.029869 0.052313 0.000833
v 0.020442 0.048855 0.000723
v 0.021110 0.053372 0.001137
v 0.018805 0.038386 0.000157
v 0.019556 0.048149 0.000518
v 0.020639 0.045002 0.000451
v 0.022249 0.048041 0.000529
v 0.010694 0.054222 0.012102
v 0.020111 0.054389 0.010323
v 0.020962 0.054191 0.002377
v 0.031102 0.053031 0.001050
v 0.009867 0.054270 0.024242
v 0.021249 0.054434 0.023877
v 0.027778 0.054443 0.024085
v 0.017698 0.054026 0.039643
v 0.028068 0.054521 0.012861
v 0.030030 0.054531 0.019790
v 0.025323 0.049482 0.000906
v 0.021785 0.041922 0.000273
v 0.033643 0.047843 0.000445
v 0.030996 0.054022 0.001956
v 0.027962 0.049183 0.000749
v 0.035100 0.049407 0.000833
v 0.029883 0.054166 0.002687
v 0.029182 0.054451 0.008017
v 0.034645 0.054319 0.005930
v 0.042181 0.052415 0.000874
v 0.042084 0.054150 0.002573
v 0.042903 0.053741 0.001636
v 0.055649 0.053892 0.001854
v 0.047110 0.048966 0.000661
v 0.047980 0.052549 0.000919
v 0.052162 0.052896 0.001063
v 0.055461 0.047540 0.000524
v 0.054583 0.051376 0.000804
v 0.055445 0.049119 0.000948
v 0.061009 0.048490 0.000809
v 0.064970 0.050816 0.000747
v 0.060789 0.046153 0.000519
v 0.060440 0.039262 0.000350
v 0.037990 0.054578 0.011326
v 0.044454 0.054348 0.005806
v 0.038665 0.054648 0.018058
v 0.042543 0.054625 0.017966
v 0.046293 0.054637 0.015591
v 0.036240 0.054452 0.017400
v 0.038898 0.054497 0.028759
v 0.050546 0.054475 0.027861
v 0.049177 0.054463 0.006348
v 0.048584 0.054589 0.010176
v 0.052585 0.054338 0.004819
v 0.051723 0.054433 0.009910
v 0.054501 0.054342 0.006080
v 0.049616 0.054446 0.013841
v 0.050582 0.054702 0.014600
v 0.053773 0.054558 0.009859
v 0.054458 0.053419 0.001508
v 0.055748 0.054267 0.002832
v 0.056859 0.054144 0.004701
v 0.058949 0.052760 0.001091
v 0.061863 0.054112 0.002711
v 0.058793 0.054370 0.004551
v 0.065646 0.053967 0.001914
v 0.062022 0.054377 0.007632
v 0.056261 0.054594 0.007391
v 0.056311 0.054359 0.011231
v 0.057630 0.054463 0.010954
v 0.058495 0.054418 0.007386
v 0.060372 0.054266 0.006811
v 0.060959 0.054476 0.010422
v 0.049757 0.054537 0.017225
v 0.053570 0.054461 0.015787
v 0.051290 0.054538 0.017640
v 0.050107 0.054664 0.019877
v 0.054505 0.054622 0.017354
v 0.059152 0.054553 0.019262
v 0.056348 0.054549 0.013446
v 0.056303 0.054480 0.016738
v 0.059615 0.054626 0.010492
v 0.058561 0.054508 0.014301
v 0.062534 0.054537 0.011922
v 0.057456 0.054685 0.015548
v 0.059171 0.054477 0.017206
v 0.062165 0.054341 0.014921
v 0.061174 0.054540 0.017015
v 0.064862 0.054465 0.015211
v 0.065797 0.054338 0.018243
v 0.050176 0.054473 0.036440
v 0.056935 0.054407 0.025491
v 0.063682 0.054218 0.023621
v 0.060015 0.054566 0.032199
v 0.065680 0.054299 0.025679
v 0.066395 0.054023 0.027862
v 0.066738 0.053817 0.023779
v 0.065349 0.054535 0.031185
v 0.051349 0.054461 0.034717
v 0.054694 0.054573 0.035526
v 0.067168 0.052991 0.028285
v 0.066932 0.053720 0.032203
v 0.064887 0.054409 0.033768
v 0.066479 0.054137 0.034130
v 0.063061 0.054381 0.039151
v 0.065663 0.054427 0.036046
v 0.020590 0.040322 0.000386
v 0.020854 0.043437 0.000550
v 0.021519 0.035588 0.000204
v 0.020521 0.033277 0.000394
v 0.020631 0.028657 0.000241
v 0.045782 0.014467 0.000178
v 0.032829 0.018318 0.000150
v 0.032175 0.015732 0.000284
v 0.060138 0.029271 0.000301
v 0.060017 0.018930 0.000368
v 0.056378 0.011436 0.000210
v 0.005865 0.053923 0.044974
v 0.013697 0.053863 0.051534
v 0.033181 0.054166 0.041030
v 0.022955 0.053972 0.050833
v 0.029853 0.054111 0.046980
v 0.009846 0.053955 0.060531
v 0.018390 0.054073 0.057139
v 0.018844 0.053991 0.054376
v 0.015307 0.054270 0.066983
v 0.022880 0.054103 0.061496
v 0.018318 0.054173 0.066477
v 0.014330 0.055236 0.082259
v 0.022191 0.053907 0.055246
v 0.026234 0.054042 0.053708
v 0.025224 0.054129 0.057424
v 0.028651 0.054038 0.051915
v 0.028018 0.054029 0.056483
v 0.029176 0.054241 0.053559
v 0.031355 0.053941 0.052405
v 0.032949 0.054142 0.052800
v 0.038056 0.054166 0.048712
v 0.030427 0.054036 0.053635
v 0.030413 0.054077 0.056471
v 0.030701 0.054247 0.057347
v 0.035345 0.054112 0.056119
v 0.035745 0.054247 0.054871
v 0.020875 0.054495 0.070289
v 0.024399 0.054319 0.065680
v 0.017195 0.054266 0.069728
v 0.032407 0.054292 0.065685
v 0.030765 0.054448 0.069839
v 0.029377 0.054462 0.066658
v 0.037309 0.054238 0.057975
v 0.031272 0.054126 0.059587
v 0.028954 0.054327 0.061029
v 0.030189 0.054218 0.061474
v 0.031887 0.054328 0.061129
v 0.035089 0.054293 0.062226
v 0.045576 0.054370 0.041798
v 0.051630 0.054329 0.039255
v 0.051683 0.054658 0.036233
v 0.053639 0.054464 0.041404
v 0.067306 0.052485 0.040421
v 0.067412 0.047401 0.022116
v 0.067080 0.053366 0.036718
v 0.068262 0.038385 0.046687
v 0.067074 0.053564 0.039040
v 0.041000 0.054218 0.051675
v 0.038336 0.054162 0.053201
v 0.040007 0.054382 0.053656
v 0.040187 0.054313 0.055514
v 0.045415 0.054276 0.054445
v 0.057535 0.054340 0.045893
v 0.053384 0.054368 0.057609
v 0.039790 0.054253 0.058694
v 0.041599 0.054174 0.057748
v 0.044512 0.054414 0.061104
v 0.040260 0.054348 0.064554
v 0.039897 0.054586 0.068124
v 0.058133 0.054340 0.042966
v 0.059659 0.054180 0.044586
v 0.062542 0.054264 0.044997
v 0.064208 0.054412 0.051144
v 0.065824 0.054399 0.043737
v 0.066226 0.054221 0.040652
v 0.066975 0.053794 0.044034
v 0.066273 0.054276 0.046157
v 0.067512 0.052473 0.051910
v 0.067655 0.048856 0.053044
v 0.062156 0.054344 0.055056
v 0.061537 0.054531 0.070007
v 0.066412 0.054114 0.051506
v 0.067028 0.053683 0.049286
v 0.067191 0.053727 0.055640
v 0.066102 0.054270 0.059241
v 0.067525 0.052696 0.066396
v 0.069075 0.020848 0.049095
v 0.068843 0.033453 0.072496
v 0.069749 0.010544 0.068312
v 0.063580 0.045541 0.000503
v 0.061726 0.041275 0.000639
v 0.063459 0.037961 0.000313
v 0.064503 0.042963 0.000569
v 0.064626 0.053954 0.004728
v 0.064681 0.052900 0.001185
v 0.065739 0.053106 0.001422
v 0.066733 0.053085 0.002332
v 0.066322 0.052325 0.001760
v 0.065832 0.054141 0.004771
v 0.066497 0.053744 0.003258
v 0.066869 0.052964 0.003364
v 0.066136 0.053981 0.006092
v 0.064997 0.046611 0.001024
v 0.066594 0.050086 0.002559
v 0.066411 0.046028 0.002350
v 0.066635 0.040193 0.003297
v 0.067044 0.046270 0.008699
v 0.066875 0.052892 0.005584
v 0.066608 0.053751 0.009072
v 0.067050 0.052664 0.015135
v 0.064876 0.054527 0.011040
v 0.065910 0.054331 0.011284
v 0.066860 0.053494 0.015842
v 0.061476 0.034440 0.000494
v 0.063083 0.028413 0.000487
v 0.063940 0.037028 0.000528
v 0.064916 0.041256 0.001329
v 0.064038 0.032575 0.001164
v 0.066190 0.039535 0.002160
v 0.066072 0.032409 0.002128
v 0.066627 0.023710 0.003520
v 0.063409 0.022772 0.001360
v 0.065273 0.026129 0.001729
v 0.066245 0.021014 0.002483
v 0.061313 0.013541 0.000391
v 0.062094 0.017203 0.000597
v 0.062238 0.012883 0.001012
v 0.062676 0.015034 0.001402
v 0.061353 0.009778 0.000385
v 0.062511 0.010467 0.001503
v 0.061981 0.007004 0.001522
v 0.063131 0.012796 0.001475
v 0.060993 0.005020 0.000274
v 0.061515 0.005417 0.001302
v 0.064943 0.007633 0.001678
v 0.061957 0.000407 0.001735
v 0.062243 0.021628 0.000644
v 0.065658 0.018224 0.001903
v 0.063079 0.017110 0.001354
v 0.065284 0.015390 0.001735
v 0.066549 0.011257 0.003300
v 0.066190 0.002201 0.002600
v 0.066777 -0.000283 0.004012
v 0.067547 0.006698 0.011360
v 0.067648 0.027077 0.012351
v 0.068172 0.032615 0.024189
v 0.068581 0.011586 0.026044
v 0.059827 -0.000133 0.000043
v 0.060496 -0.000417 0.000169
v 0.061256 -0.000617 0.001598
v 0.059979 -0.005766 0.000137
v 0.060110 -0.004033 0.000276
v 0.060585 -0.003579 0.001382
v 0.061048 -0.006481 0.001860
v 0.059712 -0.008171 0.000086
v 0.061364 -0.009630 0.001856
v 0.063945 -0.006170 0.001762
v 0.060710 -0.011550 0.001162
v 0.061846 -0.011360 0.001730
v 0.061676 -0.013737 0.001709
v 0.065143 -0.002693 0.001965
v 0.066515 -0.008018 0.003584
v 0.065948 -0.008111 0.002460
v 0.066242 -0.014997 0.002921
v 0.067354 -0.020578 0.010926
v 0.068308 -0.014264 0.021475
v 0.066355 -0.021543 0.003509
v 0.066775 -0.039425 0.007133
v 0.069096 -0.007094 0.035962
v 0.068778 -0.023536 0.033253
v 0.069597 -0.015348 0.053179
v 0.069562 0.001873 0.051578
v 0.068897 -0.026460 0.040446
v 0.069970 -0.008420 0.066138
v -0.011404 -0.048252 0.000980
v -0.012846 -0.055222 0.001583
v -0.012250 -0.056061 0.002097
v -0.008558 -0.056654 0.003813
v -0.008066 -0.055635 0.001649
v -0.007169 -0.056386 0.002625
v -0.015069 -0.058033 0.020938
v -0.001172 -0.058216 0.023948
v 0.009305 -0.049390 0.000867
v 0.007693 -0.055424 0.001438
v -0.003276 -0.055412 0.001556
v 0.002961 -0.055918 0.001683
v -0.001559 -0.056246 0.002231
v 0.005987 -0.056642 0.003348
v 0.011644 -0.056114 0.001840
v -0.017228 -0.058263 0.029084
v -0.014965 -0.058286 0.035086
v 0.006195 -0.058471 0.038198
v 0.018539 -0.058403 0.033816
v 0.029612 -0.046869 0.000574
v 0.026540 -0.055266 0.001178
v 0.017723 -0.056556 0.002642
v 0.018348 -0.055797 0.001425
v 0.021005 -0.057015 0.005813
v 0.027508 -0.056036 0.001612
v 0.031468 -0.056635 0.002902
v 0.035833 -0.055876 0.001261
v 0.043664 -0.054698 0.000889
v 0.026881 -0.057618 0.011257
v 0.018532 -0.057486 0.010348
v 0.018838 -0.057488 0.010378
v 0.030417 -0.058149 0.021036
v 0.027993 -0.058382 0.036183
v 0.040972 -0.044571 0.000520
v 0.043904 -0.057337 0.008197
v 0.045096 -0.055902 0.001299
v 0.045873 -0.056543 0.002338
v 0.048051 -0.056990 0.006385
v 0.050625 -0.056829 0.003341
v 0.050721 -0.057261 0.008107
v 0.046838 -0.057771 0.024489
v 0.044466 -0.057832 0.017317
v 0.048918 -0.057580 0.014807
v 0.058547 -0.047048 0.000727
v 0.052728 -0.055463 0.000923
v 0.057336 -0.054635 0.000922
v 0.063354 -0.044999 0.000874
v 0.063194 -0.049619 0.000721
v 0.063318 -0.055354 0.001025
v 0.063913 -0.049880 0.000960
v 0.064701 -0.055778 0.001420
v 0.064621 -0.051409 0.001846
v 0.062079 -0.040966 0.000706
v 0.062786 -0.037988 0.000864
v 0.063724 -0.038958 0.001760
v 0.063142 -0.041273 0.000979
v 0.064058 -0.044692 0.001837
v 0.065538 -0.044755 0.002487
v 0.066007 -0.041079 0.002983
v 0.066059 -0.048592 0.003286
v 0.066624 -0.046669 0.007161
v 0.066464 -0.050373 0.007026
v 0.065579 -0.053062 0.002532
v 0.066017 -0.053464 0.003553
v 0.066031 -0.055636 0.006566
v 0.066957 -0.049373 0.015919
v 0.054907 -0.056368 0.001642
v 0.057521 -0.055928 0.001142
v 0.060456 -0.056931 0.006676
v 0.063589 -0.056782 0.002374
v 0.060669 -0.056394 0.001618
v 0.064007 -0.056337 0.001437
v 0.065676 -0.055689 0.002742
v 0.064965 -0.056652 0.002548
v 0.054322 -0.057374 0.012498
v 0.060029 -0.056991 0.013282
v 0.058000 -0.057210 0.016310
v 0.059661 -0.057143 0.014452
v 0.064904 -0.056544 0.006215
v 0.061813 -0.056920 0.011470
v 0.065113 -0.056506 0.010376
v 0.064107 -0.056717 0.012356
v 0.062137 -0.056911 0.015374
v 0.066428 -0.054716 0.010474
v -0.006739 -0.058417 0.044132
v 0.011708 -0.058433 0.041549
v -0.012583 -0.058228 0.044174
v 0.001940 -0.058467 0.046175
v -0.003627 -0.058388 0.052153
v 0.000459 -0.058496 0.054398
v 0.003294 -0.058482 0.054728
v 0.011025 -0.058499 0.048265
v 0.010310 -0.058627 0.045911
v 0.006649 -0.058498 0.050979
v 0.023302 -0.058477 0.049313
v -0.001482 -0.058378 0.064452
v 0.003512 -0.058674 0.057525
v 0.004524 -0.058452 0.063472
v -0.006162 -0.058384 0.067551
v -0.009804 -0.058195 0.068529
v -0.002764 -0.058406 0.067561
v -0.003705 -0.058425 0.071810
v 0.001753 -0.058329 0.074890
v 0.003873 -0.058365 0.068994
v 0.001211 -0.058499 0.070845
v 0.007356 -0.058435 0.061549
v 0.007916 -0.058370 0.055285
v 0.012603 -0.058538 0.060341
v 0.017429 -0.058518 0.053016
v 0.013794 -0.058484 0.072422
v 0.021557 -0.058406 0.072151
v 0.025463 -0.058401 0.063249
v 0.041768 -0.058029 0.044486
v 0.034553 -0.058238 0.049474
v 0.055818 -0.057124 0.036636
v 0.055215 -0.057307 0.024799
v 0.055895 -0.056918 0.055337
v 0.029293 -0.058328 0.049287
v 0.034507 -0.058156 0.069192
v 0.051017 -0.057182 0.071473
v -0.000122 -0.058237 0.095549
v 0.009669 -0.058084 0.095845
v 0.022946 -0.058272 0.087120
v 0.011032 -0.058238 0.090776
v 0.013839 -0.057837 0.121146
v 0.014157 -0.057990 0.114278
v 0.013660 -0.058303 0.094178
v 0.027754 -0.058050 0.090838
v 0.031536 -0.057976 0.096499
v 0.027878 -0.057851 0.110728
v 0.027753 -0.057976 0.101243
v 0.030971 -0.057912 0.101635
v 0.035775 -0.057982 0.099471
v 0.070201 -0.011193 0.079199
v 0.070153 -0.016361 0.074953
v 0.070095 -0.025828 0.088143
v 0.069879 -0.027038 0.079127
v 0.069643 -0.034255 0.082263
v 0.069960 -0.027565 0.084484
v 0.069585 -0.032804 0.080333
v 0.069693 -0.031737 0.084519
v 0.069386 -0.036310 0.086352
v 0.069238 -0.038995 0.087593
v 0.068696 -0.042923 0.080068
v 0.043888 -0.057502 0.090817
v 0.064570 -0.055699 0.071410
v 0.036837 -0.057850 0.096736
v 0.038791 -0.057643 0.100435
v 0.063019 -0.055725 0.082628
v 0.065952 -0.055256 0.081000
v 0.061024 -0.055852 0.097721
v 0.067236 -0.054321 0.083680
v 0.067262 -0.054442 0.080629
v 0.067257 -0.054457 0.085541
v 0.068753 -0.044169 0.096676
v 0.067330 -0.054210 0.089144
v 0.066012 -0.055050 0.097616
v 0.067066 -0.054629 0.087674
v 0.067331 -0.054462 0.092394
v 0.067811 -0.038542 0.018957
v 0.066564 -0.054829 0.020045
v 0.068228 -0.038302 0.034451
v 0.062200 -0.056693 0.018657
v 0.063648 -0.056589 0.021953
v 0.063066 -0.056559 0.014193
v 0.064448 -0.056601 0.016257
v 0.065850 -0.055818 0.019628
v 0.064976 -0.056316 0.025104
v 0.066557 -0.054903 0.026587
v 0.063402 -0.056493 0.030367
v 0.063342 -0.056607 0.027297
v 0.064345 -0.056315 0.033546
v 0.065789 -0.055787 0.027460
v 0.065569 -0.055883 0.033734
v 0.066468 -0.055096 0.033858
v 0.066819 -0.054448 0.033784
v 0.069318 -0.028931 0.051716
v 0.068230 -0.042195 0.042883
v 0.065020 -0.056094 0.039489
v 0.064801 -0.055931 0.052360
v 0.065825 -0.055706 0.042893
v 0.066814 -0.054659 0.046171
v 0.066846 -0.054508 0.041297
v 0.066812 -0.054875 0.037295
v 0.066180 -0.055327 0.048670
v 0.068382 -0.042598 0.055914
v 0.066904 -0.054404 0.050073
v 0.065327 -0.055746 0.054562
v 0.066941 -0.054660 0.053931
v 0.069798 -0.021467 0.061640
v 0.069261 -0.033199 0.066097
v 0.067043 -0.054262 0.061047
v 0.068639 -0.041834 0.064013
v 0.067090 -0.054504 0.069994
v 0.069762 -0.024911 0.070304
v 0.069523 -0.034005 0.075052
v 0.066454 -0.055050 0.059855
v 0.065266 -0.055667 0.062309
v 0.067097 -0.054448 0.064501
v 0.066478 -0.055064 0.069901
v 0.067217 -0.054352 0.076868
v -0.065140 0.054857 0.113969
v -0.065573 0.054362 0.121241
v -0.066149 0.051686 0.128144
v -0.064489 0.055144 0.119627
v -0.065634 0.054134 0.126809
v -0.065557 0.054391 0.132214
v -0.060707 0.055751 0.131251
v -0.054664 0.056447 0.130161
v -0.064961 0.055038 0.128593
v -0.064444 0.055238 0.132310
v -0.068551 0.026590 0.119283
v -0.066318 0.049216 0.146151
v -0.066993 0.042084 0.151232
v -0.067954 0.027850 0.145733
v -0.065072 0.054933 0.142965
v -0.064179 0.055430 0.142968
v -0.065647 0.053819 0.142058
v -0.065331 0.054613 0.153296
v -0.064377 0.055400 0.152099
v -0.058095 0.056552 0.158157
v -0.067198 0.037809 0.155756
v -0.067557 0.028996 0.157412
v -0.067332 0.035617 0.159508
v -0.066885 0.039716 0.163622
v -0.067641 0.020198 0.160436
v -0.067376 0.031228 0.163489
v -0.067378 0.029022 0.164905
v -0.065170 0.054827 0.157080
v -0.065855 0.050641 0.162551
v -0.064347 0.055547 0.160169
v -0.065281 0.054412 0.162977
v -0.065019 0.054996 0.167560
v -0.065787 0.049835 0.170682
v -0.064144 0.055734 0.171261
v -0.065190 0.054504 0.167284
v -0.064833 0.055089 0.178300
v -0.059662 0.056828 0.173699
v -0.050528 0.057627 0.165086
v -0.067193 0.034457 0.165099
v -0.066900 0.037743 0.166850
v -0.066630 0.038115 0.170587
v -0.066759 0.039262 0.170644
v -0.067298 0.031383 0.166361
v -0.067092 0.030615 0.165484
v -0.066811 0.032176 0.173542
v -0.067097 0.025028 0.169311
v -0.067270 0.030127 0.167663
v -0.066945 0.030807 0.169301
v -0.066653 0.028430 0.174477
v -0.066621 0.040467 0.173169
v -0.066178 0.045790 0.173758
v -0.066651 0.037395 0.173046
v -0.066148 0.042790 0.179305
v -0.065787 0.029975 0.180034
v -0.036666 0.057024 0.109220
v -0.029447 0.056418 0.095534
v -0.031354 0.057752 0.133119
v -0.020297 0.056183 0.093628
v -0.022080 0.056705 0.101507
v -0.014101 0.056581 0.097986
v -0.010227 0.056552 0.100297
v -0.008394 0.056045 0.092549
v 0.002585 0.055460 0.085611
v -0.003423 0.056258 0.097710
v 0.007563 0.056158 0.095200
v -0.018633 0.057386 0.115912
v 0.003423 0.056779 0.104826
v 0.002168 0.056614 0.100065
v -0.008745 0.057871 0.133564
v 0.014818 0.056908 0.109425
v 0.011273 0.056312 0.100254
v -0.042209 0.057713 0.144778
v -0.027899 0.058287 0.155231
v -0.039339 0.058303 0.165905
v -0.017454 0.058251 0.164184
v 0.025394 0.057211 0.131829
v 0.007791 0.057826 0.144637
v 0.004288 0.057967 0.160573
v 0.027453 0.057450 0.152936
v -0.064114 0.055909 0.181142
v -0.062081 0.056453 0.178725
v -0.065714 0.049445 0.181515
v -0.060364 0.056804 0.183202
v -0.063746 0.055930 0.183490
v -0.064969 0.054934 0.183807
v -0.063892 0.052999 0.184644
v -0.064759 0.044869 0.184115
v -0.057273 0.057869 0.183830
v -0.056400 0.057622 0.181394
v -0.049769 0.058160 0.181930
v -0.063232 0.057138 0.185425
v -0.061763 0.056580 0.183990
v -0.063928 0.056343 0.184965
v -0.061889 0.056974 0.184812
v -0.061801 0.056778 0.185715
v -0.060673 0.057334 0.184976
v -0.064403 0.055569 0.184360
v -0.063776 0.056258 0.185757
v -0.063321 0.054614 0.185968
v -0.063446 0.051511 0.185678
v -0.061725 0.043415 0.185851
v -0.063306 0.056136 0.186022
v -0.054313 0.055989 0.185745
v -0.057085 0.057633 0.184630
v -0.055136 0.056891 0.185390
v -0.051023 0.050452 0.185964
v -0.051071 0.057848 0.184332
v -0.046811 0.057935 0.183867
v -0.032668 0.057090 0.184633
v -0.021887 0.055488 0.185435
v -0.063653 0.045811 0.184731
v -0.063613 0.039078 0.184828
v -0.062998 0.041681 0.185587
v -0.063142 0.047727 0.185627
v -0.062317 0.042394 0.185838
v -0.064784 0.031516 0.184263
v -0.064407 0.027202 0.184650
v -0.063202 0.030392 0.185059
v -0.062414 0.032461 0.185792
v -0.062684 0.038704 0.185792
v -0.050891 0.030470 0.186423
v -0.030799 0.058133 0.177700
v -0.041771 0.057940 0.183291
v -0.039745 0.053838 0.185796
v -0.021295 0.057090 0.184083
v -0.040239 0.041385 0.186609
v -0.027997 0.021427 0.187550
v -0.021308 0.039449 0.186913
v -0.016850 0.048429 0.186213
v -0.009308 0.057531 0.177989
v -0.004524 0.057812 0.171051
v 0.005832 0.056032 0.184486
v 0.007028 0.056433 0.183350
v 0.018088 0.057027 0.176241
v 0.030405 0.057076 0.170301
v 0.026241 0.054280 0.185292
v 0.011106 0.046286 0.186282
v -0.004501 0.028486 0.187359
v 0.009307 0.027570 0.187258
v 0.033953 0.055818 0.183165
v 0.031188 0.055400 0.184349
v 0.018473 0.034777 0.186881
v 0.043858 0.046356 0.185838
v -0.068291 -0.019786 0.140885
v -0.068288 -0.001897 0.147155
v -0.067902 0.015164 0.156305
v -0.067840 0.009097 0.157404
v -0.067808 -0.009459 0.157163
v -0.067535 -0.040495 0.148473
v -0.067833 -0.025126 0.153013
v -0.067777 -0.016391 0.157628
v -0.067666 -0.022587 0.157509
v -0.067788 -0.024373 0.157906
v -0.067708 -0.021758 0.158184
v -0.067624 -0.019356 0.158969
v -0.067457 -0.022233 0.161655
v -0.067485 -0.023732 0.158964
v -0.067485 -0.025161 0.161771
v -0.067618 -0.027100 0.157534
v -0.067509 -0.030538 0.158400
v -0.067479 -0.034586 0.158713
v -0.067344 -0.039384 0.157684
v -0.067486 -0.025505 0.158689
v -0.067595 -0.028102 0.160423
v -0.067381 -0.031081 0.161372
v -0.067174 -0.039029 0.163700
v -0.067056 -0.044405 0.160402
v -0.066528 -0.053478 0.161937
v -0.067276 -0.036439 0.158737
v -0.067278 -0.038761 0.161276
v -0.067829 0.004319 0.157020
v -0.067626 0.003845 0.161454
v -0.067433 0.006459 0.164171
v -0.067723 0.014785 0.160834
v -0.067307 0.014464 0.166654
v -0.067655 0.011284 0.161342
v -0.067063 0.010139 0.169171
v -0.067868 -0.000207 0.155598
v -0.067978 0.002730 0.157160
v -0.067799 -0.000223 0.158049
v -0.067838 -0.004768 0.157991
v -0.067677 -0.002639 0.158862
v -0.067797 0.002910 0.158827
v -0.067650 -0.001132 0.161284
v -0.067851 -0.003600 0.159686
v -0.067606 -0.003768 0.161031
v -0.067561 -0.005817 0.161910
v -0.067326 0.000069 0.165109
v -0.067670 -0.007193 0.159360
v -0.067566 -0.008171 0.162035
v -0.067923 -0.008477 0.160071
v -0.067568 -0.009407 0.161545
v -0.067516 -0.014390 0.161914
v -0.067291 -0.006335 0.165450
v -0.067104 -0.011015 0.167231
v -0.067313 -0.008773 0.165959
v -0.066935 0.003113 0.170195
v -0.067011 0.005242 0.168451
v -0.067064 -0.002343 0.168694
v -0.067006 -0.007466 0.169252
v -0.065921 -0.006762 0.178429
v -0.067198 -0.005955 0.168126
v -0.066983 -0.004305 0.168706
v -0.066101 0.013232 0.177621
v -0.064860 0.006236 0.184545
v -0.064512 -0.008230 0.185094
v -0.061481 0.019458 0.186260
v -0.061950 0.009475 0.185471
v -0.060985 0.008934 0.186738
v -0.061352 -0.001276 0.185567
v -0.060764 0.002214 0.186702
v -0.061442 -0.006371 0.185586
v -0.061090 -0.004934 0.185877
v -0.060520 -0.005642 0.187016
v -0.059844 -0.000984 0.187063
v -0.060277 -0.008537 0.187282
v -0.067602 -0.016604 0.158467
v -0.067479 -0.018570 0.162300
v -0.067723 -0.016555 0.159859
v -0.067592 -0.019438 0.160858
v -0.067153 -0.019734 0.167443
v -0.066860 -0.014658 0.170833
v -0.067054 -0.031797 0.168505
v -0.066194 -0.027611 0.177518
v -0.066171 -0.041553 0.178183
v -0.066281 -0.053066 0.176292
v -0.065124 -0.028447 0.184740
v -0.065305 -0.042740 0.184365
v -0.065944 -0.048058 0.180549
v -0.063049 -0.027003 0.185686
v -0.061927 -0.012238 0.185647
v -0.060977 -0.015990 0.186420
v -0.061231 -0.018533 0.186315
v -0.061830 -0.026161 0.186439
v -0.061068 -0.010433 0.186252
v -0.060233 -0.013641 0.187410
v -0.035432 0.000297 0.188098
v -0.059514 -0.016156 0.187593
v -0.060286 -0.016808 0.186544
v -0.056727 -0.018503 0.186602
v -0.052605 -0.018371 0.187863
v -0.064893 -0.036728 0.185273
v -0.063722 -0.038529 0.185918
v -0.062505 -0.034350 0.186617
v -0.053889 -0.035655 0.187009
v -0.063217 -0.042396 0.187000
v -0.065157 -0.045746 0.185128
v -0.064246 -0.045905 0.185933
v -0.063636 -0.045748 0.186991
v -0.063261 -0.049183 0.187337
v -0.066267 -0.054390 0.163768
v -0.066274 -0.054514 0.152328
v -0.065305 -0.055086 0.148415
v -0.065151 -0.054881 0.169860
v -0.065979 -0.054447 0.169268
v -0.066023 -0.054323 0.175746
v -0.065997 -0.053179 0.181483
v -0.065992 -0.054175 0.180663
v -0.065094 -0.054910 0.179928
v -0.058881 -0.055199 0.171381
v -0.065320 -0.054608 0.185706
v -0.064844 -0.054994 0.184882
v -0.059595 -0.054937 0.185518
v -0.064633 -0.052077 0.185866
v -0.064013 -0.050884 0.187188
v -0.065093 -0.051580 0.185273
v -0.065496 -0.053254 0.185143
v -0.064885 -0.054071 0.186269
v -0.064096 -0.053932 0.187379
v -0.055183 -0.053766 0.187281
v -0.063696 -0.054488 0.187041
v -0.057338 -0.054492 0.186860
v -0.016873 -0.057067 0.138428
v -0.005281 -0.057435 0.129844
v -0.007079 -0.057427 0.133677
v -0.003427 -0.057614 0.125287
v 0.003782 -0.057342 0.141320
v -0.033198 -0.056350 0.158812
v -0.004497 -0.056935 0.154107
v -0.007120 -0.057173 0.142950
v -0.051964 -0.019636 0.186971
v -0.050615 -0.020981 0.186882
v -0.045150 -0.019724 0.188117
v -0.046454 -0.020950 0.187068
v -0.041499 -0.021315 0.187235
v -0.036031 -0.019974 0.188216
v -0.032641 -0.020902 0.187424
v -0.046573 -0.044641 0.187424
v -0.020482 -0.035023 0.187648
v -0.028352 -0.045484 0.187428
v -0.026019 -0.018351 0.188228
v 0.006265 -0.056745 0.162119
v 0.012755 -0.056809 0.160535
v 0.011114 -0.045627 0.186982
v -0.047830 -0.055352 0.179272
v -0.020025 -0.055986 0.174322
v -0.025079 -0.055060 0.185188
v -0.044777 -0.054334 0.186807
v -0.042933 -0.053650 0.187158
v -0.026117 -0.053813 0.186724
v -0.015244 -0.054847 0.185832
v 0.004000 -0.055858 0.177085
v 0.012581 -0.056031 0.174839
v -0.005080 -0.053825 0.186387
v 0.006252 -0.054671 0.185663
v 0.009147 -0.053507 0.186275
v 0.012745 -0.054924 0.184988
v 0.014550 -0.055636 0.180776
v 0.013460 -0.054822 0.185452
v 0.015708 -0.054944 0.184962
v 0.015855 -0.055946 0.176407
v 0.014856 -0.055120 0.185128
v 0.015962 -0.054387 0.185803
v 0.019063 -0.052926 0.186205
v -0.062512 0.023491 0.185195
v -0.062072 0.027612 0.185713
v -0.061018 0.027854 0.185945
v -0.056975 0.015388 0.186797
v -0.004967 0.014327 0.187857
v -0.002358 -0.001750 0.188193
v -0.024959 -0.019364 0.187505
v -0.016670 -0.015056 0.188215
v -0.011702 -0.012328 0.188227
v -0.016626 -0.016577 0.187499
v -0.008658 -0.012059 0.188234
v 0.014421 0.011519 0.187775
v 0.016684 -0.004390 0.188086
v 0.014366 0.019244 0.187509
v 0.017818 0.027615 0.187053
v 0.027857 0.026701 0.187013
v 0.020674 0.021253 0.187284
v 0.027361 0.013139 0.187460
v 0.024967 0.001827 0.187861
v -0.010920 -0.013443 0.187437
v -0.008440 -0.013521 0.187438
v -0.006617 -0.014759 0.187473
v -0.006538 -0.013088 0.188216
v -0.001761 -0.019789 0.187487
v -0.001663 -0.018160 0.188149
v 0.006099 -0.025475 0.187489
v 0.008504 -0.025142 0.188081
v 0.015093 -0.029011 0.187362
v 0.016556 -0.027796 0.188020
v 0.027972 -0.028530 0.187845
v 0.022839 -0.028709 0.187933
v 0.017448 -0.036843 0.187241
v 0.023032 -0.030069 0.187209
v 0.016159 0.054618 0.076354
v 0.019079 0.054859 0.075521
v 0.021004 0.054982 0.079286
v 0.016128 0.055284 0.086662
v 0.015739 0.055979 0.093409
v 0.017375 0.055380 0.084912
v 0.019579 0.055523 0.085210
v 0.017400 0.055832 0.091093
v 0.022757 0.055584 0.087148
v 0.019481 0.055963 0.091818
v 0.025943 0.054735 0.075173
v 0.034320 0.054427 0.071032
v 0.036312 0.054652 0.073031
v 0.033795 0.055102 0.078966
v 0.034690 0.054699 0.076044
v 0.041753 0.054888 0.075606
v 0.032364 0.055967 0.094417
v 0.035096 0.055158 0.083957
v 0.036490 0.055089 0.079797
v 0.041360 0.055425 0.084873
v 0.016634 0.056289 0.098875
v 0.019850 0.056531 0.102484
v 0.027134 0.056414 0.103019
v 0.036313 0.055771 0.091542
v 0.034916 0.055706 0.092030
v 0.040795 0.055846 0.093443
v 0.043704 0.055219 0.082693
v 0.048578 0.055524 0.090922
v 0.038178 0.056225 0.102638
v 0.043621 0.056023 0.103300
v 0.045409 0.054645 0.070401
v 0.057141 0.054978 0.082616
v 0.066318 0.054478 0.067763
v 0.067046 0.053930 0.065002
v 0.066396 0.054370 0.070230
v 0.067455 0.053530 0.075606
v 0.066331 0.054387 0.074876
v 0.067686 0.052619 0.076996
v 0.067789 0.049076 0.079660
v 0.068330 0.042005 0.095211
v 0.068901 0.033398 0.085681
v 0.057365 0.055354 0.095743
v 0.065984 0.054654 0.083117
v 0.066953 0.054252 0.080970
v 0.067436 0.053624 0.081254
v 0.066019 0.054830 0.092004
v 0.066924 0.054395 0.088198
v 0.067056 0.053974 0.083414
v 0.067251 0.053916 0.084943
v 0.067486 0.052732 0.084783
v 0.067493 0.053187 0.087055
v 0.067151 0.054248 0.093442
v 0.067416 0.053021 0.096596
v 0.067582 0.050448 0.092383
v 0.068740 0.035447 0.088639
v 0.067123 0.054332 0.099935
v 0.069626 0.021968 0.097587
v 0.069746 0.015663 0.080834
v 0.069808 0.016478 0.088184
v 0.070163 -0.001347 0.081805
v 0.070233 -0.007420 0.079891
v 0.070388 -0.008082 0.080683
v 0.070237 -0.004968 0.086295
v 0.070303 -0.005845 0.083616
v 0.070272 -0.010535 0.082667
v 0.070296 -0.003857 0.089344
v 0.070405 -0.005744 0.087910
v 0.070476 -0.005458 0.101752
v 0.069172 0.030701 0.087777
v 0.069173 0.031822 0.127354
v 0.070194 0.007254 0.101014
v 0.070141 0.012069 0.121946
v 0.032213 0.056725 0.116433
v 0.051807 0.055884 0.110181
v 0.053491 0.055878 0.126442
v 0.049727 0.056460 0.143687
v 0.066217 0.054880 0.101849
v 0.066065 0.054989 0.113714
v 0.066962 0.054570 0.109942
v 0.067181 0.054284 0.105723
v 0.067443 0.053467 0.114072
v 0.067176 0.054453 0.117638
v 0.067746 0.049007 0.130141
v 0.066561 0.055011 0.122781
v 0.067396 0.053844 0.123523
v 0.066222 0.055070 0.126402
v 0.067270 0.054309 0.127037
v 0.066400 0.055154 0.135645
v 0.067207 0.054628 0.130819
v 0.067482 0.053253 0.131703
v 0.067381 0.054323 0.136423
v 0.068675 0.039501 0.145061
v 0.069945 0.015566 0.142955
v 0.069433 0.028195 0.144667
v 0.069431 0.028117 0.154601
v 0.070200 0.005701 0.134091
v 0.040683 0.056992 0.161054
v 0.049137 0.056662 0.159329
v 0.059914 0.056207 0.156848
v 0.055108 0.056353 0.163086
v 0.038080 0.056795 0.170653
v 0.041779 0.056774 0.168607
v 0.042168 0.056860 0.165264
v 0.044079 0.056660 0.168131
v 0.042313 0.056683 0.166453
v 0.041563 0.056396 0.175835
v 0.043090 0.056705 0.172243
v 0.042506 0.056593 0.170476
v 0.047486 0.056540 0.169283
v 0.034220 0.056535 0.177189
v 0.035025 0.056511 0.175543
v 0.037925 0.056495 0.175971
v 0.039492 0.056549 0.176463
v 0.039619 0.056267 0.179247
v 0.041860 0.056021 0.179286
v 0.044896 0.056350 0.174698
v 0.043824 0.056143 0.179053
v 0.042258 0.055587 0.183139
v 0.045472 0.056034 0.179671
v 0.047389 0.056193 0.176808
v 0.035488 0.036402 0.186439
v 0.048241 0.056596 0.164870
v 0.048882 0.056700 0.166275
v 0.050419 0.056460 0.167031
v 0.050470 0.056659 0.165357
v 0.051747 0.056457 0.165379
v 0.055033 0.056388 0.166805
v 0.049608 0.056519 0.170254
v 0.051024 0.056371 0.169806
v 0.056034 0.056165 0.170343
v 0.061181 0.055940 0.167815
v 0.064213 0.055847 0.164132
v 0.047099 0.056566 0.172804
v 0.049024 0.056254 0.173182
v 0.051857 0.056340 0.171945
v 0.049857 0.056355 0.174786
v 0.050238 0.056103 0.176578
v 0.052230 0.056165 0.173403
v 0.055440 0.056051 0.171912
v 0.051752 0.055946 0.178057
v 0.054360 0.056155 0.174593
v 0.054053 0.055981 0.177857
v 0.049516 0.056068 0.178285
v 0.050669 0.056234 0.178194
v 0.050458 0.055354 0.183289
v 0.055722 0.056205 0.173488
v 0.057266 0.055877 0.175428
v 0.055362 0.055826 0.177015
v 0.056986 0.055788 0.179165
v 0.058661 0.055896 0.172761
v 0.062788 0.055705 0.171687
v 0.064143 0.055797 0.170221
v 0.060214 0.055954 0.173065
v 0.058911 0.055911 0.176302
v 0.060285 0.055742 0.176409
v 0.064869 0.055579 0.175433
v 0.063768 0.055237 0.183168
v 0.048967 0.028678 0.186191
v 0.063355 0.025292 0.185499
v 0.063856 0.031200 0.185235
v 0.066157 0.055309 0.146112
v 0.067130 0.054775 0.142270
v 0.067519 0.053803 0.146437
v 0.066943 0.054968 0.149264
v 0.067334 0.054485 0.157773
v 0.066627 0.055217 0.159196
v 0.067559 0.052915 0.152557
v 0.067791 0.049592 0.159033
v 0.068637 0.040956 0.160270
v 0.069742 0.012201 0.158610
v 0.068890 0.036483 0.166959
v 0.069225 0.023381 0.166494
v 0.067615 0.053668 0.162686
v 0.067370 0.054884 0.174055
v 0.068072 0.048650 0.167684
v 0.067728 0.053572 0.170558
v 0.066706 0.055410 0.171522
v 0.067761 0.053541 0.176772
v 0.066692 0.055404 0.175869
v 0.068062 0.045819 0.176132
v 0.068427 0.034628 0.174936
v 0.068489 0.021162 0.175756
v 0.067410 0.043013 0.182161
v 0.067235 0.033998 0.183051
v 0.067317 0.017785 0.182999
v 0.066690 0.028889 0.183882
v 0.064964 0.031584 0.184359
v 0.063800 0.018915 0.184611
v 0.050296 0.054933 0.184406
v 0.053457 0.053944 0.184991
v 0.055617 0.053116 0.185115
v 0.054434 0.055090 0.183990
v 0.060061 0.054638 0.184421
v 0.066804 0.055326 0.180811
v 0.066524 0.055083 0.183703
v 0.066414 0.054714 0.184339
v 0.065837 0.050492 0.184875
v 0.065904 0.053022 0.184749
v 0.067477 0.054781 0.181529
v 0.067276 0.054787 0.183588
v 0.067196 0.052518 0.183164
v 0.066630 0.053474 0.184315
v 0.067420 0.054377 0.183638
v 0.065332 0.045924 0.184927
v 0.067138 0.048596 0.183288
v 0.064586 0.037658 0.185016
v 0.065885 0.041701 0.184194
v 0.067563 0.051357 0.180303
v 0.067004 0.039781 0.183543
v 0.044599 -0.057053 0.123059
v 0.028023 -0.057575 0.125651
v 0.035094 -0.057436 0.126027
v 0.014239 -0.057350 0.145235
v 0.018397 -0.057311 0.144892
v 0.028356 -0.057433 0.133686
v 0.027227 -0.057131 0.150208
v 0.028471 -0.057122 0.143730
v 0.030929 -0.057195 0.144604
v 0.035266 -0.057226 0.137636
v 0.043110 -0.056864 0.140429
v 0.070137 -0.016706 0.085696
v 0.070104 -0.018358 0.081071
v 0.070320 -0.012110 0.088284
v 0.070307 -0.018960 0.090182
v 0.070312 -0.021238 0.097349
v 0.069663 -0.029267 0.085042
v 0.069883 -0.027977 0.088471
v 0.069964 -0.030581 0.086786
v 0.069987 -0.029181 0.087907
v 0.069709 -0.033229 0.085868
v 0.069526 -0.034307 0.091281
v 0.069381 -0.036597 0.090724
v 0.070082 -0.029158 0.090852
v 0.069902 -0.028053 0.093783
v 0.069841 -0.031083 0.092966
v 0.070231 -0.029218 0.093639
v 0.069380 -0.039153 0.091243
v 0.069050 -0.040349 0.089675
v 0.069227 -0.039679 0.093134
v 0.069733 -0.034402 0.096247
v 0.069163 -0.038521 0.093039
v 0.069339 -0.039102 0.095382
v 0.070109 -0.026700 0.098495
v 0.070010 -0.029645 0.097540
v 0.069817 -0.034067 0.105120
v 0.069431 -0.036946 0.096495
v 0.069553 -0.037364 0.097605
v 0.070482 -0.018302 0.108243
v 0.070430 -0.021990 0.120988
v 0.069615 -0.037697 0.121594
v 0.052952 -0.056498 0.118797
v 0.066991 -0.054663 0.094902
v 0.067394 -0.054208 0.096358
v 0.067229 -0.054536 0.101371
v 0.067540 -0.053908 0.104857
v 0.063330 -0.055346 0.112540
v 0.067463 -0.054315 0.107664
v 0.066425 -0.054786 0.114907
v 0.067267 -0.054456 0.111600
v 0.053693 -0.056162 0.137950
v 0.061341 -0.055383 0.137743
v 0.068741 -0.046320 0.136626
v 0.067594 -0.054179 0.117328
v 0.065004 -0.054990 0.126580
v 0.066916 -0.054593 0.123124
v 0.067681 -0.054014 0.121482
v 0.067680 -0.054015 0.126135
v 0.067410 -0.054233 0.130618
v 0.067751 -0.053849 0.131819
v 0.017969 -0.057052 0.153461
v 0.015579 -0.056805 0.162454
v 0.027742 -0.056525 0.166930
v 0.028580 -0.056437 0.166583
v 0.028666 -0.056943 0.153840
v 0.034640 -0.056944 0.151232
v 0.042924 -0.056729 0.149520
v 0.037724 -0.056954 0.150964
v 0.051977 -0.056148 0.151948
v 0.032104 -0.056678 0.163821
v 0.035339 -0.056904 0.154752
v 0.036227 -0.056866 0.153255
v 0.035817 -0.056712 0.158903
v 0.040058 -0.056728 0.152377
v 0.040237 -0.056511 0.162672
v 0.048036 -0.056231 0.159660
v 0.047489 -0.056366 0.161138
v 0.049567 -0.056108 0.164542
v 0.070415 -0.000784 0.127034
v 0.070469 -0.012284 0.130345
v 0.070305 0.001857 0.137552
v 0.070169 0.001513 0.145836
v 0.070360 -0.024041 0.125338
v 0.070326 -0.023585 0.134641
v 0.070173 -0.025522 0.137216
v 0.070277 -0.019684 0.134645
v 0.070254 -0.012017 0.146248
v 0.070249 -0.019099 0.141387
v 0.070015 0.009225 0.147754
v 0.069965 -0.006131 0.157540
v 0.070164 0.000609 0.150425
v 0.069907 0.004070 0.157107
v 0.070077 -0.019630 0.152249
v 0.069903 -0.019139 0.160202
v 0.069753 -0.025028 0.160942
v 0.070149 -0.024157 0.146025
v 0.064108 -0.054900 0.158784
v 0.065694 -0.054750 0.143980
v 0.057461 -0.055607 0.158525
v 0.069799 -0.034301 0.137673
v 0.069324 -0.039710 0.154049
v 0.067729 -0.054056 0.134669
v 0.066457 -0.054656 0.136168
v 0.067470 -0.054269 0.141032
v 0.067792 -0.053826 0.141692
v 0.067824 -0.053946 0.149219
v 0.068662 -0.046921 0.160060
v 0.066974 -0.054568 0.143693
v 0.066965 -0.054464 0.149280
v 0.067477 -0.054259 0.145893
v 0.067215 -0.054329 0.157093
v 0.069527 -0.035504 0.159131
v 0.069911 -0.026874 0.154909
v 0.069466 -0.035369 0.164963
v 0.056586 -0.055477 0.176074
v 0.068900 -0.044678 0.165773
v 0.068032 -0.053859 0.165069
v 0.066823 -0.054449 0.164769
v 0.067990 -0.053768 0.162375
v 0.066987 -0.054362 0.173964
v 0.067840 -0.053973 0.167914
v 0.068148 -0.053970 0.171729
v 0.068179 -0.053378 0.170533
v 0.067924 -0.053733 0.154164
v 0.067935 -0.053858 0.158037
v 0.014341 -0.056891 0.162785
v 0.014548 -0.056356 0.172487
v 0.028825 -0.055786 0.177224
v 0.031257 -0.055759 0.177882
v 0.024261 -0.054916 0.184980
v 0.027747 -0.055505 0.180259
v 0.021352 -0.054465 0.185744
v 0.028797 -0.054805 0.184866
v 0.032326 -0.054931 0.184743
v 0.044030 -0.055783 0.177407
v 0.064215 -0.054798 0.177638
v 0.038063 0.007127 0.187412
v 0.026790 0.004544 0.187622
v 0.029450 -0.004778 0.187866
v 0.043681 -0.007997 0.187320
v 0.062071 0.016696 0.185990
v 0.063037 0.019359 0.185602
v 0.062288 0.012775 0.186058
v 0.060617 0.000693 0.186282
v 0.059412 -0.013157 0.186320
v 0.061144 0.001708 0.186062
v 0.036026 -0.027297 0.187571
v 0.045148 -0.023945 0.187171
v 0.034762 -0.028932 0.186877
v 0.042435 -0.026719 0.186598
v 0.045443 -0.044757 0.186360
v 0.029661 -0.029707 0.187057
v 0.049778 -0.022979 0.186247
v 0.055769 -0.035836 0.185916
v 0.054817 -0.019653 0.185986
v 0.052751 -0.019249 0.186754
v 0.060670 -0.013279 0.185704
v 0.069450 -0.001519 0.167609
v 0.068348 -0.005863 0.178220
v 0.069376 -0.017805 0.169744
v 0.067058 0.018774 0.183676
v 0.065858 0.007942 0.184352
v 0.062811 0.009982 0.184914
v 0.063288 0.008420 0.184690
v 0.066834 0.009118 0.183924
v 0.067200 0.000728 0.183722
v 0.061877 0.000864 0.184908
v 0.066126 -0.006303 0.184323
v 0.067424 -0.001665 0.183119
v 0.067399 -0.007187 0.183597
v 0.061458 -0.005987 0.185530
v 0.064067 -0.024393 0.184688
v 0.062521 -0.018796 0.185447
v 0.066977 -0.019028 0.184129
v 0.067540 -0.015940 0.183377
v 0.069529 -0.026134 0.166477
v 0.068610 -0.027611 0.177990
v 0.069398 -0.024111 0.169016
v 0.069392 -0.024382 0.169118
v 0.069392 -0.024381 0.169118
v 0.069395 -0.024246 0.169069
v 0.069094 -0.031842 0.173524
v 0.068939 -0.039639 0.174755
v 0.067691 -0.029585 0.183448
v 0.068651 -0.045861 0.174198
v 0.068225 -0.053791 0.175360
v 0.068167 -0.053846 0.179113
v 0.063958 -0.033601 0.185302
v 0.065206 -0.047257 0.185627
v 0.065796 -0.052758 0.185514
v 0.068305 -0.044064 0.180892
v 0.067704 -0.043098 0.183780
v 0.067257 -0.034927 0.184081
v 0.067655 -0.046100 0.183992
v 0.066077 -0.045041 0.184675
v 0.066467 -0.050008 0.184746
v 0.067834 -0.050810 0.183662
v 0.067589 -0.050595 0.184050
v 0.028113 -0.054259 0.185720
v 0.039143 -0.053383 0.185883
v 0.034000 -0.054700 0.185345
v 0.045419 -0.054506 0.185366
v 0.050067 -0.054868 0.184974
v 0.058364 -0.053628 0.185433
v 0.059013 -0.054767 0.185014
v 0.061100 -0.054925 0.184326
v 0.066673 -0.054548 0.182131
v 0.067978 -0.053689 0.181370
v 0.065785 -0.054807 0.184629
v 0.065961 -0.054488 0.185122
v 0.067565 -0.053537 0.184118
v 0.067413 -0.054135 0.183689
vn -0.658957 0.164389 -0.733997
vn -0.844643 0.436496 -0.309917
vn -0.050468 0.874886 -0.481692
vn -0.029545 0.124983 -0.991719
vn 0.011723 0.670039 -0.742233
vn -0.222423 0.974865 0.012900
vn -0.006804 0.995130 -0.098336
vn -0.831025 -0.018995 -0.555910
vn -0.974358 0.009764 -0.224792
vn -0.653624 -0.000113 -0.756819
vn -0.014211 0.018236 -0.999733
vn -0.984337 0.173944 -0.028700
vn -0.996531 0.024832 -0.079433
vn -0.986553 -0.007815 -0.163257
vn 0.022418 0.991500 -0.128157
vn 0.002066 0.049337 -0.998780
vn 0.005755 0.905395 -0.424531
vn 0.002411 0.453505 -0.891250
vn -0.984469 0.174465 -0.019564
vn -0.216305 0.976243 0.012713
vn -0.662098 0.749402 0.004855
vn -0.080941 0.996669 -0.009990
vn 0.001522 0.992426 -0.122838
vn 0.004443 0.803991 -0.594625
vn -0.003260 0.081355 -0.996680
vn 0.011728 0.997949 -0.062928
vn 0.008722 0.998002 -0.062575
vn 0.002643 0.714893 -0.699229
vn -0.000064 0.182491 -0.983208
vn -0.005085 0.018686 -0.999812
vn 0.007122 0.992424 -0.122650
vn 0.017883 0.999622 -0.020893
vn -0.002764 0.121311 -0.992611
vn 0.002563 0.821386 -0.570367
vn 0.003908 0.420261 -0.907395
vn 0.002319 0.034872 -0.999389
vn -0.004661 0.002772 -0.999985
vn 0.003066 0.426370 -0.904544
vn -0.361784 -0.039905 -0.931407
vn -0.046997 -0.009083 -0.998854
vn -0.420482 -0.037405 -0.906529
vn -0.505163 -0.033457 -0.862375
vn -0.549976 -0.007583 -0.835146
vn -0.012074 -0.009448 -0.999883
vn -0.110565 -0.018828 -0.993691
vn -0.959323 0.003524 -0.282288
vn -0.367724 -0.021758 -0.929681
vn -0.015217 -0.005320 -0.999870
vn -0.265807 -0.022160 -0.963772
vn -0.614867 -0.037693 -0.787730
vn -0.437205 -0.041761 -0.898392
vn -0.588011 -0.033395 -0.808163
vn -0.037463 0.002497 -0.999295
vn -0.563831 -0.028505 -0.825398
vn -0.348126 -0.053824 -0.935901
vn -0.366329 -0.034381 -0.929850
vn -0.670302 -0.038685 -0.741079
vn -0.795412 -0.016163 -0.605853
vn -0.993306 -0.003569 -0.115454
vn -0.992098 -0.006726 -0.125286
vn -0.993678 -0.001714 -0.112252
vn -0.984218 -0.002374 -0.176947
vn -0.987013 0.000372 -0.160638
vn -0.992117 -0.007030 -0.125116
vn -0.994935 0.000977 -0.100515
vn -0.625448 -0.044148 -0.779016
vn -0.041268 -0.006321 -0.999128
vn -0.005890 0.008254 -0.999949
vn -0.241782 -0.028347 -0.969916
vn -0.427236 -0.026653 -0.903747
vn -0.012975 -0.007820 -0.999885
vn -0.665359 -0.007758 -0.746483
vn -0.997074 0.050713 -0.057198
vn -0.994248 0.011868 -0.106442
vn -0.997011 0.021401 -0.074233
vn -0.998144 0.050868 -0.033490
vn -0.993559 -0.004009 -0.113248
vn -0.997136 -0.007912 -0.075208
vn -0.994711 0.003432 -0.102651
vn -0.994642 0.001277 -0.103368
vn -0.995007 -0.000964 -0.099797
vn -0.997806 0.000886 -0.066204
vn -0.999400 -0.004037 -0.034391
vn -0.306354 0.086032 -0.948022
vn -0.600600 -0.008614 -0.799503
vn -0.193148 -0.006058 -0.981151
vn -0.276607 -0.002528 -0.960980
vn -0.283298 0.003660 -0.959025
vn -0.341094 0.001165 -0.940028
vn -0.351523 -0.038176 -0.935400
vn -0.995904 0.000115 -0.090416
vn -0.994198 0.003427 -0.107507
vn -0.236665 -0.019911 -0.971387
vn -0.081501 -0.036990 -0.995987
vn -0.994452 0.005692 -0.105040
vn -0.996240 -0.000607 -0.086638
vn -0.074873 0.005562 -0.997178
vn -0.733257 -0.001612 -0.679950
vn -0.772847 -0.065569 -0.631196
vn -0.827519 -0.077197 -0.556105
vn -0.809965 0.021809 -0.586072
vn -0.858641 0.034020 -0.511447
vn -0.060448 -0.021867 -0.997932
vn -0.206842 -0.021552 -0.978137
vn -0.007230 0.005190 -0.999960
vn -0.052977 0.013119 -0.998510
vn -0.846334 -0.003197 -0.532642
vn -0.732783 -0.007120 -0.680425
vn -0.996619 0.004103 -0.082063
vn -0.997500 -0.002818 -0.070608
vn -0.217711 0.037183 -0.975305
vn -0.993973 -0.000532 -0.109624
vn -0.982498 -0.004321 -0.186222
vn -0.366508 -0.005663 -0.930398
vn -0.433988 -0.035104 -0.900234
vn -0.065738 -0.004514 -0.997827
vn -0.342392 0.022336 -0.939292
vn -0.367000 -0.051754 -0.928780
vn -0.448580 -0.011612 -0.893667
vn -0.381787 0.013526 -0.924151
vn -0.609299 0.031469 -0.792316
vn -0.112331 0.008688 -0.993633
vn -0.147866 0.009758 -0.988959
vn -0.996190 -0.001668 -0.087188
vn -0.995963 0.001760 -0.089751
vn -0.994637 -0.000460 -0.103422
vn -0.997823 0.000123 -0.065953
vn -0.998559 -0.006097 -0.053321
vn -0.999521 -0.017430 -0.025559
vn -0.017511 0.001572 -0.999846
vn -0.008751 -0.001866 -0.999960
vn -0.006675 -0.002419 -0.999975
vn -0.009187 -0.004515 -0.999948
vn -0.009640 -0.004878 -0.999942
vn -0.007004 -0.002133 -0.999973
vn -0.013868 -0.001822 -0.999902
vn -0.008517 0.001834 -0.999962
vn -0.012898 -0.002881 -0.999913
vn -0.009343 -0.000054 -0.999956
vn -0.007800 -0.000062 -0.999970
vn -0.037850 -0.029496 -0.998848
vn -0.420246 -0.043652 -0.906360
vn -0.139903 -0.016832 -0.990022
vn -0.311275 0.010786 -0.950259
vn -0.248371 -0.131682 -0.959673
vn -0.014049 -0.375096 -0.926880
vn -0.099932 -0.185655 -0.977520
vn -0.027502 -0.090117 -0.995551
vn -0.021384 -0.022892 -0.999509
vn -0.152630 0.010915 -0.988223
vn -0.006573 -0.042403 -0.999079
vn -0.008693 -0.010186 -0.999910
vn -0.020684 -0.306524 -0.951638
vn -0.022315 -0.145645 -0.989085
vn -0.012668 0.011905 -0.999849
vn -0.010274 -0.022341 -0.999698
vn -0.022405 0.005391 -0.999734
vn -0.008787 0.020059 -0.999760
vn -0.005462 -0.042115 -0.999098
vn -0.010298 -0.048018 -0.998793
vn -0.707975 0.706228 0.003701
vn -0.815585 0.578610 -0.005671
vn -0.097871 0.994774 0.029103
vn -0.018167 0.999835 0.000536
vn 0.008403 0.999912 0.010266
vn 0.024311 0.999539 -0.018174
vn 0.012430 0.998902 -0.045174
vn 0.017070 0.999763 -0.013538
vn 0.003440 0.998099 -0.061540
vn 0.020348 0.999740 -0.010276
vn 0.025867 0.999575 0.013472
vn 0.018199 0.999692 -0.016894
vn 0.022635 0.998805 -0.043314
vn 0.017287 0.998524 -0.051483
vn 0.026603 0.999646 -0.000031
vn 0.023421 0.999419 0.024779
vn -0.996437 0.081692 -0.020947
vn -0.962872 0.269854 -0.007472
vn -0.992324 0.122689 -0.015483
vn -0.998809 0.040646 -0.026994
vn -0.999428 0.008400 -0.032757
vn -0.998724 0.035861 -0.035564
vn -0.997450 0.068493 -0.020070
vn -0.980675 0.195553 -0.006034
vn -0.995628 0.092507 -0.012965
vn -0.093684 0.995584 0.005910
vn -0.998636 0.017989 -0.049012
vn -0.183834 0.982909 0.009766
vn -0.612668 0.790325 0.004892
vn -0.084605 0.996226 0.019368
vn -0.052641 0.998064 0.033111
vn -0.118176 0.992910 0.012836
vn -0.063066 0.997551 0.030238
vn -0.952262 0.305280 0.000970
vn -0.995312 0.096178 -0.010174
vn -0.996991 0.074437 -0.021644
vn -0.504157 0.863586 0.006727
vn -0.988750 0.149540 0.003213
vn -0.651059 0.759021 0.003034
vn -0.975885 0.218283 0.000305
vn -0.996686 0.081291 -0.003087
vn -0.981259 0.192067 -0.015506
vn -0.005009 0.998973 0.045028
vn -0.999247 0.037275 -0.010809
vn -0.999792 0.018545 -0.008463
vn -0.999266 0.038249 -0.002258
vn -0.994367 0.104894 0.015219
vn -0.998541 0.054003 -0.000072
vn -0.999408 0.033650 -0.007177
vn -0.049821 0.998421 0.025955
vn -0.044514 0.997903 0.046997
vn -0.037132 0.998800 0.031929
vn 0.003542 0.998676 0.051316
vn -0.044016 0.996842 0.066097
vn -0.005432 0.999720 0.023023
vn 0.017858 0.999332 0.031880
vn 0.029864 0.999005 0.033137
vn -0.999833 -0.017164 -0.006346
vn -0.999870 0.001058 -0.016060
vn -0.999766 -0.014098 -0.016401
vn -0.999661 0.009949 -0.024053
vn -0.999997 -0.000593 -0.002311
vn -0.999976 -0.005721 -0.003993
vn -0.999760 0.003283 -0.021651
vn 0.034778 0.999179 0.020755
vn 0.014905 0.999274 0.035067
vn 0.019553 0.999626 0.019136
vn 0.010045 0.999716 0.021600
vn 0.006380 0.999789 0.019544
vn -0.943303 0.331740 0.011324
vn -0.098076 0.994214 -0.043819
vn -0.987147 0.157875 0.024837
vn 0.027112 0.999238 -0.028064
vn -0.010753 0.999895 -0.009742
vn 0.072107 0.995701 -0.058133
vn -0.890346 0.455220 0.007697
vn 0.033962 0.997953 -0.054195
vn -0.559604 0.828760 -0.000287
vn -0.495743 0.868338 -0.015118
vn -0.034794 0.998676 -0.037880
vn -0.479344 0.877596 -0.007365
vn 0.007479 0.997249 -0.073748
vn -0.998555 0.053724 0.001080
vn -0.995350 0.094499 0.018635
vn -0.993101 0.116545 0.012952
vn -0.972649 0.231959 0.012200
vn 0.005760 0.999049 0.043214
vn 0.015330 0.998671 -0.049197
vn -0.966795 0.255523 0.003917
vn -0.990489 0.137079 0.011845
vn -0.993953 0.108984 0.013383
vn -0.998232 0.059176 0.005648
vn -0.995860 0.090845 0.003042
vn -0.640105 0.768286 0.001318
vn -0.983432 0.181008 0.009867
vn -0.992730 0.119929 0.010223
vn -0.135858 0.990661 -0.011517
vn -0.087898 0.995987 -0.016820
vn -0.062546 0.997806 -0.021683
vn -0.038256 0.998573 -0.037263
vn 0.014671 0.995570 -0.092871
vn 0.000798 0.997619 -0.068962
vn -0.999595 0.009618 -0.026785
vn -0.999380 0.034748 -0.005699
vn -0.996952 0.076509 0.015261
vn -0.999970 0.005474 -0.005371
vn -0.999950 0.009351 -0.003634
vn -0.999301 0.033257 -0.017059
vn -0.998643 0.042701 0.029806
vn -0.999751 0.020362 0.009072
vn -0.999969 0.007047 0.003499
vn -0.999965 0.008281 0.000624
vn -0.999837 0.016320 -0.007726
vn -0.998693 0.049647 0.012164
vn -0.999080 0.041262 0.011722
vn -0.999602 -0.009040 -0.026727
vn -0.999945 0.002026 0.010268
vn -0.999969 0.004094 -0.006704
vn -0.999976 0.006885 0.000092
vn -0.999974 0.006840 -0.002289
vn -0.999963 -0.004574 -0.007356
vn -0.999935 -0.003200 0.010943
vn -0.999970 -0.006576 0.003977
vn -0.999866 -0.015886 0.004036
vn -0.999986 0.000376 0.005275
vn -0.999984 -0.005682 0.000687
vn -0.999862 -0.016590 0.000147
vn -0.999953 0.008057 0.005341
vn -0.997318 0.072905 0.006499
vn -0.997127 0.074024 0.016064
vn -0.999104 0.041149 0.009866
vn -0.999722 0.020466 0.011736
vn -0.999459 0.031299 0.010106
vn -0.997791 0.065690 0.009938
vn -0.996582 0.081454 0.013782
vn -0.999964 0.002963 0.007942
vn -0.999949 0.007370 0.006973
vn -0.999995 -0.000959 0.003049
vn -0.001500 0.999300 -0.037384
vn 0.005538 0.999939 0.009561
vn 0.003292 0.999985 0.004262
vn 0.002412 0.998159 -0.060610
vn -0.780659 0.012610 -0.624830
vn -0.984387 -0.006268 -0.175905
vn -0.613320 -0.004799 -0.789820
vn -0.808298 0.036911 -0.587615
vn -0.034825 -0.019529 -0.999203
vn -0.975351 0.002687 -0.220643
vn -0.886153 0.027430 -0.462580
vn -0.997032 -0.000071 -0.076989
vn -0.939964 0.042413 -0.338627
vn -0.960749 0.159766 -0.226796
vn -0.818042 -0.267694 -0.509065
vn -0.031000 -0.840177 -0.541426
vn 0.023253 -0.988628 -0.148574
vn -0.339767 -0.936391 -0.087914
vn -0.994949 0.082301 -0.057481
vn -0.977794 0.203269 -0.051005
vn -0.998281 -0.053944 -0.022899
vn -0.993304 0.061960 -0.097510
vn -0.997115 0.000556 -0.075899
vn -0.996186 0.009657 -0.086719
vn -0.997792 0.038428 -0.054166
vn -0.228984 -0.972400 -0.044771
vn -0.127426 -0.326293 -0.936641
vn -0.033332 -0.066043 -0.997260
vn -0.005288 -0.820139 -0.572140
vn -0.014528 -0.094836 -0.995387
vn 0.043098 -0.996918 -0.065553
vn -0.018672 -0.031135 -0.999341
vn 0.036223 -0.997563 -0.059635
vn 0.030369 -0.991905 -0.123301
vn 0.001656 -0.992923 -0.118749
vn -0.017507 -0.998032 -0.060213
vn -0.013278 -0.157052 -0.987501
vn -0.013117 -0.054069 -0.998451
vn -0.994457 -0.005528 -0.104999
vn -0.998851 -0.020501 -0.043320
vn -0.636055 -0.771643 0.001136
vn -0.999702 -0.019087 -0.015228
vn -0.590804 -0.806791 0.006313
vn 0.029136 -0.999330 -0.022148
vn -0.702217 -0.711818 0.014367
vn -0.130367 -0.991393 0.011968
vn -0.244513 -0.969357 0.023665
vn -0.039896 -0.999153 0.010029
vn -0.998965 -0.045010 -0.006510
vn -0.999478 -0.031831 0.005529
vn -0.995260 -0.096679 -0.010544
vn -0.748232 -0.663221 0.016951
vn -0.021446 -0.999764 -0.003567
vn 0.007045 -0.999661 -0.025057
vn -0.999327 -0.036068 0.006728
vn -0.061750 -0.997873 0.020869
vn -0.012924 -0.999915 0.001545
vn -0.094238 -0.995385 0.018128
vn -0.031938 -0.999469 0.006381
vn -0.091078 -0.995501 0.026141
vn -0.093788 -0.995233 0.026757
vn -0.323528 -0.945835 0.026922
vn -0.248665 -0.968293 0.023979
vn -0.730142 -0.683108 0.015992
vn 0.057919 -0.997525 -0.039871
vn -0.121271 -0.992602 -0.005903
vn 0.017672 -0.999804 -0.008913
vn 0.015916 -0.999015 -0.041419
vn -0.017700 -0.997694 -0.065531
vn 0.058171 -0.997661 0.035899
vn -0.010014 -0.999739 -0.020528
vn -0.036298 -0.999160 -0.019019
vn -0.023748 -0.999691 -0.007280
vn -0.003796 -0.993076 -0.117410
vn -0.007110 -0.996203 -0.086770
vn -0.006505 -0.995725 -0.092134
vn -0.003270 -0.935737 -0.352682
vn -0.011013 -0.155601 -0.987759
vn -0.007469 -0.987794 -0.155585
vn -0.005166 -0.845223 -0.534388
vn -0.007530 -0.995250 -0.097057
vn -0.014609 -0.995283 -0.095903
vn -0.008253 -0.995116 -0.098371
vn -0.007302 -0.997946 -0.063650
vn -0.005273 -0.994295 -0.106536
vn -0.021639 -0.999731 -0.008318
vn -0.018440 -0.999828 -0.002104
vn -0.016976 -0.999803 -0.010301
vn -0.019767 -0.999805 0.000213
vn -0.033967 -0.999382 0.009067
vn -0.034152 -0.999001 0.028809
vn -0.029651 -0.999472 0.013282
vn -0.029391 -0.999512 0.010574
vn -0.037865 -0.998874 0.028584
vn -0.024470 -0.999620 0.012655
vn -0.019937 -0.999798 0.002532
vn -0.999384 -0.034285 -0.007532
vn -0.999275 -0.038065 0.000239
vn -0.998158 -0.060299 0.006734
vn -0.999913 -0.013166 0.000110
vn -0.999384 -0.034980 0.002724
vn -0.998697 -0.051030 -0.000009
vn -0.998066 -0.061060 -0.011667
vn -0.999067 -0.043113 0.002533
vn -0.998001 -0.062934 0.005723
vn -0.998203 -0.057567 0.016653
vn -0.995860 -0.085057 0.032082
vn -0.788980 -0.612581 0.047497
vn -0.555511 -0.831153 0.024329
vn -0.176073 -0.984198 0.018760
vn -0.075151 -0.997020 0.017397
vn -0.048364 -0.998588 0.021981
vn -0.133275 -0.991010 -0.011720
vn -0.998929 -0.008213 0.045543
vn -0.995229 -0.083725 0.050090
vn -0.950114 -0.311744 0.009936
vn -0.997698 -0.067654 -0.004565
vn -0.989848 -0.141395 0.014449
vn -0.567692 -0.823161 -0.011451
vn -0.193288 -0.980831 -0.024716
vn -0.011266 -0.999806 0.016166
vn -0.041718 -0.998992 0.016575
vn -0.045311 -0.998816 0.017707
vn -0.993740 -0.091822 -0.063630
vn -0.996034 -0.080597 -0.037696
vn 0.025861 -0.999665 0.000454
vn -0.952363 -0.304882 -0.007155
vn -0.230451 -0.971979 0.046371
vn -0.866086 -0.499770 -0.011205
vn -0.959467 -0.281820 0.000882
vn -0.998705 -0.046108 -0.021484
vn -0.996979 -0.077658 0.001348
vn -0.997919 -0.064329 0.004337
vn -0.591778 -0.805944 0.015907
vn -0.059655 -0.998089 0.016086
vn -0.993906 -0.109092 -0.015817
vn -0.090961 -0.995315 0.032771
vn -0.078246 -0.996846 0.013218
vn -0.039493 -0.999133 0.013155
vn -0.034071 -0.999276 0.016924
vn -0.038878 -0.999108 0.016504
vn -0.028013 -0.999463 0.016994
vn -0.022049 -0.999741 0.005641
vn -0.017364 -0.999843 -0.003493
vn -0.017198 -0.999807 0.009451
vn -0.017524 -0.999685 0.017948
vn -0.039495 -0.999123 0.013890
vn -0.021667 -0.999754 0.004672
vn -0.036169 -0.999153 0.019624
vn -0.020262 -0.999789 -0.003269
vn -0.029017 -0.999534 -0.009478
vn -0.029221 -0.999564 0.004120
vn -0.029755 -0.999496 0.011099
vn -0.021233 -0.999650 -0.015810
vn -0.999871 -0.013809 0.008203
vn -0.999649 -0.026133 0.004446
vn -0.999217 -0.038763 0.007873
vn -0.999872 -0.007890 0.013920
vn -0.998570 -0.053343 0.003545
vn -0.804220 -0.594145 0.014890
vn -0.998268 -0.058399 0.007083
vn -0.772000 -0.635485 0.013180
vn -0.998472 -0.055064 0.004602
vn -0.996350 -0.085017 0.007710
vn -0.673031 -0.739233 0.023738
vn -0.685438 -0.728131 0.000821
vn -0.562509 -0.826705 0.011945
vn -0.691223 -0.722467 0.015845
vn -0.092030 -0.995671 0.013042
vn -0.994846 -0.100900 0.010058
vn -0.801711 -0.597522 0.015058
vn -0.641553 -0.766918 0.015698
vn -0.070310 -0.997444 0.012711
vn -0.051362 -0.998603 0.012400
vn -0.039568 -0.999120 0.013883
vn -0.031683 -0.999401 0.013896
vn -0.020727 -0.999577 0.020405
vn -0.011535 -0.999869 0.011337
vn -0.010135 -0.999940 0.004194
vn -0.028907 -0.999480 0.014296
vn -0.012844 -0.999786 0.016194
vn 0.005251 0.070741 -0.997481
vn -0.000708 0.024862 -0.999691
vn -0.007679 0.009250 -0.999928
vn -0.007514 -0.064551 -0.997886
vn -0.006588 -0.021152 -0.999755
vn -0.006737 -0.044431 -0.998990
vn -0.008071 -0.120935 -0.992628
vn -0.006724 -0.087193 -0.996169
vn -0.001600 -0.162552 -0.986699
vn -0.008325 -0.116424 -0.993165
vn -0.004482 0.025024 -0.999677
vn -0.009037 -0.008894 -0.999920
vn -0.003937 0.000933 -0.999992
vn -0.005264 0.002369 -0.999983
vn -0.006359 -0.002194 -0.999977
vn -0.003390 0.000607 -0.999994
vn -0.006162 -0.003673 -0.999974
vn -0.011097 -0.176556 -0.984228
vn -0.006211 -0.001076 -0.999980
vn 0.011820 -0.189683 -0.981774
vn -0.006369 -0.004761 -0.999968
vn -0.007153 -0.069116 -0.997583
vn -0.004313 -0.143826 -0.989594
vn 0.002078 0.014993 -0.999885
vn -0.006279 0.001936 -0.999978
vn -0.004416 -0.027268 -0.999618
vn -0.006570 -0.002783 -0.999975
vn -0.007683 -0.064781 -0.997870
vn -0.008930 -0.029726 -0.999518
vn 0.003034 -0.050311 -0.998729
vn -0.001059 -0.063633 -0.997973
vn -0.005293 -0.064284 -0.997918
vn -0.005105 -0.002457 -0.999984
vn 0.046304 0.014729 -0.998819
vn 0.007686 -0.163188 -0.986565
vn 0.238091 -0.160067 -0.957962
vn 0.018089 -0.005186 -0.999823
vn 0.502149 -0.059606 -0.862724
vn 0.323765 0.030222 -0.945655
vn 0.157699 -0.051644 -0.986136
vn 0.281143 0.015409 -0.959542
vn 0.213567 0.010126 -0.976876
vn 0.043223 0.010794 -0.999007
vn 0.148682 0.016381 -0.988749
vn 0.372502 0.007685 -0.927999
vn 0.437978 0.030119 -0.898481
vn 0.239154 -0.010169 -0.970928
vn 0.731717 -0.008166 -0.681560
vn 0.009736 0.721161 -0.692699
vn 0.004010 0.074309 -0.997227
vn 0.006014 0.755940 -0.654613
vn 0.015920 0.140340 -0.989975
vn -0.009919 0.102521 -0.994681
vn 0.004432 0.274892 -0.961465
vn 0.019509 0.999660 0.017285
vn 0.005408 0.999985 -0.000502
vn 0.005899 0.958201 -0.286034
vn -0.002411 0.999996 0.001487
vn 0.023463 0.999556 0.018371
vn -0.000016 0.045946 -0.998944
vn -0.011673 0.046872 -0.998833
vn -0.008203 0.999625 0.026134
vn 0.003232 0.590802 -0.806810
vn 0.001946 0.066979 -0.997752
vn -0.005997 0.128129 -0.991740
vn 0.001483 0.053552 -0.998564
vn -0.019428 0.999794 0.005866
vn 0.000070 0.998821 -0.048544
vn -0.009821 0.999917 -0.008375
vn 0.010318 0.993665 -0.111910
vn 0.003795 0.603534 -0.797328
vn 0.004118 0.720219 -0.693734
vn 0.011706 0.999909 0.006716
vn -0.004987 0.999978 0.004279
vn 0.025550 0.999647 -0.007309
vn -0.009510 0.999887 0.011596
vn -0.010471 0.999849 0.013849
vn -0.006744 0.999836 0.016797
vn -0.006057 0.999981 0.001025
vn 0.000394 0.070384 -0.997520
vn 0.014080 0.046700 -0.998810
vn 0.027959 0.035836 -0.998967
vn -0.013043 0.087026 -0.996121
vn -0.007484 0.024750 -0.999666
vn -0.005597 0.132305 -0.991193
vn -0.001242 0.998760 -0.049776
vn -0.006037 0.999334 -0.035991
vn -0.001512 0.077380 -0.997001
vn -0.000135 0.998816 -0.048648
vn -0.004619 0.993505 -0.113691
vn 0.002364 0.928932 -0.370244
vn 0.006623 0.531047 -0.847316
vn -0.000425 0.146929 -0.989147
vn 0.004409 0.101441 -0.994832
vn 0.008214 0.305675 -0.952100
vn 0.004401 0.686020 -0.727569
vn 0.011185 0.195473 -0.980645
vn 0.001275 0.050655 -0.998715
vn 0.006737 0.045356 -0.998948
vn -0.011035 0.097013 -0.995222
vn 0.028604 0.038864 -0.998835
vn 0.006853 0.046337 -0.998902
vn -0.011055 0.999904 -0.008337
vn -0.005546 0.999756 -0.021388
vn -0.011179 0.998779 -0.048127
vn 0.002826 0.999960 0.008517
vn -0.015311 0.999843 -0.008869
vn -0.011908 0.999920 0.004259
vn -0.000235 0.999987 0.005121
vn 0.008128 0.999742 -0.021198
vn 0.000571 0.999367 -0.035560
vn 0.005426 0.999101 -0.042054
vn -0.007063 0.999543 -0.029380
vn -0.012462 0.999891 -0.007870
vn 0.011401 0.381327 -0.924370
vn 0.001415 0.991702 -0.128548
vn 0.007586 0.998720 -0.050002
vn -0.002746 0.310887 -0.950443
vn -0.019421 0.998316 -0.054664
vn 0.044064 0.993744 -0.102625
vn 0.036584 0.997843 -0.054510
vn 0.003220 0.086437 -0.996252
vn -0.034010 0.998880 -0.032888
vn 0.025093 0.999429 -0.022634
vn 0.036895 0.998716 -0.034707
vn 0.012818 0.999799 -0.015406
vn 0.010710 0.998919 -0.045244
vn 0.004654 0.999669 -0.025287
vn 0.005531 0.999952 -0.008037
vn 0.003910 0.999793 -0.019959
vn 0.003906 0.999992 0.000974
vn 0.007467 0.999878 0.013752
vn 0.006828 0.999058 -0.042856
vn -0.004756 0.999877 -0.014914
vn -0.004906 0.999906 -0.012773
vn -0.027223 0.999617 -0.005073
vn 0.022927 0.999730 0.003869
vn -0.005639 0.999899 -0.013013
vn 0.027474 0.999323 -0.024448
vn -0.010462 0.999892 -0.010279
vn 0.004246 0.999870 0.015584
vn 0.027965 0.999584 0.006996
vn 0.020308 0.999749 -0.009513
vn 0.001261 0.999993 0.003479
vn 0.025266 0.999449 0.021508
vn 0.010470 0.999858 -0.013230
vn 0.034129 0.999375 0.009186
vn 0.169007 0.985430 0.019075
vn 0.017375 0.999836 0.005161
vn 0.018682 0.999825 0.000499
vn 0.008064 0.999895 -0.012001
vn 0.076964 0.996698 -0.025862
vn -0.025724 0.999502 -0.018280
vn -0.000910 0.999947 0.010268
vn 0.592479 0.805543 -0.008270
vn 0.800922 0.598563 -0.015706
vn 0.130499 0.991407 -0.009082
vn 0.012619 0.999732 0.019416
vn 0.036353 0.999134 0.020262
vn 0.188027 0.982097 0.011446
vn 0.470081 0.882616 0.003386
vn 0.026632 0.032933 -0.999103
vn -0.113916 0.015078 -0.993376
vn -0.009083 0.003193 -0.999954
vn 0.000749 0.018095 -0.999836
vn -0.004320 -0.001292 -0.999990
vn 0.025735 -0.003774 -0.999662
vn -0.005095 -0.000247 -0.999987
vn -0.000549 -0.003418 -0.999994
vn -0.004140 0.004160 -0.999983
vn 0.025740 -0.002080 -0.999667
vn 0.002911 0.007793 -0.999965
vn 0.022243 0.015412 -0.999634
vn 0.019916 0.000320 -0.999802
vn 0.013412 0.013576 -0.999818
vn 0.005005 0.002578 -0.999984
vn 0.000527 0.999920 0.012675
vn -0.013081 0.999804 0.014890
vn -0.008450 0.999841 0.015715
vn -0.011856 0.999894 0.008414
vn -0.005292 0.999637 -0.026398
vn -0.000560 0.999973 -0.007354
vn -0.005797 0.999983 -0.000473
vn -0.011398 0.999802 -0.016325
vn 0.001441 0.999887 -0.014956
vn 0.002964 0.998747 -0.049961
vn 0.009760 0.997516 -0.069762
vn -0.008412 0.999687 -0.023558
vn -0.011775 0.999906 0.006970
vn -0.014879 0.999838 -0.010115
vn -0.002906 0.999756 -0.021877
vn -0.006140 0.999979 -0.002097
vn -0.008448 0.999951 -0.005196
vn -0.022228 0.999752 0.001202
vn -0.013241 0.999898 0.005342
vn -0.023558 0.999516 -0.020313
vn -0.027095 0.999537 0.013809
vn 0.029492 0.998112 -0.053873
vn -0.012539 0.999727 -0.019733
vn -0.003025 0.999855 -0.016755
vn -0.018102 0.999148 -0.037090
vn -0.011772 0.998859 -0.046282
vn -0.014745 0.999395 -0.031487
vn 0.003271 0.999338 -0.036238
vn -0.014587 0.999792 -0.014265
vn -0.007680 0.999782 -0.019402
vn -0.009601 0.999738 -0.020770
vn -0.013384 0.999659 -0.022423
vn -0.015677 0.998224 -0.057474
vn -0.007332 0.998583 -0.052702
vn -0.014497 0.999849 0.009541
vn -0.011138 0.999564 -0.027355
vn -0.012161 0.999682 0.022095
vn -0.003083 0.999942 0.010291
vn -0.015959 0.999422 0.030022
vn -0.000947 0.999877 0.015662
vn 0.991560 0.129272 -0.009916
vn 0.997273 0.072999 -0.010874
vn 0.749664 0.661800 -0.005003
vn 0.907701 0.419517 -0.009149
vn -0.010607 0.999869 0.012255
vn -0.012429 0.999919 0.002579
vn -0.023136 0.999654 -0.012512
vn -0.004516 0.999911 0.012532
vn -0.040202 0.998645 -0.033049
vn -0.001420 0.999998 0.001442
vn -0.009048 0.999958 -0.001610
vn -0.000139 0.999907 -0.013643
vn 0.011078 0.999929 0.004338
vn -0.007652 0.999879 -0.013542
vn -0.007049 0.999452 -0.032357
vn -0.007768 0.999849 -0.015546
vn -0.015664 0.999587 -0.024109
vn 0.016609 0.999468 0.028063
vn 0.015732 0.999871 0.003284
vn 0.001640 0.999990 -0.004198
vn 0.161994 0.986726 -0.011351
vn 0.247861 0.968777 -0.005959
vn 0.109293 0.993982 0.007451
vn 0.847902 0.530072 -0.009245
vn 0.998366 0.056455 -0.008861
vn 0.279613 0.960113 0.000179
vn 0.819511 0.573007 -0.008025
vn 0.795508 0.605884 -0.008453
vn 0.992039 0.125537 -0.009906
vn 0.025836 0.999657 -0.004247
vn 0.096838 0.995234 -0.011502
vn 0.003979 0.999979 -0.005028
vn 0.997112 0.075580 -0.007382
vn 0.998488 0.054133 -0.009593
vn 0.999278 0.031902 -0.020625
vn 0.999477 0.027786 -0.016537
vn 0.031122 0.029909 -0.999068
vn 0.017932 0.428652 -0.903292
vn 0.000859 0.776414 -0.630223
vn 0.893354 0.203249 -0.400760
vn 0.074582 0.910465 -0.406805
vn 0.727166 0.684834 -0.047243
vn 0.704570 0.709309 -0.021487
vn 0.110465 0.992305 -0.055933
vn 0.130139 0.042955 -0.990565
vn 0.425201 0.254442 -0.868599
vn 0.710627 -0.062619 -0.700776
vn 0.976420 -0.021856 -0.214772
vn 0.758837 -0.020290 -0.650964
vn 0.547194 -0.019964 -0.836768
vn 0.606623 -0.009657 -0.794931
vn 0.992430 0.002698 -0.122785
vn 0.020476 0.998114 -0.057878
vn 0.998536 0.034581 -0.041602
vn 0.849101 0.527731 -0.022973
vn 0.996791 0.073387 -0.031959
vn 0.997013 0.074911 -0.018818
vn 0.035266 0.998288 -0.046665
vn -0.004774 0.999930 0.010818
vn 0.431940 0.901888 -0.005072
vn 0.771530 0.636159 -0.006471
vn 0.998384 0.024117 -0.051450
vn 0.998505 0.051588 -0.018058
vn 0.759157 0.650893 -0.004396
vn -0.007172 0.010508 -0.999919
vn 0.024448 0.007450 -0.999673
vn -0.008337 0.005487 -0.999950
vn 0.262192 -0.033137 -0.964447
vn 0.654708 -0.047385 -0.754395
vn 0.680293 -0.060799 -0.730414
vn 0.743289 -0.012234 -0.668859
vn 0.520574 -0.033250 -0.853169
vn 0.398746 -0.034218 -0.916423
vn 0.802105 -0.004785 -0.597164
vn 0.388600 -0.012611 -0.921320
vn 0.669666 -0.005022 -0.742645
vn 0.118053 0.002201 -0.993005
vn 0.400303 -0.018606 -0.916194
vn 0.599374 -0.039343 -0.799502
vn 0.354803 -0.033653 -0.934335
vn 0.280588 -0.011147 -0.959764
vn 0.330187 -0.003541 -0.943909
vn 0.708034 -0.074461 -0.702242
vn 0.178028 -0.014639 -0.983917
vn 0.321368 -0.054422 -0.945389
vn 0.051403 -0.019740 -0.998483
vn 0.337636 -0.050701 -0.939910
vn 0.202777 -0.023838 -0.978935
vn 0.310631 -0.002565 -0.950527
vn 0.307866 -0.022064 -0.951174
vn 0.402381 -0.007871 -0.915439
vn 0.150461 -0.010270 -0.988563
vn 0.985285 0.002303 -0.170901
vn 0.988947 -0.001627 -0.148263
vn 0.990790 -0.004588 -0.135333
vn 0.999048 0.031592 -0.030094
vn 0.997026 0.008169 -0.076628
vn 0.996032 -0.001070 -0.088984
vn 0.998901 0.009893 -0.045805
vn 0.018507 0.007628 -0.999800
vn 0.777773 -0.071440 -0.624473
vn 0.763201 -0.089082 -0.639991
vn 0.733333 -0.081604 -0.674954
vn -0.001490 0.004333 -0.999990
vn 0.336724 -0.005688 -0.941586
vn 0.841124 -0.064064 -0.537035
vn 0.151973 -0.007192 -0.988358
vn 0.044685 -0.006204 -0.998982
vn 0.256222 -0.003076 -0.966613
vn 0.356437 0.043706 -0.933297
vn 0.110491 0.044102 -0.992898
vn 0.535738 0.002086 -0.844382
vn 0.159809 0.003477 -0.987142
vn 0.393367 -0.007593 -0.919350
vn 0.255127 -0.006987 -0.966882
vn 0.707197 -0.007584 -0.706976
vn 0.765754 -0.009251 -0.643067
vn 0.975969 -0.020781 -0.216917
vn 0.997822 -0.006406 -0.065652
vn 0.985865 -0.004333 -0.167488
vn 0.957487 -0.010186 -0.288295
vn 0.979736 -0.007240 -0.200164
vn 0.993762 -0.013164 -0.110742
vn 0.999188 -0.002448 -0.040228
vn 0.999436 -0.009654 -0.032174
vn 0.998996 -0.021719 -0.039176
vn 0.998452 0.054111 -0.012879
vn 0.999538 0.012445 -0.027740
vn -0.012774 -0.007597 -0.999890
vn -0.011079 -0.049088 -0.998733
vn -0.005704 -0.989053 -0.147448
vn -0.005627 -0.880610 -0.473808
vn -0.010064 -0.171028 -0.985215
vn -0.003864 -0.997005 -0.077246
vn -0.003865 -0.987967 -0.154617
vn -0.010333 -0.903633 -0.428183
vn -0.002192 -0.999326 -0.036638
vn -0.008181 -0.999224 -0.038523
vn -0.009255 -0.118901 -0.992863
vn -0.005477 -0.254192 -0.967138
vn -0.012432 -0.155887 -0.987697
vn -0.008108 -0.789594 -0.613577
vn -0.005229 -0.891784 -0.452431
vn -0.010100 -0.842207 -0.539060
vn -0.004738 -0.999893 -0.013805
vn -0.011032 -0.999928 -0.004809
vn -0.003546 -0.999582 -0.028678
vn -0.011687 -0.100353 -0.994883
vn -0.002905 -0.984901 -0.173094
vn -0.004237 -0.981304 -0.192417
vn -0.009097 -0.055228 -0.998432
vn -0.011641 -0.263747 -0.964522
vn -0.004458 -0.814775 -0.579760
vn -0.006985 -0.040943 -0.999137
vn -0.007404 -0.701985 -0.712153
vn -0.002404 -0.994207 -0.107451
vn -0.003003 -0.992861 -0.119240
vn -0.004289 -0.994416 -0.105439
vn -0.000763 -0.997153 -0.075407
vn -0.001602 -0.985393 -0.170288
vn 0.004090 -0.006512 -0.999970
vn 0.004771 -0.996572 -0.082590
vn -0.007870 -0.970307 -0.241749
vn 0.009945 -0.995847 -0.090498
vn 0.008300 -0.999457 -0.031901
vn 0.020523 -0.999329 -0.030322
vn 0.007296 -0.015734 -0.999850
vn 0.000284 -0.117912 -0.993024
vn -0.001509 -0.060058 -0.998194
vn 0.001133 -0.049079 -0.998794
vn 0.043339 -0.022160 -0.998815
vn 0.046594 -0.141664 -0.988818
vn 0.579205 -0.053349 -0.813434
vn 0.701474 0.050583 -0.710898
vn 0.643039 0.044316 -0.764550
vn 0.590087 0.064622 -0.804749
vn 0.454011 0.059889 -0.888981
vn 0.012497 0.006126 -0.999903
vn 0.032397 0.003492 -0.999469
vn 0.187327 0.030826 -0.981814
vn 0.481684 -0.001653 -0.876343
vn 0.200903 0.018578 -0.979435
vn 0.486240 0.030289 -0.873300
vn 0.609773 0.040099 -0.791561
vn 0.963888 -0.011655 -0.266052
vn 0.589769 -0.000362 -0.807572
vn 0.547785 0.026944 -0.836185
vn 0.973546 -0.013130 -0.228112
vn 0.995370 -0.036447 -0.088934
vn 0.996267 -0.048439 -0.071456
vn -0.010055 -0.633053 -0.774043
vn -0.013416 -0.876922 -0.480445
vn 0.014846 -0.997677 -0.066477
vn -0.000214 -0.993593 -0.113016
vn 0.036598 -0.998623 -0.037586
vn 0.008032 -0.421592 -0.906750
vn -0.000790 -0.728319 -0.685237
vn 0.772950 0.006609 -0.634432
vn 0.084414 -0.696600 -0.712476
vn 0.322987 -0.945240 -0.046904
vn 0.004872 -0.991091 -0.133097
vn 0.040323 -0.998977 -0.020489
vn 0.059493 -0.998228 -0.001321
vn 0.195585 -0.980686 0.001477
vn 0.988880 -0.053409 -0.138792
vn 0.925173 -0.377147 -0.042606
vn 0.937949 -0.216034 -0.271258
vn 0.084328 -0.996427 -0.004735
vn 0.411748 -0.911298 0.000618
vn 0.073937 -0.996929 0.025807
vn 0.100962 -0.994838 0.010244
vn 0.997204 -0.064739 -0.037313
vn 0.988272 -0.148839 -0.034147
vn -0.004669 -0.999937 -0.010248
vn -0.009793 -0.999940 -0.004993
vn 0.001521 -0.999908 -0.013454
vn 0.008110 -0.999883 -0.012993
vn -0.016970 -0.999850 -0.003449
vn -0.017507 -0.999841 -0.003464
vn -0.006275 -0.999980 0.000024
vn -0.013437 -0.999906 -0.002710
vn -0.009808 -0.999922 -0.007780
vn 0.005737 -0.999940 -0.009340
vn 0.013259 -0.999911 -0.001349
vn -0.005637 -0.999977 0.003711
vn -0.010847 -0.999808 0.016289
vn -0.017441 -0.999822 0.007202
vn 0.006253 -0.999977 0.002518
vn -0.018115 -0.999836 0.000109
vn -0.020963 -0.999704 -0.012350
vn -0.021663 -0.999212 0.033267
vn -0.008068 -0.999631 0.025919
vn -0.017138 -0.998592 0.050195
vn -0.021240 -0.999642 0.016276
vn -0.020046 -0.999720 -0.012557
vn -0.020769 -0.999372 -0.028707
vn -0.013169 -0.999765 0.017205
vn 0.011741 -0.999878 0.010343
vn -0.009154 -0.999956 0.002165
vn 0.004809 -0.999940 -0.009881
vn 0.012392 -0.999923 -0.000625
vn -0.003372 -0.999987 0.003709
vn -0.018011 -0.999812 0.007170
vn -0.003960 -0.999955 0.008635
vn 0.009739 -0.999909 0.009313
vn -0.002004 -0.999994 0.002926
vn 0.015382 -0.999873 0.004258
vn 0.006235 -0.999980 0.000542
vn 0.024748 -0.999692 0.001998
vn 0.019360 -0.999790 -0.006769
vn 0.035386 -0.999065 -0.024829
vn 0.042385 -0.999101 -0.000830
vn 0.050293 -0.998730 0.002936
vn 0.021274 -0.999774 0.000326
vn -0.021065 -0.999726 0.010252
vn -0.011012 -0.999889 0.010046
vn -0.008295 -0.999880 0.013106
vn 0.002856 -0.999841 0.017616
vn -0.008208 -0.999926 0.009013
vn 0.038758 -0.999215 0.008129
vn 0.022961 -0.999682 0.010434
vn 0.012251 -0.999879 0.009560
vn 0.029188 -0.999552 0.006670
vn 0.003698 -0.999906 0.013177
vn 0.023728 -0.999667 0.010151
vn 0.999779 -0.001445 -0.020980
vn 0.999717 -0.018080 -0.015444
vn 0.999072 -0.037948 -0.020393
vn 0.997222 -0.073241 -0.013552
vn 0.997715 -0.066977 0.008846
vn 0.998461 -0.038270 -0.040148
vn 0.995335 -0.095851 -0.010956
vn 0.993327 -0.114594 -0.013041
vn 0.997594 -0.069094 0.005737
vn 0.070437 -0.997469 0.009733
vn 0.081325 -0.996629 0.010782
vn 0.131332 -0.991247 0.013467
vn 0.031954 -0.999159 0.025682
vn 0.050304 -0.998700 -0.008184
vn 0.048063 -0.998665 0.018912
vn 0.032017 -0.999280 0.020351
vn 0.127454 -0.991786 0.010775
vn 0.106378 -0.994268 0.010683
vn 0.969434 -0.245354 0.000297
vn 0.323886 -0.946046 0.009722
vn 0.912105 -0.409845 -0.009593
vn 0.987300 -0.158578 -0.009597
vn 0.992785 -0.119666 -0.007545
vn 0.988600 -0.150175 -0.010840
vn -0.909806 -0.399237 -0.113413
vn -0.909806 -0.399237 -0.113413
vn -0.909806 -0.399237 -0.113413
vn 0.573678 -0.819076 0.002751
vn 0.966898 -0.255046 -0.007771
vn 0.997934 -0.034732 -0.054043
vn 0.994604 -0.009314 -0.103321
vn 0.997657 -0.062096 -0.028702
vn 0.118069 -0.992977 0.007459
vn 0.092592 -0.995511 0.019585
vn 0.053882 -0.998547 -0.000800
vn 0.092881 -0.995511 0.018185
vn 0.108166 -0.994110 0.006773
vn 0.235048 -0.971885 0.013823
vn 0.226475 -0.973969 0.009677
vn 0.991037 -0.131526 -0.023395
vn 0.701827 -0.712337 0.003771
vn 0.994462 -0.103854 -0.016125
vn 0.083363 -0.996460 0.010860
vn 0.098822 -0.994947 0.017754
vn 0.077898 -0.996900 0.011077
vn 0.101056 -0.994876 -0.003186
vn 0.595129 -0.803574 0.009470
vn 0.168484 -0.985476 0.021201
vn 0.756462 -0.653994 -0.007554
vn 0.992584 -0.119300 -0.023321
vn 0.998875 -0.028800 -0.037669
vn 0.175044 -0.984439 0.015507
vn 0.583966 -0.811729 0.008885
vn 0.956324 -0.292299 -0.002457
vn 0.511181 -0.859445 0.006908
vn 0.984514 -0.175258 0.003992
vn 0.995800 -0.089201 -0.020610
vn 0.601472 -0.798841 0.009170
vn 0.134588 -0.990797 0.014411
vn 0.995300 -0.095474 -0.016199
vn 0.986749 -0.161445 -0.016167
vn 0.988237 -0.152572 -0.010487
vn 0.998470 -0.048342 -0.026828
vn 0.999443 -0.025440 -0.021586
vn 0.998014 -0.059453 -0.020821
vn 0.989891 -0.141353 -0.011579
vn 0.998926 -0.041474 -0.020661
vn 0.997486 -0.068671 -0.017513
vn 0.994117 -0.107090 -0.016218
vn 0.996964 -0.075414 -0.019392
vn 0.966750 -0.255572 -0.008781
vn 0.599771 -0.800122 0.008920
vn 0.491305 -0.870963 0.006518
vn 0.093815 -0.995528 0.011101
vn 0.199585 -0.979797 0.012773
vn 0.990509 -0.136950 -0.011718
vn 0.633446 -0.773748 -0.007699
vn 0.477140 -0.878824 0.002592
vn 0.966961 -0.254620 -0.012436
vn -0.752297 0.658824 0.000437
vn -0.973557 0.228207 0.010439
vn -0.892066 0.451847 0.007268
vn -0.942534 0.334109 0.000529
vn -0.989127 0.146649 0.011082
vn -0.101716 0.994648 -0.018130
vn -0.359835 0.933002 -0.005176
vn -0.130705 0.991367 -0.010349
vn -0.300827 0.953592 -0.012849
vn -0.991987 0.125602 0.013608
vn -0.998979 0.042170 0.016188
vn -0.998884 0.041229 0.023051
vn -0.899463 0.436980 0.003824
vn -0.977997 0.208330 0.010963
vn -0.699167 0.714957 -0.001122
vn -0.279787 0.960033 -0.007543
vn -0.155350 0.987762 -0.013876
vn -0.142730 0.989544 -0.020745
vn -0.996482 0.081625 0.019010
vn -0.999102 0.032778 0.026850
vn -0.998530 0.046095 0.028526
vn -0.998167 0.057744 0.018122
vn -0.999002 0.015446 0.041911
vn -0.968132 0.250059 0.013780
vn -0.922162 0.386732 0.007473
vn -0.991298 0.130540 0.016945
vn -0.295436 0.955278 -0.012728
vn -0.970633 0.240340 0.010405
vn -0.928766 0.370411 0.013755
vn -0.992657 0.119825 0.016554
vn -0.985206 0.167751 0.035061
vn -0.278325 0.960201 -0.023422
vn -0.155814 0.987154 -0.035344
vn -0.085554 0.995997 -0.025877
vn -0.998252 0.037928 0.045334
vn -0.996707 0.077772 0.022933
vn -0.998247 0.041116 0.042571
vn -0.999487 0.011234 0.029982
vn -0.998528 0.001884 0.054211
vn -0.999249 0.032783 0.020634
vn -0.995318 0.003908 0.096576
vn -0.999445 0.015326 0.029563
vn -0.998590 0.010956 0.051950
vn -0.997123 0.024246 0.071813
vn -0.996915 -0.002240 0.078451
vn -0.990671 -0.005592 0.136161
vn -0.997572 0.056182 0.041157
vn -0.996123 0.085213 0.021857
vn -0.998425 0.041097 0.038187
vn -0.997443 0.056323 0.044000
vn -0.982650 -0.007521 0.185318
vn -0.648858 0.760909 -0.000406
vn -0.160720 0.986953 -0.009588
vn -0.021346 0.999198 -0.033882
vn 0.006472 0.997830 -0.065529
vn 0.001093 0.998815 -0.048665
vn 0.006060 0.997916 -0.064240
vn 0.003956 0.996657 -0.081604
vn 0.000163 0.997162 -0.075288
vn -0.003627 0.998016 -0.062850
vn 0.004048 0.996842 -0.079306
vn 0.007420 0.996927 -0.077980
vn 0.001281 0.997601 -0.069209
vn 0.000325 0.999346 -0.036152
vn 0.008405 0.998530 -0.053548
vn -0.006164 0.997730 -0.067055
vn 0.007809 0.999029 -0.043354
vn -0.006245 0.999843 -0.016591
vn 0.008878 0.999739 -0.021041
vn -0.019902 0.999495 -0.024768
vn -0.048996 0.998528 -0.023278
vn -0.019577 0.999782 -0.007200
vn 0.028943 0.999395 -0.019261
vn 0.018432 0.999748 -0.012778
vn 0.018036 0.999780 0.010704
vn 0.029920 0.999548 -0.003004
vn -0.949050 0.315116 0.002445
vn -0.219850 0.974807 -0.037643
vn -0.287125 0.954909 -0.075548
vn -0.976329 0.150350 0.155486
vn -0.733968 -0.023801 0.678767
vn -0.878893 -0.003298 0.477007
vn -0.114545 0.992329 -0.046515
vn -0.411491 0.911337 0.011838
vn -0.268996 0.885652 -0.378498
vn -0.496909 0.806383 -0.320667
vn -0.095815 0.988623 -0.115951
vn -0.307664 0.948038 -0.081030
vn -0.885794 0.268226 0.378713
vn -0.831038 0.102726 0.546647
vn -0.058244 -0.003469 0.998296
vn -0.658073 -0.054138 0.751005
vn -0.034919 0.012030 0.999318
vn -0.001908 0.133293 0.991075
vn -0.283001 0.957713 0.051930
vn -0.202329 0.978841 -0.030543
vn 0.016546 0.611645 0.790959
vn -0.002992 0.829986 0.557776
vn -0.147683 0.988941 -0.013586
vn -0.009714 0.033385 0.999395
vn 0.003411 0.943810 0.330472
vn -0.028206 0.999602 0.000919
vn 0.020696 0.602098 0.798154
vn -0.992902 0.067321 0.098047
vn -0.689166 -0.006818 0.724571
vn -0.212691 0.007009 0.977094
vn -0.666539 -0.026465 0.745000
vn -0.688539 -0.010205 0.725128
vn -0.986450 0.008554 0.163837
vn -0.940365 0.002629 0.340156
vn -0.569433 0.002090 0.822035
vn -0.349036 0.011061 0.937044
vn -0.476805 -0.016101 0.878862
vn -0.162803 -0.000979 0.986658
vn -0.115383 -0.004026 0.993313
vn 0.029016 0.989533 0.141356
vn 0.019311 0.892059 0.451507
vn -0.000766 0.076772 0.997048
vn 0.009443 0.204115 0.978902
vn 0.012812 0.114117 0.993385
vn 0.029110 0.985279 0.168459
vn -0.041043 0.026056 0.998818
vn -0.019037 0.033942 0.999242
vn -0.023430 0.037308 0.999029
vn 0.016726 0.998876 0.044347
vn 0.012216 0.999896 0.007621
vn 0.023892 0.996567 0.079264
vn 0.020516 0.998948 0.041001
vn 0.004136 0.091912 0.995759
vn 0.021416 0.712352 0.701495
vn 0.023213 0.997051 0.073154
vn 0.025473 0.999165 0.031954
vn 0.021812 0.707626 0.706250
vn 0.010406 0.184013 0.982869
vn 0.008227 0.076307 0.997050
vn -0.001406 0.054959 0.998488
vn 0.004066 0.043160 0.999060
vn 0.022571 0.988572 0.149047
vn 0.025565 0.986653 0.160818
vn 0.021625 0.833772 0.551685
vn -0.999613 -0.017262 0.021813
vn -0.999726 -0.021422 0.009456
vn -0.999603 -0.001491 0.028127
vn -0.999488 0.012090 0.029615
vn -0.999725 0.011224 0.020614
vn -0.999407 0.004548 0.034133
vn -0.999206 -0.008012 0.039019
vn -0.999319 -0.021964 0.029634
vn -0.999208 -0.008561 0.038852
vn -0.998151 -0.013814 0.059192
vn -0.999131 -0.009475 0.040583
vn -0.998884 -0.024204 0.040550
vn -0.997076 0.038845 0.065803
vn -0.998766 -0.007227 0.049131
vn -0.998442 -0.009134 0.055043
vn -0.998810 -0.046166 0.015744
vn -0.999258 -0.026156 0.028267
vn -0.999442 -0.020910 0.026033
vn -0.999740 -0.008731 0.021052
vn -0.998656 -0.017306 0.048849
vn -0.997489 -0.040464 0.058126
vn -0.999365 -0.021226 0.028616
vn -0.998571 -0.026348 0.046506
vn -0.999162 -0.033277 0.023850
vn -0.998901 -0.036007 0.030004
vn -0.999188 -0.035465 0.019114
vn -0.998364 -0.049567 0.028501
vn -0.999025 0.000230 0.044151
vn -0.997181 -0.005180 0.074856
vn -0.998011 0.001296 0.063033
vn -0.996283 -0.000440 0.086135
vn -0.998296 0.007433 0.057882
vn -0.998298 -0.008008 0.057757
vn -0.995102 -0.004040 0.098766
vn -0.999731 -0.001300 0.023145
vn -0.999296 -0.001859 0.037468
vn -0.998335 -0.012807 0.056239
vn -0.998830 -0.009005 0.047512
vn -0.996828 0.011328 0.078773
vn -0.998470 0.017216 0.052538
vn -0.996936 0.051074 0.059242
vn -0.997999 -0.006938 0.062853
vn -0.997869 -0.004880 0.065062
vn -0.998300 0.032571 0.048327
vn -0.998803 0.002624 0.048835
vn -0.996902 -0.028855 0.073164
vn -0.997446 -0.004756 0.071272
vn -0.997171 0.003659 0.075078
vn -0.997242 -0.004640 0.074074
vn -0.996941 -0.002369 0.078118
vn -0.996875 -0.006649 0.078716
vn -0.994270 -0.002924 0.106858
vn -0.995116 -0.000802 0.098709
vn -0.997675 0.003834 0.068042
vn -0.995468 -0.000975 0.095096
vn -0.983727 0.008349 0.179474
vn -0.996876 -0.010082 0.078341
vn -0.994471 -0.000587 0.105009
vn -0.991406 -0.004215 0.130755
vn -0.996384 -0.006330 0.084726
vn -0.990563 0.003162 0.137018
vn -0.397224 0.000006 0.917722
vn -0.381940 -0.008050 0.924152
vn -0.434729 0.022906 0.900270
vn -0.756341 -0.020356 0.653861
vn -0.863815 0.002647 0.503802
vn -0.713903 0.015805 0.700066
vn -0.999104 -0.018648 0.038002
vn -0.997690 0.000095 0.067933
vn -0.999559 -0.006295 0.029028
vn -0.997669 0.008322 0.067726
vn -0.998800 -0.014266 0.046840
vn -0.998272 -0.005120 0.058534
vn -0.994642 0.003972 0.103300
vn -0.996631 0.000247 0.082014
vn -0.997286 -0.008221 0.073161
vn -0.993148 0.003930 0.116800
vn -0.995123 -0.001810 0.098623
vn -0.993245 0.013135 0.115291
vn -0.985358 0.009511 0.170235
vn -0.976217 0.002148 0.216785
vn -0.982188 0.007617 0.187748
vn -0.316523 0.011758 0.948512
vn -0.366918 0.028963 0.929802
vn -0.321487 0.027008 0.946529
vn -0.576279 -0.005610 0.817234
vn -0.171831 0.009002 0.985085
vn -0.099176 0.023368 0.994796
vn -0.747329 0.020640 0.664133
vn -0.092027 0.028185 0.995358
vn -0.018736 0.021109 0.999602
vn -0.112114 0.031446 0.993198
vn -0.070958 -0.021083 0.997256
vn -0.231810 -0.325506 0.916684
vn -0.069707 -0.048928 0.996367
vn -0.538633 0.015011 0.842407
vn -0.608056 0.048326 0.792422
vn -0.162757 0.057816 0.984971
vn -0.164346 0.045541 0.985351
vn -0.914628 0.016891 0.403943
vn -0.801820 0.059961 0.594550
vn -0.714841 0.082368 0.694419
vn -0.644779 -0.764235 0.014323
vn -0.996627 -0.080640 0.015214
vn -0.765228 -0.643475 0.019144
vn -0.840065 -0.542281 0.014891
vn -0.998495 -0.031628 0.044809
vn -0.990528 0.016746 0.136289
vn -0.137144 -0.990528 0.006802
vn -0.093193 -0.995632 0.005671
vn -0.879562 -0.473644 0.045072
vn -0.830688 0.067416 0.552641
vn -0.820243 0.081311 0.566206
vn -0.949888 0.055634 0.307601
vn -0.963862 0.107398 0.243794
vn -0.835588 0.045132 0.547500
vn -0.902324 -0.371435 0.218741
vn -0.070743 -0.105599 0.991889
vn -0.018940 0.020952 0.999601
vn -0.061496 -0.911980 0.405600
vn -0.135272 -0.988734 0.064087
vn -0.011873 -0.997570 0.068658
vn -0.998015 -0.062465 0.007948
vn -0.082433 -0.996534 0.011170
vn -0.823495 -0.567208 0.011477
vn -0.027868 -0.999473 0.016639
vn -0.018771 -0.999673 0.017377
vn -0.017403 -0.999663 0.019238
vn -0.013045 -0.999743 0.018534
vn -0.024841 -0.999411 0.023667
vn -0.025368 -0.999527 0.017369
vn -0.013600 -0.999451 0.030224
vn -0.014376 -0.999617 0.023638
vn -0.015487 -0.999694 0.019306
vn -0.009583 -0.999664 0.024086
vn -0.145715 -0.443475 0.884363
vn -0.043483 0.007632 0.999025
vn -0.049496 -0.052173 0.997411
vn -0.054426 -0.095770 0.993914
vn -0.003212 -0.050997 0.998694
vn -0.025675 -0.045190 0.998648
vn -0.020832 -0.010696 0.999726
vn -0.035347 0.024984 0.999063
vn -0.011152 0.001655 0.999936
vn 0.009074 -0.047260 0.998841
vn 0.000591 -0.007807 0.999969
vn -0.006113 -0.071363 0.997432
vn -0.004599 -0.998977 0.044981
vn 0.013588 -0.060944 0.998049
vn -0.039950 -0.999084 0.015316
vn -0.017579 -0.998882 0.043894
vn -0.010215 -0.998619 0.051526
vn 0.006282 -0.062269 0.998040
vn 0.006987 -0.870130 0.492773
vn 0.010959 -0.068805 0.997570
vn 0.015597 -0.132083 0.991116
vn 0.009894 -0.738370 0.674323
vn 0.010698 -0.720370 0.693508
vn -0.000272 -0.996593 0.082473
vn -0.020843 -0.997163 0.072335
vn 0.011881 -0.167646 0.985776
vn 0.013795 -0.189816 0.981723
vn 0.010755 -0.769797 0.638198
vn -0.001976 -0.992773 0.119995
vn -0.000890 -0.991442 0.130541
vn -0.020223 -0.993988 0.107604
vn -0.033826 -0.797370 0.602542
vn 0.029980 -0.984212 0.174438
vn 0.000173 -0.970490 0.241140
vn 0.015217 -0.477602 0.878445
vn -0.501979 -0.008474 0.864839
vn -0.491564 -0.011515 0.870765
vn -0.327862 0.026719 0.944348
vn -0.070978 0.039431 0.996698
vn -0.041526 0.035385 0.998511
vn -0.258211 0.021395 0.965852
vn -0.052554 0.026016 0.998279
vn 0.001308 0.028114 0.999604
vn 0.004283 -0.033324 0.999435
vn 0.021071 -0.051115 0.998470
vn 0.010172 -0.024111 0.999658
vn 0.013255 -0.051983 0.998560
vn 0.016838 -0.029759 0.999415
vn 0.010046 0.043060 0.999022
vn 0.014770 0.033598 0.999326
vn 0.011798 0.026283 0.999585
vn 0.014068 0.048137 0.998742
vn 0.026487 0.036428 0.998985
vn 0.012959 0.035035 0.999302
vn 0.019270 0.033059 0.999268
vn 0.019478 0.030169 0.999355
vn 0.010698 0.003995 0.999935
vn 0.103789 -0.335427 0.936332
vn -0.082791 -0.078835 0.993444
vn -0.003318 -0.008941 0.999955
vn -0.055042 -0.131411 0.989799
vn -0.036160 -0.057352 0.997699
vn -0.045550 -0.064869 0.996854
vn 0.003316 0.011164 0.999932
vn -0.009139 -0.007876 0.999927
vn -0.030787 -0.164661 0.985870
vn 0.024288 -0.016520 0.999569
vn 0.000472 -0.018403 0.999831
vn -0.020109 -0.386525 0.922060
vn -0.005781 -0.028589 0.999575
vn -0.018649 -0.133186 0.990916
vn 0.017299 -0.120457 0.992568
vn 0.013332 -0.132378 0.991110
vn 0.003671 0.998062 -0.062120
vn -0.039358 0.996716 -0.070763
vn -0.030382 0.997818 -0.058618
vn 0.013443 0.997594 -0.068012
vn 0.015919 0.996822 -0.078060
vn -0.000245 0.997447 -0.071406
vn -0.067419 0.994566 -0.079328
vn -0.099641 0.992582 -0.069664
vn 0.006424 0.998457 -0.055160
vn -0.007307 0.997806 -0.065800
vn -0.006011 0.998553 -0.053442
vn 0.016505 0.997632 -0.066765
vn 0.003190 0.998801 -0.048854
vn 0.014367 0.998467 -0.053451
vn -0.036106 0.998469 -0.041905
vn -0.015550 0.999179 -0.037404
vn 0.002774 0.998235 -0.059330
vn 0.014722 0.997851 -0.063848
vn 0.004773 0.998489 -0.054746
vn -0.031527 0.997739 -0.059360
vn 0.010815 0.998249 -0.058146
vn 0.004315 0.997802 -0.066129
vn 0.002000 0.998412 -0.056300
vn 0.003019 0.998062 -0.062149
vn 0.008817 0.998593 -0.052284
vn 0.014639 0.999418 -0.030815
vn 0.012526 0.998525 -0.052832
vn -0.008469 0.996811 -0.079342
vn 0.020063 0.998125 -0.057827
vn -0.022223 0.997991 -0.059336
vn 0.019631 0.998854 -0.043652
vn 0.030200 0.998933 -0.034926
vn 0.026724 0.999227 -0.028817
vn 0.036423 0.999029 -0.024775
vn -0.002264 0.998674 -0.051429
vn 0.000987 0.999487 -0.031997
vn 0.015229 0.998968 -0.042794
vn 0.097852 0.995132 -0.011737
vn 0.746605 0.665198 -0.009613
vn 0.256862 0.966382 0.011259
vn 0.829653 0.558124 -0.013191
vn 0.179487 0.983536 -0.021018
vn 0.997592 0.069357 0.000086
vn 0.045335 0.998742 -0.021405
vn 0.015325 0.999585 -0.024396
vn 0.083361 0.996264 -0.022542
vn 0.982695 0.183585 0.024653
vn 0.584259 0.811511 -0.009493
vn 0.997117 0.075868 0.001220
vn 0.030995 0.999070 -0.029984
vn 0.092101 0.995572 -0.018785
vn 0.783614 0.620592 0.028525
vn 0.811549 0.582683 -0.043226
vn 0.995866 0.090706 0.004915
vn 0.636916 0.770699 -0.018990
vn 0.843283 0.537465 -0.002194
vn 0.986797 0.161949 0.002138
vn 0.996894 0.078696 0.003147
vn 0.998180 0.060282 0.001465
vn 0.741332 0.671102 -0.007000
vn 0.999192 0.038616 -0.011184
vn 0.999713 0.019855 -0.013405
vn 0.999742 0.006198 -0.021846
vn 0.999514 0.011438 -0.028997
vn 0.999954 0.005792 -0.007657
vn 0.999910 0.011160 -0.007376
vn 0.999943 -0.010611 -0.001158
vn 0.999845 0.009661 -0.014686
vn 0.999380 0.033792 -0.009875
vn 0.999768 0.018952 -0.010230
vn 0.999756 0.005608 -0.021346
vn 0.998317 0.055822 0.015685
vn 0.998457 0.054602 -0.010139
vn 0.999531 0.030053 -0.005918
vn 0.998597 0.052735 -0.004760
vn 0.019222 0.999209 -0.034812
vn 0.032893 0.999303 -0.017623
vn 0.049456 0.998707 -0.011792
vn 0.049131 0.998626 -0.018212
vn 0.052072 0.998556 -0.013183
vn 0.085469 0.996315 -0.007118
vn 0.892434 0.451146 -0.005332
vn 0.670304 0.742060 -0.006316
vn 0.996774 0.080216 -0.002626
vn 0.997277 0.073709 -0.002170
vn 0.095299 0.995402 -0.009647
vn 0.994634 0.103396 -0.003436
vn 0.155319 0.987841 -0.006741
vn 0.987422 0.158102 -0.001109
vn 0.769225 0.638946 -0.006363
vn 0.995517 0.094581 -0.000722
vn 0.114250 0.993394 -0.010736
vn 0.849282 0.527809 -0.011729
vn 0.776601 0.629835 -0.014104
vn 0.098093 0.995068 -0.014749
vn 0.977228 0.212121 -0.005525
vn 0.995145 0.098381 -0.002607
vn 0.999364 0.035660 -0.000563
vn 0.999409 0.033889 0.005660
vn 0.997982 0.063445 -0.002591
vn 0.999020 0.044130 -0.003468
vn 0.999703 0.023858 0.005051
vn 0.075037 0.997087 -0.013680
vn 0.037576 0.998717 0.033945
vn 0.034702 0.999383 0.005440
vn 0.057519 0.997549 0.039848
vn 0.024327 0.999533 0.018503
vn 0.055940 0.997917 0.032125
vn 0.031165 0.998541 0.044093
vn 0.026461 0.999604 0.009599
vn 0.028494 0.998872 0.037984
vn 0.034189 0.999005 0.028648
vn 0.030059 0.995646 0.088231
vn 0.008590 0.996574 0.082260
vn 0.030978 0.997641 0.061259
vn 0.059547 0.995649 0.071672
vn 0.026685 0.997371 0.067376
vn 0.021319 0.992944 0.116652
vn 0.045168 0.993437 0.105080
vn 0.004167 0.995851 0.090898
vn 0.028643 0.997647 0.062295
vn 0.025818 0.992799 0.116978
vn 0.014625 0.997279 0.072248
vn 0.026260 0.981641 0.188922
vn 0.029714 0.035572 0.998925
vn 0.030351 0.999051 0.031241
vn 0.039297 0.999120 0.014688
vn 0.042488 0.998900 0.019825
vn 0.055129 0.998455 0.006948
vn 0.039122 0.999231 -0.002784
vn 0.028662 0.999359 0.021436
vn 0.041921 0.998864 0.022662
vn 0.041543 0.998224 0.042702
vn 0.051385 0.998582 0.013921
vn 0.058160 0.998097 0.020483
vn 0.125345 0.992105 -0.004099
vn 0.043440 0.997496 0.055815
vn 0.046269 0.998626 0.024592
vn 0.028949 0.998208 0.052368
vn 0.035629 0.998673 0.037179
vn 0.044733 0.998082 0.042803
vn 0.038178 0.997833 0.053586
vn 0.034424 0.998682 0.038069
vn 0.069422 0.994208 0.082042
vn 0.014950 0.996568 0.081414
vn 0.001357 0.994406 0.105614
vn 0.065448 0.991941 0.108487
vn 0.026207 0.980174 0.196397
vn 0.033233 0.998388 0.046018
vn 0.066638 0.997666 0.014865
vn 0.031792 0.998017 0.054321
vn 0.064711 0.996980 0.042928
vn 0.022836 0.994464 0.102565
vn 0.048221 0.998723 0.015073
vn 0.053869 0.997969 0.034004
vn 0.042580 0.998899 0.019717
vn 0.046680 0.998454 0.030169
vn 0.051211 0.998503 0.019231
vn 0.036056 0.999007 0.026173
vn 0.054978 0.997518 0.043980
vn 0.155846 0.033588 0.987210
vn 0.108707 0.027981 0.993680
vn 0.108551 0.993876 -0.020670
vn 0.710626 0.703558 -0.004180
vn 0.989091 0.147277 -0.002814
vn 0.728657 0.684865 -0.004213
vn 0.908190 0.418465 -0.008862
vn 0.996426 0.084067 -0.008218
vn 0.996903 0.078530 -0.004246
vn 0.996574 0.082638 -0.003500
vn 0.997200 0.074675 -0.003927
vn 0.998935 0.045055 0.009926
vn 0.998325 0.017382 0.055190
vn 0.997433 0.071564 0.002291
vn 0.853198 0.521487 -0.010206
vn 0.993322 0.114359 -0.015256
vn 0.278669 0.960290 -0.013669
vn 0.075533 0.997085 0.010755
vn 0.220948 0.975285 -0.000718
vn 0.996332 0.085574 0.000667
vn 0.060601 0.997525 0.035651
vn 0.149329 0.988492 0.024156
vn 0.998619 0.042658 0.030665
vn 0.997713 0.037970 0.055917
vn 0.997383 0.067975 0.024615
vn 0.995899 0.017478 0.088770
vn 0.992672 0.007862 0.120584
vn 0.976730 0.001969 0.214462
vn 0.019668 0.443799 0.895911
vn 0.018545 0.711500 0.702441
vn 0.013569 0.952216 0.305123
vn 0.027558 0.991811 0.124703
vn 0.015931 0.667061 0.744833
vn 0.019968 0.098899 0.994897
vn 0.064996 0.472111 0.879140
vn 0.025277 0.054789 0.998178
vn 0.169590 0.971129 0.167773
vn 0.068166 0.116516 0.990847
vn 0.233181 0.971747 0.036517
vn 0.956780 -0.032956 0.288940
vn 0.113335 0.021859 0.993316
vn 0.610371 0.751978 0.248951
vn 0.987408 -0.018588 0.157096
vn 0.723368 -0.076446 0.686218
vn 0.083338 0.018830 0.996343
vn 0.784379 -0.017206 0.620043
vn 0.140594 0.006809 0.990044
vn 0.478083 -0.019770 0.878092
vn 0.871464 0.489944 0.022465
vn 0.994989 0.004123 0.099902
vn 0.589302 -0.027313 0.807451
vn 0.664281 0.002565 0.747479
vn 0.989500 0.008728 0.144269
vn 0.021835 -0.999647 0.015159
vn 0.014967 -0.999712 0.018734
vn 0.054355 -0.998422 0.014141
vn -0.004772 -0.999648 0.026106
vn -0.000895 -0.999835 0.018128
vn 0.019081 -0.999531 0.023956
vn 0.019758 -0.999575 0.021438
vn 0.013763 -0.999719 0.019278
vn 0.029547 -0.999371 0.019598
vn 0.034107 -0.999315 0.014328
vn 0.052978 -0.998471 0.015783
vn 0.999800 -0.015629 -0.012513
vn 0.999906 -0.007609 -0.011422
vn 0.999921 -0.005248 -0.011389
vn 0.999749 -0.013839 -0.017640
vn 0.999765 -0.020391 -0.007375
vn 0.999945 0.009358 -0.004631
vn 0.999412 -0.034055 -0.003949
vn 0.999522 -0.021824 -0.021898
vn 0.998164 -0.060009 -0.008239
vn 0.998998 -0.034333 -0.028717
vn 0.995727 -0.091698 -0.010899
vn 0.996607 -0.081571 -0.011002
vn 0.999292 -0.035618 -0.012093
vn 0.999249 -0.032967 -0.020383
vn 0.999948 -0.004926 -0.008893
vn 0.993437 -0.113100 -0.017048
vn 0.992644 -0.120393 -0.012774
vn 0.997543 -0.069607 0.007913
vn 0.994715 -0.101291 -0.016765
vn 0.997729 -0.067124 -0.005591
vn 0.999066 -0.041949 0.010371
vn 0.998956 -0.045419 -0.004890
vn 0.999699 -0.022800 0.009058
vn 0.999005 -0.044453 -0.003681
vn 0.995530 -0.090063 -0.028451
vn 0.997643 -0.065745 -0.019624
vn 0.996401 -0.076914 -0.035617
vn 0.995045 -0.099408 -0.001622
vn 0.998216 -0.059603 -0.003393
vn 0.999702 -0.023710 -0.005788
vn 0.519357 -0.854557 -0.001160
vn 0.985691 -0.168274 -0.009807
vn 0.625919 -0.779886 0.001941
vn 0.137615 -0.990418 0.011615
vn 0.225559 -0.974179 0.009877
vn 0.585941 -0.810343 0.004173
vn 0.245393 -0.969377 0.009497
vn 0.081427 -0.996584 0.013758
vn 0.096857 -0.995247 0.010136
vn 0.996780 -0.080162 -0.002048
vn 0.515702 -0.856763 0.003038
vn 0.990400 -0.138021 -0.007579
vn 0.968816 -0.247655 -0.007915
vn 0.292632 -0.956188 0.008468
vn 0.993752 -0.111573 -0.002776
vn 0.978413 -0.206579 -0.005712
vn 0.142208 -0.989807 0.007735
vn 0.974103 -0.226072 -0.003820
vn 0.973051 -0.230523 -0.005608
vn -0.012876 -0.999244 0.036670
vn 0.005525 -0.999544 0.029678
vn 0.009308 -0.999723 0.021632
vn 0.009300 -0.999072 0.042060
vn 0.016139 -0.999452 0.028897
vn 0.004457 -0.998699 0.050797
vn 0.002584 -0.999589 0.028539
vn 0.005231 -0.998869 0.047254
vn 0.013635 -0.999711 0.019786
vn 0.022938 -0.999378 0.026782
vn 0.036013 -0.998945 0.028504
vn 0.034548 -0.999082 0.025331
vn 0.048550 -0.998404 0.028849
vn 0.041892 -0.998930 0.019591
vn 0.031527 -0.999049 0.030126
vn 0.076170 -0.996994 0.014163
vn 0.040685 -0.999095 0.012380
vn 0.999900 0.013562 0.003876
vn 0.999976 -0.000327 0.006889
vn 0.999765 0.019418 0.009612
vn 0.999120 -0.040303 0.011574
vn 0.999702 -0.024403 0.000500
vn 0.999890 -0.010027 0.010895
vn 0.999852 -0.001256 0.017143
vn 0.999881 -0.009421 0.012241
vn 0.999857 -0.012960 0.010901
vn 0.999663 0.019468 0.017165
vn 0.999742 0.006571 0.021761
vn 0.999483 0.002719 0.032021
vn 0.999722 -0.007758 0.022272
vn 0.999296 -0.016811 0.033531
vn 0.999040 -0.001903 0.043761
vn 0.083806 -0.996420 0.011091
vn 0.999065 -0.043159 0.002671
vn 0.998041 -0.062205 0.006687
vn 0.219328 -0.975645 0.003566
vn 0.111940 -0.993671 0.009361
vn 0.391104 -0.920298 0.009434
vn 0.963375 -0.268066 -0.007024
vn 0.985489 -0.169718 -0.002590
vn 0.404284 -0.914633 0.001130
vn 0.410934 -0.911664 -0.001292
vn 0.981838 -0.189656 -0.005034
vn 0.248654 -0.968566 0.007143
vn 0.455543 -0.890198 0.005321
vn 0.163105 -0.986598 0.004710
vn 0.999264 -0.035743 0.013917
vn 0.059456 -0.998205 0.007251
vn 0.065632 -0.997589 0.022540
vn 0.115419 -0.993292 0.007084
vn 0.977911 -0.208719 -0.011242
vn 0.982357 -0.186520 -0.013595
vn 0.255318 -0.966856 0.001160
vn 0.220375 -0.975415 -0.000030
vn 0.330348 -0.943840 0.005979
vn 0.987816 -0.148202 -0.047491
vn 0.512154 -0.858829 -0.010495
vn 0.996812 -0.079781 0.000715
vn 0.999718 -0.019243 0.013934
vn 0.999145 -0.038357 0.015397
vn 0.997485 -0.070710 0.004940
vn 0.982168 -0.187707 -0.010538
vn 0.336162 -0.941803 0.001729
vn 0.994786 -0.101942 -0.002925
vn 0.982049 -0.188423 -0.008695
vn 0.013836 -0.997632 0.067369
vn -0.062514 -0.996929 0.047166
vn 0.011603 -0.996420 0.083745
vn 0.011239 -0.998520 0.053215
vn 0.005310 -0.985987 0.166740
vn 0.010681 -0.993003 0.117603
vn 0.007487 -0.978671 0.205296
vn -0.002477 -0.989051 0.147551
vn 0.007447 -0.996433 0.084061
vn 0.034949 -0.998956 0.029407
vn 0.046943 -0.998496 0.028326
vn 0.016118 -0.997425 0.069878
vn -0.002844 -0.996719 0.080890
vn 0.041503 0.024768 0.998831
vn 0.038762 0.027165 0.998879
vn 0.027453 0.006218 0.999604
vn 0.022440 0.023961 0.999461
vn 0.053798 0.034058 0.997971
vn 0.044757 0.032945 0.998455
vn 0.131098 0.005611 0.991354
vn 0.072313 0.006512 0.997361
vn 0.638864 -0.020080 0.769057
vn 0.048573 0.001918 0.998818
vn 0.054267 -0.056030 0.996953
vn 0.075809 -0.055677 0.995567
vn 0.057727 -0.038223 0.997600
vn 0.029904 -0.035174 0.998934
vn 0.015442 -0.024903 0.999571
vn 0.028314 -0.032948 0.999056
vn 0.049060 -0.064583 0.996706
vn 0.052741 0.003573 0.998602
vn 0.113107 -0.022067 0.993338
vn 0.090925 -0.043563 0.994905
vn 0.084291 -0.059277 0.994676
vn 0.999363 0.019092 0.030137
vn 0.999833 0.009860 0.015358
vn 0.999229 0.013132 0.036999
vn 0.997273 0.008005 0.073360
vn 0.978711 0.006592 0.205136
vn 0.423284 0.008643 0.905956
vn 0.234498 0.005258 0.972102
vn 0.656755 0.006354 0.754077
vn 0.391598 -0.012671 0.920049
vn 0.179266 -0.002914 0.983796
vn 0.759998 -0.060279 0.647124
vn 0.735383 -0.069284 0.674101
vn 0.654182 0.007042 0.756304
vn 0.904893 0.007329 0.425575
vn 0.983603 0.021921 0.179008
vn 0.990581 0.008396 0.136671
vn 0.498054 0.006245 0.867124
vn 0.178115 -0.053784 0.982539
vn 0.220396 0.003233 0.975405
vn 0.913741 0.011552 0.406133
vn 0.977164 0.010577 0.212223
vn 0.391930 0.004304 0.919985
vn 0.278325 0.001839 0.960485
vn 0.996572 0.003816 0.082643
vn 0.998476 -0.003995 0.055045
vn 0.996865 -0.004979 0.078963
vn -0.983491 -0.044906 -0.175296
vn -0.826100 -0.178254 -0.534587
vn -0.983491 -0.044906 -0.175296
vn 0.991488 0.026708 0.127432
vn -0.987583 -0.036653 -0.152761
vn 0.996582 -0.031243 0.076473
vn 0.998609 -0.001189 0.052721
vn 0.998948 -0.035714 0.028774
vn 0.997743 -0.002478 0.067106
vn 0.968299 0.011163 0.249544
vn 0.997727 -0.028305 0.061159
vn 0.997404 -0.071293 0.010082
vn 0.998179 -0.052356 0.029944
vn 0.997777 0.066533 -0.003711
vn 0.089675 0.011310 0.995907
vn 0.991992 0.007123 0.126103
vn 0.881741 0.007896 0.471667
vn 0.359118 0.010896 0.933229
vn 0.989813 -0.135750 0.042925
vn 0.992031 -0.008781 0.125690
vn 0.990416 -0.023858 0.136037
vn 0.821322 0.013468 0.570305
vn 0.563686 0.049891 0.824481
vn 0.806447 0.010092 0.591220
vn 0.294199 0.017475 0.955584
vn 0.445929 0.039284 0.894206
vn 0.162037 0.001613 0.986783
vn 0.090236 -0.029531 0.995483
vn 0.146315 0.015909 0.989110
vn 0.009211 -0.590155 0.807237
vn 0.012484 -0.477839 0.878359
vn 0.018475 -0.115087 0.993184
vn 0.005710 -0.637111 0.770751
vn 0.011504 -0.625174 0.780401
vn 0.002885 -0.977896 0.209073
vn 0.010783 -0.556450 0.830811
vn 0.030688 -0.997352 0.065928
vn 0.015413 -0.116159 0.993111
vn 0.405443 -0.914010 0.014197
vn 0.099074 -0.995074 0.003366
vn 0.279216 -0.960199 -0.007564
vn 0.938058 -0.328479 0.110219
vn 0.067994 -0.058720 0.995956
vn 0.088926 -0.994403 0.057054
vn 0.873723 -0.116349 0.472304
vn 0.601247 -0.785021 0.149145
vn 0.230774 -0.323344 0.917710
vt 0.722270 0.607453
vt 0.715708 0.608767
vt 0.722265 0.604103
vt 0.724572 0.606562
vt 0.491943 0.825630
vt 0.485338 0.827448
vt 0.724138 0.604585
vt 0.722034 0.593846
vt 0.730256 0.601988
vt 0.714102 0.605399
vt 0.720594 0.603266
vt 0.707461 0.603007
vt 0.491295 0.812118
vt 0.720814 0.599081
vt 0.715901 0.597380
vt 0.734897 0.604289
vt 0.482079 0.824080
vt 0.477991 0.826635
vt 0.743208 0.605620
vt 0.755662 0.607146
vt 0.712720 0.588455
vt 0.719293 0.588796
vt 0.724054 0.597151
vt 0.737115 0.586843
vt 0.721960 0.580192
vt 0.723674 0.570420
vt 0.749626 0.603325
vt 0.750240 0.592030
vt 0.450563 0.824910
vt 0.450727 0.800860
vt 0.774568 0.604298
vt 0.754297 0.588586
vt 0.774224 0.595960
vt 0.440645 0.826937
vt 0.424872 0.825532
vt 0.427313 0.812332
vt 0.779787 0.589787
vt 0.803040 0.606033
vt 0.794208 0.588606
vt 0.801681 0.604303
vt 0.411666 0.825432
vt 0.402502 0.825684
vt 0.393009 0.822379
vt 0.398692 0.812884
vt 0.386236 0.783759
vt 0.386681 0.825440
vt 0.485200 0.790390
vt 0.489023 0.780418
vt 0.490766 0.782328
vt 0.490035 0.773923
vt 0.485178 0.777388
vt 0.659904 0.609921
vt 0.667773 0.605958
vt 0.672240 0.609466
vt 0.642342 0.604044
vt 0.671940 0.604022
vt 0.489196 0.761398
vt 0.491511 0.754879
vt 0.650078 0.605803
vt 0.488986 0.753994
vt 0.471561 0.754981
vt 0.462353 0.774920
vt 0.487009 0.750267
vt 0.637287 0.605971
vt 0.640497 0.610812
vt 0.632163 0.611153
vt 0.625232 0.605954
vt 0.489172 0.744899
vt 0.487229 0.733002
vt 0.488607 0.738520
vt 0.475395 0.727686
vt 0.699802 0.609646
vt 0.697399 0.605416
vt 0.687391 0.608664
vt 0.683491 0.605617
vt 0.693562 0.603148
vt 0.700947 0.600716
vt 0.707925 0.594002
vt 0.697226 0.597165
vt 0.683774 0.600131
vt 0.679136 0.594019
vt 0.690523 0.585135
vt 0.491284 0.799481
vt 0.491255 0.790530
vt 0.701796 0.585297
vt 0.712256 0.577838
vt 0.701105 0.574801
vt 0.664121 0.583572
vt 0.675625 0.574090
vt 0.691412 0.577170
vt 0.668182 0.600021
vt 0.652398 0.599647
vt 0.631694 0.595452
vt 0.635504 0.584364
vt 0.649018 0.581863
vt 0.636173 0.573695
vt 0.666865 0.544634
vt 0.625528 0.542678
vt 0.592504 0.605127
vt 0.598766 0.603472
vt 0.605026 0.605590
vt 0.609507 0.610856
vt 0.606336 0.609880
vt 0.488991 0.710119
vt 0.487161 0.718616
vt 0.486216 0.705209
vt 0.600880 0.610020
vt 0.597443 0.609764
vt 0.490362 0.702415
vt 0.488165 0.700262
vt 0.622155 0.579525
vt 0.618377 0.586725
vt 0.601081 0.587535
vt 0.613667 0.605081
vt 0.623109 0.611112
vt 0.613339 0.607345
vt 0.609601 0.602095
vt 0.615679 0.595100
vt 0.488702 0.733681
vt 0.487867 0.725499
vt 0.490226 0.729404
vt 0.485736 0.728339
vt 0.489822 0.724856
vt 0.491156 0.719056
vt 0.491714 0.721583
vt 0.572896 0.595570
vt 0.493635 0.682391
vt 0.491013 0.690919
vt 0.491091 0.683360
vt 0.565980 0.602506
vt 0.485216 0.695615
vt 0.488024 0.695775
vt 0.487479 0.690559
vt 0.487348 0.687661
vt 0.557841 0.604685
vt 0.557620 0.606968
vt 0.491814 0.673031
vt 0.493739 0.649184
vt 0.596941 0.578941
vt 0.588887 0.577410
vt 0.599802 0.574410
vt 0.560209 0.587528
vt 0.573361 0.570320
vt 0.558258 0.541646
vt 0.469297 0.730560
vt 0.455503 0.739463
vt 0.443601 0.757357
vt 0.450975 0.734494
vt 0.449919 0.728345
vt 0.412906 0.713286
vt 0.412692 0.758163
vt 0.433648 0.775380
vt 0.482266 0.707504
vt 0.460003 0.707429
vt 0.484128 0.683021
vt 0.471784 0.660687
vt 0.484666 0.691771
vt 0.467090 0.688170
vt 0.484259 0.685813
vt 0.486177 0.684762
vt 0.478634 0.683141
vt 0.473000 0.685303
vt 0.471342 0.682910
vt 0.462728 0.682760
vt 0.460233 0.677448
vt 0.445815 0.685164
vt 0.458368 0.683052
vt 0.439961 0.682465
vt 0.421797 0.643503
vt 0.386956 0.665305
vt 0.410003 0.684686
vt 0.423633 0.682041
vt 0.408032 0.682073
vt 0.722127 0.565216
vt 0.720192 0.560497
vt 0.734207 0.565235
vt 0.742088 0.577405
vt 0.746766 0.565369
vt 0.755414 0.583056
vt 0.760161 0.584645
vt 0.770391 0.586679
vt 0.776461 0.590476
vt 0.781312 0.568878
vt 0.770197 0.553560
vt 0.835623 0.605185
vt 0.816079 0.583298
vt 0.804821 0.556048
vt 0.824087 0.559714
vt 0.689767 0.555289
vt 0.690098 0.547620
vt 0.704798 0.554832
vt 0.710948 0.540644
vt 0.722491 0.544423
vt 0.719905 0.531189
vt 0.692663 0.531198
vt 0.684803 0.535788
vt 0.684840 0.520672
vt 0.731236 0.552921
vt 0.732148 0.562937
vt 0.742662 0.555849
vt 0.724972 0.540504
vt 0.735686 0.536757
vt 0.736232 0.547139
vt 0.758019 0.546917
vt 0.722199 0.518417
vt 0.724930 0.522687
vt 0.720633 0.518628
vt 0.703355 0.520596
vt 0.713645 0.516189
vt 0.721708 0.501935
vt 0.720348 0.503847
vt 0.699343 0.508401
vt 0.724221 0.502722
vt 0.715482 0.498733
vt 0.731914 0.508657
vt 0.672533 0.503019
vt 0.681294 0.496187
vt 0.689251 0.487147
vt 0.708000 0.492504
vt 0.672586 0.485012
vt 0.747645 0.536281
vt 0.750479 0.526638
vt 0.776720 0.538774
vt 0.743774 0.517529
vt 0.738686 0.497093
vt 0.796814 0.527552
vt 0.761548 0.498874
vt 0.628469 0.506558
vt 0.582528 0.489320
vt 0.577996 0.509445
vt 0.652393 0.475645
vt 0.645846 0.479780
vt 0.634152 0.484599
vt 0.637464 0.481409
vt 0.618536 0.485316
vt 0.602440 0.462096
vt 0.620889 0.452199
vt 0.836289 0.526704
vt 0.852745 0.541418
vt 0.850579 0.559879
vt 0.723961 0.495810
vt 0.732037 0.494056
vt 0.719719 0.487824
vt 0.722398 0.486214
vt 0.724740 0.488301
vt 0.714272 0.478434
vt 0.725106 0.468857
vt 0.720898 0.469052
vt 0.735284 0.485966
vt 0.723850 0.464642
vt 0.720587 0.456651
vt 0.723470 0.456933
vt 0.748164 0.458976
vt 0.680219 0.475282
vt 0.699425 0.478742
vt 0.682781 0.463662
vt 0.704441 0.457969
vt 0.684888 0.451553
vt 0.691861 0.448739
vt 0.751007 0.484135
vt 0.781898 0.490399
vt 0.773083 0.471605
vt 0.751691 0.433461
vt 0.709522 0.445413
vt 0.722973 0.441975
vt 0.720318 0.442339
vt 0.725765 0.440105
vt 0.719901 0.430707
vt 0.693307 0.433944
vt 0.682824 0.440120
vt 0.722307 0.407736
vt 0.724480 0.411397
vt 0.708192 0.401721
vt 0.720670 0.395045
vt 0.750514 0.391598
vt 0.773800 0.452904
vt 0.810492 0.454575
vt 0.778710 0.427199
vt 0.673633 0.468078
vt 0.666910 0.467981
vt 0.666848 0.462552
vt 0.661787 0.459211
vt 0.645804 0.455268
vt 0.653805 0.452968
vt 0.666336 0.454687
vt 0.671138 0.448040
vt 0.659151 0.451539
vt 0.644326 0.447406
vt 0.653417 0.445629
vt 0.655239 0.437581
vt 0.669903 0.436930
vt 0.648527 0.441213
vt 0.649226 0.436428
vt 0.630991 0.455514
vt 0.631166 0.452355
vt 0.623323 0.444596
vt 0.616384 0.446205
vt 0.605801 0.443619
vt 0.642179 0.436090
vt 0.627328 0.433743
vt 0.631175 0.417559
vt 0.602797 0.423004
vt 0.624663 0.427523
vt 0.617099 0.423535
vt 0.680620 0.425413
vt 0.679227 0.413002
vt 0.651838 0.428531
vt 0.655485 0.403292
vt 0.691856 0.377310
vt 0.623972 0.415690
vt 0.602132 0.406340
vt 0.640638 0.358336
vt 0.611651 0.372400
vt 0.826661 0.478793
vt 0.821993 0.500947
vt 0.851325 0.501045
vt 0.860641 0.465284
vt 0.536530 0.604557
vt 0.539528 0.601921
vt 0.495370 0.636637
vt 0.495032 0.623137
vt 0.495948 0.624426
vt 0.527505 0.601862
vt 0.517118 0.601163
vt 0.509662 0.606627
vt 0.508053 0.600773
vt 0.503599 0.604294
vt 0.503775 0.601404
vt 0.499317 0.603684
vt 0.499908 0.602235
vt 0.497477 0.606204
vt 0.498336 0.601885
vt 0.496868 0.603884
vt 0.496409 0.601483
vt 0.499635 0.597246
vt 0.508431 0.594740
vt 0.507112 0.586121
vt 0.500116 0.590749
vt 0.497310 0.593456
vt 0.493664 0.593693
vt 0.498601 0.589424
vt 0.458229 0.626433
vt 0.495632 0.612833
vt 0.475263 0.606863
vt 0.474494 0.604931
vt 0.487866 0.602846
vt 0.465342 0.601956
vt 0.484807 0.590176
vt 0.475598 0.592232
vt 0.445382 0.606437
vt 0.432340 0.615857
vt 0.441715 0.604301
vt 0.528304 0.573982
vt 0.507110 0.566383
vt 0.500978 0.580622
vt 0.495734 0.581223
vt 0.498929 0.575519
vt 0.500652 0.542300
vt 0.498889 0.570337
vt 0.496620 0.573788
vt 0.490287 0.577769
vt 0.485369 0.573853
vt 0.497681 0.561994
vt 0.490807 0.571574
vt 0.520559 0.539983
vt 0.502185 0.530422
vt 0.490922 0.564631
vt 0.483618 0.568890
vt 0.488142 0.557733
vt 0.506571 0.535521
vt 0.494071 0.554390
vt 0.483582 0.555932
vt 0.498415 0.540730
vt 0.494689 0.545431
vt 0.484073 0.545024
vt 0.493177 0.537179
vt 0.550860 0.515700
vt 0.529969 0.509526
vt 0.508693 0.499427
vt 0.484145 0.532859
vt 0.498295 0.524788
vt 0.500723 0.505484
vt 0.489710 0.512995
vt 0.498670 0.500904
vt 0.489695 0.583119
vt 0.480889 0.578094
vt 0.485110 0.571374
vt 0.467931 0.575244
vt 0.478119 0.574088
vt 0.455357 0.596033
vt 0.455121 0.579387
vt 0.460105 0.550898
vt 0.445307 0.569352
vt 0.436511 0.596856
vt 0.438708 0.590195
vt 0.415011 0.606358
vt 0.428737 0.601367
vt 0.430062 0.594246
vt 0.414389 0.604797
vt 0.423687 0.594353
vt 0.414678 0.601967
vt 0.432148 0.590502
vt 0.432127 0.588402
vt 0.441274 0.577530
vt 0.416818 0.564881
vt 0.436426 0.566052
vt 0.382415 0.586418
vt 0.469325 0.536544
vt 0.433412 0.534677
vt 0.423108 0.552593
vt 0.482242 0.537495
vt 0.450698 0.526941
vt 0.470527 0.514205
vt 0.432723 0.515540
vt 0.411431 0.531063
vt 0.571530 0.468989
vt 0.547309 0.496477
vt 0.540658 0.478462
vt 0.528682 0.439626
vt 0.518118 0.452221
vt 0.548621 0.423033
vt 0.509136 0.477208
vt 0.502185 0.494809
vt 0.508001 0.490179
vt 0.502557 0.488833
vt 0.500238 0.488921
vt 0.499824 0.491977
vt 0.496846 0.493666
vt 0.498351 0.489020
vt 0.494229 0.486256
vt 0.500419 0.484186
vt 0.501636 0.480166
vt 0.499113 0.479528
vt 0.497919 0.485580
vt 0.504971 0.476387
vt 0.497563 0.478615
vt 0.493820 0.472882
vt 0.478951 0.467577
vt 0.500847 0.477699
vt 0.500480 0.470745
vt 0.502139 0.469892
vt 0.499000 0.473745
vt 0.499124 0.466261
vt 0.505141 0.449529
vt 0.502794 0.459675
vt 0.502004 0.444092
vt 0.503740 0.433234
vt 0.504756 0.417966
vt 0.501050 0.452922
vt 0.501909 0.421878
vt 0.499542 0.420272
vt 0.499007 0.451008
vt 0.449044 0.413373
vt 0.439789 0.493818
vt 0.444631 0.472908
vt 0.412501 0.516940
vt 0.415205 0.491002
vt 0.412103 0.503290
vt 0.420322 0.450830
vt 0.400745 0.516947
vt 0.394782 0.504040
vt 0.393416 0.502388
vt 0.379919 0.491842
vt 0.439238 0.439916
vt 0.414880 0.478089
vt 0.410451 0.471214
vt 0.407358 0.472886
vt 0.395377 0.476011
vt 0.395282 0.472984
vt 0.408844 0.464532
vt 0.403206 0.458331
vt 0.403549 0.466177
vt 0.390590 0.463716
vt 0.383692 0.465709
vt 0.576977 0.407710
vt 0.548764 0.355405
vt 0.571900 0.366500
vt 0.525497 0.406750
vt 0.519684 0.392365
vt 0.503762 0.380964
vt 0.502090 0.399206
vt 0.501781 0.387035
vt 0.499764 0.383647
vt 0.471202 0.389284
vt 0.533181 0.364318
vt 0.523222 0.340181
vt 0.502400 0.383759
vt 0.502087 0.378130
vt 0.501988 0.372473
vt 0.499962 0.361895
vt 0.504339 0.340259
vt 0.501948 0.359515
vt 0.502240 0.337328
vt 0.464973 0.325660
vt 0.399464 0.404167
vt 0.407731 0.424405
vt 0.391217 0.422756
vt 0.367345 0.441147
vt 0.369828 0.422194
vt 0.400138 0.366520
vt 0.365754 0.404363
vt 0.366388 0.363454
vt 0.371768 0.811138
vt 0.382218 0.802196
vt 0.347221 0.793415
vt 0.341430 0.735204
vt 0.323460 0.759164
vt 0.326721 0.773355
vt 0.389561 0.681597
vt 0.360098 0.684079
vt 0.373187 0.681199
vt 0.331052 0.691811
vt 0.357140 0.680786
vt 0.350462 0.680924
vt 0.345263 0.683324
vt 0.338845 0.680569
vt 0.341885 0.681047
vt 0.339873 0.673833
vt 0.313981 0.748742
vt 0.275835 0.789006
vt 0.291781 0.741222
vt 0.284095 0.704966
vt 0.306895 0.694397
vt 0.332144 0.682558
vt 0.331420 0.680155
vt 0.321792 0.683413
vt 0.320436 0.680116
vt 0.298918 0.682356
vt 0.347012 0.642420
vt 0.287559 0.660949
vt 0.307832 0.680172
vt 0.299295 0.680180
vt 0.279870 0.682397
vt 0.289584 0.679536
vt 0.269199 0.679095
vt 0.252537 0.681812
vt 0.260694 0.717479
vt 0.245202 0.692322
vt 0.249562 0.678984
vt 0.240750 0.670385
vt 0.246086 0.681444
vt 0.244245 0.679704
vt 0.242969 0.688278
vt 0.240897 0.683998
vt 0.253910 0.645932
vt 0.238239 0.679887
vt 0.237549 0.667625
vt 0.232272 0.684137
vt 0.239216 0.654973
vt 0.239726 0.645318
vt 0.238168 0.646333
vt 0.236126 0.651944
vt 0.237071 0.659989
vt 0.232647 0.659762
vt 0.230354 0.668066
vt 0.231733 0.648059
vt 0.235660 0.644414
vt 0.183944 0.598548
vt 0.382515 0.826820
vt 0.373894 0.824170
vt 0.370342 0.818024
vt 0.847201 0.580656
vt 0.846213 0.592935
vt 0.363102 0.826487
vt 0.361152 0.825247
vt 0.351722 0.823677
vt 0.364265 0.828546
vt 0.853275 0.588938
vt 0.353408 0.827584
vt 0.866016 0.600306
vt 0.862373 0.587311
vt 0.342249 0.810296
vt 0.343672 0.825852
vt 0.338817 0.828064
vt 0.328735 0.823165
vt 0.327508 0.825865
vt 0.303041 0.822550
vt 0.322002 0.815671
vt 0.320628 0.824814
vt 0.325442 0.794628
vt 0.323808 0.814226
vt 0.321667 0.807890
vt 0.318383 0.813960
vt 0.876547 0.585235
vt 0.895462 0.588754
vt 0.897210 0.604708
vt 0.300556 0.824041
vt 0.874816 0.560865
vt 0.897674 0.561540
vt 0.910781 0.561084
vt 0.890454 0.529901
vt 0.911424 0.583615
vt 0.915326 0.569697
vt 0.312187 0.816902
vt 0.319349 0.801691
vt 0.295498 0.813441
vt 0.300745 0.826736
vt 0.306894 0.816247
vt 0.292560 0.816657
vt 0.915109 0.604043
vt 0.913681 0.593335
vt 0.924655 0.597515
vt 0.278304 0.822588
vt 0.939602 0.604234
vt 0.276832 0.825646
vt 0.966870 0.605755
vt 0.268451 0.815561
vt 0.266662 0.822779
vt 0.258261 0.823447
vt 0.251708 0.812574
vt 0.253407 0.820394
vt 0.251706 0.815846
vt 0.240560 0.814454
vt 0.232598 0.819045
vt 0.241016 0.809729
vt 0.241842 0.795906
vt 0.931346 0.586655
vt 0.944348 0.597721
vt 0.932675 0.573125
vt 0.940458 0.573293
vt 0.947992 0.578047
vt 0.927801 0.574475
vt 0.933088 0.551641
vt 0.956484 0.553385
vt 0.953832 0.596603
vt 0.952610 0.588917
vt 0.960690 0.599667
vt 0.958918 0.589435
vt 0.964525 0.597117
vt 0.954664 0.581555
vt 0.956645 0.580013
vt 0.963037 0.589514
vt 0.253638 0.824780
vt 0.967059 0.603653
vt 0.969267 0.599900
vt 0.244625 0.823128
vt 0.979384 0.603873
vt 0.973190 0.600175
vt 0.987022 0.605437
vt 0.979658 0.593968
vt 0.968093 0.594468
vt 0.968143 0.586765
vt 0.970798 0.587308
vt 0.972575 0.594464
vt 0.976337 0.595623
vt 0.977499 0.588362
vt 0.954949 0.574754
vt 0.962632 0.577613
vt 0.958029 0.573908
vt 0.955638 0.569420
vt 0.964489 0.574450
vt 0.973817 0.570599
vt 0.968207 0.582305
vt 0.968105 0.575688
vt 0.974787 0.588221
vt 0.972662 0.580584
vt 0.980639 0.585334
vt 0.970432 0.578084
vt 0.973869 0.574734
vt 0.979888 0.579310
vt 0.977893 0.575095
vt 0.985301 0.578709
vt 0.987187 0.572613
vt 0.955687 0.536162
vt 0.969332 0.558105
vt 0.982907 0.561821
vt 0.975472 0.544617
vt 0.986907 0.557675
vt 0.988465 0.553300
vt 0.989259 0.561479
vt 0.986174 0.546616
vt 0.958052 0.539621
vt 0.964774 0.537965
vt 0.013548 0.545279
vt 0.012128 0.537389
vt 0.985250 0.541434
vt 0.988502 0.540703
vt 0.981556 0.530635
vt 0.986784 0.536854
vt 0.321822 0.798498
vt 0.321233 0.804734
vt 0.319986 0.788983
vt 0.322046 0.784360
vt 0.321864 0.775082
vt 0.271525 0.746308
vt 0.297496 0.754185
vt 0.298848 0.749000
vt 0.242499 0.775847
vt 0.242771 0.755050
vt 0.250272 0.740062
vt 0.866663 0.519260
vt 0.882348 0.506049
vt 0.921539 0.527032
vt 0.900939 0.507411
vt 0.914820 0.515110
vt 0.874564 0.488007
vt 0.891744 0.494763
vt 0.892665 0.500314
vt 0.885491 0.475006
vt 0.900739 0.485986
vt 0.891549 0.476009
vt 0.883429 0.444289
vt 0.899378 0.498560
vt 0.907504 0.501618
vt 0.905456 0.494158
vt 0.912362 0.505209
vt 0.911071 0.496040
vt 0.913438 0.501891
vt 0.917796 0.504219
vt 0.921021 0.503417
vt 0.931293 0.511583
vt 0.915960 0.501755
vt 0.915896 0.496068
vt 0.916474 0.494282
vt 0.925805 0.496724
vt 0.926609 0.499244
vt 0.896677 0.468324
vt 0.903774 0.477565
vt 0.889279 0.469491
vt 0.919864 0.477503
vt 0.916540 0.469167
vt 0.913769 0.475550
vt 0.929742 0.492975
vt 0.917609 0.489786
vt 0.912957 0.486876
vt 0.915431 0.485948
vt 0.918839 0.486653
vt 0.925265 0.484445
vt 0.946428 0.525422
vt 0.958594 0.530489
vt 0.958729 0.536570
vt 0.962622 0.526165
vt 0.014966 0.520926
vt 0.024578 0.557847
vt 0.013026 0.528334
vt 0.043532 0.508806
vt 0.990081 0.530842
vt 0.937195 0.505613
vt 0.931821 0.502570
vt 0.935179 0.501637
vt 0.935535 0.497905
vt 0.946046 0.500023
vt 0.970418 0.517118
vt 0.962033 0.493623
vt 0.934725 0.491520
vt 0.938364 0.493413
vt 0.944202 0.486651
vt 0.935643 0.479750
vt 0.934895 0.472568
vt 0.971635 0.523006
vt 0.974683 0.519738
vt 0.980467 0.518900
vt 0.983799 0.506548
vt 0.987069 0.521420
vt 0.987927 0.527605
vt 0.989675 0.520814
vt 0.987936 0.516558
vt 0.015390 0.497848
vt 0.022688 0.495689
vt 0.979668 0.498700
vt 0.978326 0.468684
vt 0.988266 0.505816
vt 0.989801 0.510261
vt 0.989997 0.497516
vt 0.987579 0.490278
vt 0.015410 0.468736
vt 0.078851 0.504571
vt 0.054337 0.457151
vt 0.100208 0.466347
vt 0.235376 0.808472
vt 0.239192 0.799944
vt 0.235750 0.793267
vt 0.233564 0.803284
vt 0.984947 0.599804
vt 0.233085 0.823299
vt 0.230915 0.823786
vt 0.012494 0.597285
vt 0.013833 0.598747
vt 0.987399 0.599674
vt 0.011179 0.595490
vt 0.012835 0.595260
vt 0.010294 0.589831
vt 0.232307 0.810617
vt 0.227751 0.817614
vt 0.228374 0.809448
vt 0.038382 0.595940
vt 0.026382 0.584838
vt 0.012973 0.590835
vt 0.011255 0.583820
vt 0.013766 0.571690
vt 0.985327 0.587087
vt 0.987429 0.586592
vt 0.012076 0.570249
vt 0.239770 0.786222
vt 0.236599 0.774127
vt 0.234721 0.791385
vt 0.231943 0.799798
vt 0.233967 0.782395
vt 0.228934 0.796302
vt 0.229474 0.781977
vt 0.071484 0.596126
vt 0.235373 0.762713
vt 0.231458 0.769421
vt 0.229116 0.759150
vt 0.240220 0.744163
vt 0.238595 0.751538
vt 0.237961 0.742795
vt 0.236733 0.747110
vt 0.240297 0.736589
vt 0.237011 0.737883
vt 0.237914 0.730928
vt 0.235867 0.742596
vt 0.241281 0.727091
vt 0.238955 0.727752
vt 0.231983 0.732243
vt 0.237864 0.717713
vt 0.238196 0.760459
vt 0.230783 0.753550
vt 0.236085 0.751305
vt 0.231503 0.747846
vt 0.096486 0.597054
vt 0.228841 0.721330
vt 0.119690 0.595981
vt 0.105931 0.580911
vt 0.065053 0.578158
vt 0.054362 0.554171
vt 0.096644 0.551186
vt 0.243808 0.716816
vt 0.242464 0.716248
vt 0.239280 0.715672
vt 0.243541 0.705546
vt 0.243140 0.709012
vt 0.240740 0.709793
vt 0.239615 0.703987
vt 0.244010 0.700717
vt 0.239276 0.697689
vt 0.233918 0.704515
vt 0.241164 0.693832
vt 0.238491 0.694148
vt 0.238979 0.689358
vt 0.231419 0.711490
vt 0.135217 0.597186
vt 0.229777 0.700504
vt 0.229130 0.686572
vt 0.160706 0.582802
vt 0.148385 0.561315
vt 0.162397 0.597855
vt 0.198469 0.591132
vt 0.134493 0.531933
vt 0.167408 0.537980
vt 0.151654 0.497660
vt 0.117032 0.500254
vt 0.173527 0.523644
vt 0.138192 0.471395
vt 0.387087 0.620773
vt 0.390067 0.606743
vt 0.388894 0.604754
vt 0.381537 0.600992
vt 0.380477 0.605876
vt 0.378708 0.603386
vt 0.395166 0.566706
vt 0.367387 0.560188
vt 0.345520 0.618279
vt 0.348831 0.606134
vt 0.370850 0.606252
vt 0.358336 0.605122
vt 0.367433 0.604038
vt 0.352324 0.601399
vt 0.340924 0.604436
vt 0.399777 0.550428
vt 0.395442 0.538311
vt 0.353095 0.531337
vt 0.328168 0.539707
vt 0.304711 0.623082
vt 0.310996 0.606230
vt 0.328751 0.602420
vt 0.327457 0.605266
vt 0.322274 0.595881
vt 0.309078 0.604419
vt 0.301181 0.601401
vt 0.292365 0.604861
vt 0.276633 0.607177
vt 0.310667 0.584692
vt 0.327388 0.586823
vt 0.326778 0.586753
vt 0.303903 0.564929
vt 0.309278 0.534632
vt 0.281865 0.627546
vt 0.276408 0.590282
vt 0.273786 0.604573
vt 0.272259 0.602087
vt 0.268018 0.593791
vt 0.262771 0.599797
vt 0.262717 0.590212
vt 0.271053 0.557473
vt 0.275588 0.571938
vt 0.266566 0.576835
vt 0.246607 0.622280
vt 0.258478 0.605540
vt 0.249249 0.607106
vt 0.236855 0.626208
vt 0.237400 0.616877
vt 0.237400 0.605409
vt 0.235907 0.616265
vt 0.234613 0.604267
vt 0.233677 0.613074
vt 0.239348 0.634373
vt 0.237904 0.640356
vt 0.235253 0.638444
vt 0.237128 0.633736
vt 0.234462 0.626872
vt 0.231213 0.626731
vt 0.201677 0.599650
vt 0.216830 0.599271
vt 0.213049 0.591349
vt 0.220506 0.591778
vt 0.231408 0.609541
vt 0.226694 0.598925
vt 0.231123 0.592916
vt 0.218739 0.573820
vt 0.254142 0.603190
vt 0.248896 0.604480
vt 0.243072 0.592833
vt 0.236691 0.601390
vt 0.242589 0.603115
vt 0.236004 0.603358
vt 0.231611 0.603602
vt 0.233712 0.601295
vt 0.255635 0.581315
vt 0.244186 0.579581
vt 0.248374 0.573553
vt 0.244977 0.577220
vt 0.234017 0.593746
vt 0.240540 0.583179
vt 0.233835 0.585306
vt 0.235941 0.581351
vt 0.240019 0.575322
vt 0.229318 0.584991
vt 0.379251 0.519880
vt 0.342128 0.524441
vt 0.390986 0.520005
vt 0.361908 0.515481
vt 0.373291 0.503679
vt 0.365170 0.499034
vt 0.359480 0.498282
vt 0.343749 0.510977
vt 0.345065 0.515739
vt 0.352620 0.505683
vt 0.319141 0.508454
vt 0.369414 0.478935
vt 0.359151 0.492654
vt 0.357333 0.480682
vt 0.378909 0.472887
vt 0.386256 0.471038
vt 0.372092 0.472743
vt 0.374125 0.464224
vt 0.363278 0.457854
vt 0.358828 0.469624
vt 0.364232 0.465987
vt 0.351573 0.484448
vt 0.350228 0.496993
vt 0.340993 0.486695
vt 0.331056 0.501227
vt 0.339027 0.462416
vt 0.323441 0.462697
vt 0.315288 0.480422
vt 0.281900 0.517516
vt 0.296562 0.507750
vt 0.253388 0.532808
vt 0.254225 0.556595
vt 0.253831 0.495256
vt 0.307113 0.508307
vt 0.297339 0.468191
vt 0.264228 0.463040
vt 0.367748 0.416478
vt 0.348117 0.415551
vt 0.321177 0.432616
vt 0.345203 0.425678
vt 0.340616 0.364646
vt 0.339739 0.378418
vt 0.340045 0.418766
vt 0.311652 0.424991
vt 0.304264 0.413504
vt 0.312091 0.385071
vt 0.312016 0.404109
vt 0.305573 0.403208
vt 0.295877 0.407410
vt 0.144208 0.445277
vt 0.154433 0.453987
vt 0.173860 0.427859
vt 0.176004 0.446005
vt 0.190607 0.439969
vt 0.177231 0.435273
vt 0.187639 0.443800
vt 0.185646 0.435337
vt 0.194909 0.431837
vt 0.200351 0.429457
vt 0.208030 0.444712
vt 0.279264 0.424469
vt 0.236866 0.462659
vt 0.293634 0.412845
vt 0.289833 0.405343
vt 0.240408 0.440196
vt 0.234383 0.443342
vt 0.245003 0.409982
vt 0.231240 0.437893
vt 0.231330 0.444015
vt 0.231538 0.434155
vt 0.211087 0.411414
vt 0.231072 0.426895
vt 0.234877 0.409995
vt 0.231988 0.429866
vt 0.231680 0.420385
vt 0.197052 0.567274
vt 0.229858 0.565737
vt 0.197112 0.536132
vt 0.239950 0.568714
vt 0.237135 0.562053
vt 0.238038 0.577676
vt 0.235352 0.573483
vt 0.232277 0.566637
vt 0.234528 0.555677
vt 0.230292 0.552597
vt 0.237893 0.545152
vt 0.237934 0.551323
vt 0.236081 0.538737
vt 0.232694 0.550899
vt 0.233485 0.538306
vt 0.231087 0.537990
vt 0.229599 0.538106
vt 0.178869 0.501090
vt 0.205226 0.519337
vt 0.234929 0.526769
vt 0.235729 0.500919
vt 0.233268 0.519896
vt 0.230560 0.513243
vt 0.230033 0.523031
vt 0.230536 0.531067
vt 0.232531 0.508271
vt 0.206532 0.493187
vt 0.230215 0.505399
vt 0.234711 0.496472
vt 0.230802 0.497649
vt 0.164225 0.480893
vt 0.187962 0.472389
vt 0.230343 0.483335
vt 0.205268 0.476900
vt 0.231104 0.465376
vt 0.171444 0.463634
vt 0.189865 0.454440
vt 0.232278 0.485777
vt 0.235114 0.480911
vt 0.230835 0.476405
vt 0.232766 0.465599
vt 0.231054 0.451567
vt 0.723535 0.380974
vt 0.722133 0.366379
vt 0.716551 0.352544
vt 0.724867 0.369601
vt 0.721587 0.355197
vt 0.722057 0.344339
vt 0.732448 0.346217
vt 0.744665 0.348350
vt 0.723822 0.351600
vt 0.724861 0.344124
vt 0.665992 0.370547
vt 0.711399 0.316414
vt 0.696964 0.306280
vt 0.668368 0.317425
vt 0.723284 0.322738
vt 0.725336 0.322716
vt 0.720780 0.324580
vt 0.722322 0.302002
vt 0.724830 0.304381
vt 0.737589 0.292147
vt 0.688332 0.297234
vt 0.670600 0.293962
vt 0.683893 0.289725
vt 0.692122 0.281420
vt 0.652909 0.287938
vt 0.675044 0.281749
vt 0.670584 0.278922
vt 0.722751 0.294398
vt 0.714170 0.283463
vt 0.724858 0.288167
vt 0.721832 0.282561
vt 0.722977 0.273330
vt 0.712482 0.267146
vt 0.725181 0.265866
vt 0.721949 0.273905
vt 0.723074 0.251748
vt 0.734411 0.260903
vt 0.752866 0.278172
vt 0.681532 0.278495
vt 0.688133 0.274953
vt 0.688857 0.267441
vt 0.691164 0.267328
vt 0.675360 0.275974
vt 0.673786 0.277729
vt 0.676914 0.261531
vt 0.662558 0.270062
vt 0.672790 0.273377
vt 0.674170 0.270037
vt 0.669383 0.259640
vt 0.693564 0.262250
vt 0.704272 0.261026
vt 0.687397 0.262512
vt 0.698207 0.249900
vt 0.672469 0.248340
vt 0.780963 0.390276
vt 0.795512 0.417747
vt 0.791526 0.342259
vt 0.813887 0.421557
vt 0.810275 0.405712
vt 0.826303 0.412748
vt 0.834075 0.408099
vt 0.837785 0.423681
vt 0.859851 0.437603
vt 0.847744 0.413292
vt 0.869810 0.418281
vt 0.817135 0.376751
vt 0.861458 0.398936
vt 0.858963 0.408502
vt 0.836914 0.341268
vt 0.884318 0.389653
vt 0.877243 0.408117
vt 0.769678 0.318905
vt 0.798379 0.297854
vt 0.775374 0.276482
vt 0.819316 0.279844
vt 0.905461 0.344631
vt 0.870064 0.318978
vt 0.862973 0.287002
vt 0.909510 0.302249
vt 0.725195 0.245988
vt 0.729454 0.250817
vt 0.711524 0.245458
vt 0.732844 0.241720
vt 0.725730 0.241158
vt 0.722559 0.240757
vt 0.718762 0.237981
vt 0.702399 0.239845
vt 0.739398 0.240445
vt 0.741065 0.245404
vt 0.754407 0.244380
vt 0.727533 0.236586
vt 0.729990 0.240087
vt 0.725709 0.238017
vt 0.730018 0.238171
vt 0.730315 0.236251
vt 0.732590 0.238021
vt 0.724086 0.239420
vt 0.725465 0.236439
vt 0.722243 0.235352
vt 0.715845 0.235624
vt 0.495178 0.037783
vt 0.725387 0.235361
vt 0.480370 0.012500
vt 0.739785 0.238758
vt 0.743678 0.236562
vt 0.473728 0.023599
vt 0.751794 0.239541
vt 0.760342 0.240459
vt 0.788753 0.238589
vt 0.415239 0.013215
vt 0.704318 0.237322
vt 0.690772 0.237078
vt 0.696015 0.235128
vt 0.708205 0.235304
vt 0.496357 0.039836
vt 0.675553 0.239606
vt 0.501307 0.070315
vt 0.498733 0.063923
vt 0.496600 0.059761
vt 0.497080 0.047242
vt 0.473397 0.063735
vt 0.792486 0.252779
vt 0.770454 0.241595
vt 0.451099 0.016707
vt 0.811576 0.239813
vt 0.452020 0.041771
vt 0.427297 0.081785
vt 0.413987 0.045559
vt 0.405088 0.027454
vt 0.835636 0.252069
vt 0.845253 0.265996
vt 0.866062 0.238694
vt 0.868447 0.241131
vt 0.890648 0.255465
vt 0.915384 0.267369
vt 0.318580 0.015428
vt 0.348941 0.031643
vt 0.380180 0.067508
vt 0.352458 0.069271
vt 0.922528 0.241410
vt 0.916992 0.238851
vt 0.334093 0.054734
vt 0.283179 0.031304
vt 0.572771 0.327444
vt 0.608638 0.314748
vt 0.642831 0.296269
vt 0.630645 0.294089
vt 0.593380 0.294675
vt 0.531137 0.312335
vt 0.561955 0.303114
vt 0.579462 0.293786
vt 0.567027 0.294057
vt 0.563424 0.293292
vt 0.568687 0.292696
vt 0.573496 0.291093
vt 0.567693 0.285705
vt 0.564734 0.291111
vt 0.561810 0.285493
vt 0.557943 0.294040
vt 0.551043 0.292319
vt 0.542923 0.291714
vt 0.533302 0.293820
vt 0.561107 0.291686
vt 0.555910 0.288234
vt 0.549923 0.286333
vt 0.533959 0.281699
vt 0.523209 0.288384
vt 0.504993 0.285372
vt 0.539181 0.291646
vt 0.534520 0.286571
vt 0.621057 0.294886
vt 0.620074 0.285960
vt 0.625305 0.280479
vt 0.642041 0.287170
vt 0.641362 0.275452
vt 0.635009 0.286158
vt 0.632666 0.270392
vt 0.611980 0.297768
vt 0.617856 0.294598
vt 0.611936 0.292836
vt 0.602808 0.292992
vt 0.607099 0.291206
vt 0.618218 0.291248
vt 0.610087 0.286332
vt 0.605128 0.289602
vt 0.604789 0.286854
vt 0.600671 0.285101
vt 0.612466 0.278614
vt 0.597958 0.290243
vt 0.595935 0.284866
vt 0.595348 0.288847
vt 0.593436 0.285851
vt 0.583448 0.285136
vt 0.599598 0.277986
vt 0.590182 0.274401
vt 0.594700 0.276969
vt 0.618545 0.268354
vt 0.622835 0.271849
vt 0.607594 0.271409
vt 0.597297 0.270307
vt 0.598646 0.251749
vt 0.600342 0.272628
vt 0.603648 0.271394
vt 0.638830 0.253295
vt 0.624733 0.239201
vt 0.595653 0.237860
vt 0.494529 0.085942
vt 0.496500 0.105982
vt 0.493331 0.107060
vt 0.495523 0.127561
vt 0.492972 0.120550
vt 0.495799 0.137747
vt 0.494847 0.134882
vt 0.492365 0.136306
vt 0.490996 0.126965
vt 0.491799 0.142106
vt 0.579013 0.292070
vt 0.575040 0.284380
vt 0.579109 0.289261
vt 0.573311 0.287294
vt 0.572664 0.274042
vt 0.582833 0.267175
vt 0.548420 0.271990
vt 0.556740 0.253783
vt 0.528691 0.252534
vt 0.505603 0.256494
vt 0.554999 0.239134
vt 0.526240 0.239999
vt 0.515570 0.247818
vt 0.498468 0.179689
vt 0.496564 0.149634
vt 0.494070 0.157316
vt 0.494605 0.162500
vt 0.495559 0.178022
vt 0.494477 0.145918
vt 0.491731 0.152301
vt 0.442081 0.124248
vt 0.490329 0.157288
vt 0.492586 0.159084
vt 0.485308 0.162658
vt 0.476589 0.161715
vt 0.538342 0.237986
vt 0.499562 0.203088
vt 0.496619 0.194662
vt 0.479197 0.197065
vt 0.497668 0.210962
vt 0.520173 0.238455
vt 0.500997 0.217900
vt 0.498495 0.217684
vt 0.497528 0.224575
vt 0.503116 0.281699
vt 0.502815 0.304669
vt 0.500467 0.312509
vt 0.500834 0.269437
vt 0.502744 0.270637
vt 0.503031 0.257608
vt 0.505231 0.245982
vt 0.503297 0.247713
vt 0.500953 0.249166
vt 0.488270 0.266251
vt 0.501910 0.237156
vt 0.500685 0.239097
vt 0.490018 0.238051
vt 0.501891 0.230784
vt 0.498986 0.228068
vt 0.508344 0.238110
vt 0.504807 0.238436
vt 0.501148 0.235279
vt 0.498792 0.233944
vt 0.481261 0.233397
vt 0.498121 0.235107
vt 0.485545 0.235135
vt 0.402825 0.331007
vt 0.379272 0.347836
vt 0.383010 0.340207
vt 0.375396 0.356921
vt 0.361474 0.324497
vt 0.436263 0.290671
vt 0.378510 0.299119
vt 0.383401 0.321600
vt 0.475552 0.164884
vt 0.472842 0.167591
vt 0.461650 0.164398
vt 0.464426 0.167497
vt 0.454388 0.168139
vt 0.443364 0.164859
vt 0.436522 0.167211
vt 0.464241 0.214953
vt 0.411914 0.195432
vt 0.427609 0.216497
vt 0.423269 0.161659
vt 0.357190 0.282650
vt 0.344120 0.285601
vt 0.348353 0.216482
vt 0.466267 0.250139
vt 0.410352 0.259089
vt 0.420883 0.237406
vt 0.460403 0.234594
vt 0.456739 0.233002
vt 0.423022 0.233262
vt 0.401180 0.235680
vt 0.362250 0.252643
vt 0.344961 0.256848
vt 0.380800 0.233133
vt 0.358035 0.235119
vt 0.352247 0.232401
vt 0.344982 0.236340
vt 0.341188 0.244848
vt 0.343556 0.235376
vt 0.338972 0.236294
vt 0.338405 0.253578
vt 0.340720 0.236132
vt 0.338503 0.234225
vt 0.332298 0.231123
vt 0.497430 0.077813
vt 0.496044 0.069521
vt 0.493845 0.069036
vt 0.485380 0.094063
vt 0.381032 0.095956
vt 0.375707 0.128242
vt 0.421043 0.164063
vt 0.404491 0.155022
vt 0.394478 0.149515
vt 0.404303 0.158410
vt 0.388328 0.148975
vt 0.342105 0.101475
vt 0.337454 0.133392
vt 0.342257 0.085961
vt 0.335367 0.069109
vt 0.315207 0.070897
vt 0.329600 0.081883
vt 0.316136 0.098134
vt 0.320873 0.120860
vt 0.392843 0.152154
vt 0.387938 0.152298
vt 0.384321 0.154729
vt 0.383991 0.151034
vt 0.374480 0.164729
vt 0.374118 0.161204
vt 0.358595 0.176046
vt 0.353666 0.175112
vt 0.340468 0.183095
vt 0.337497 0.180351
vt 0.314594 0.181698
vt 0.324883 0.182112
vt 0.335675 0.198798
vt 0.324478 0.185197
vt 0.887173 0.456180
vt 0.893060 0.457804
vt 0.896914 0.450241
vt 0.887060 0.435467
vt 0.886231 0.421857
vt 0.889606 0.438946
vt 0.894025 0.438313
vt 0.889590 0.426505
vt 0.900383 0.434401
vt 0.893763 0.425024
vt 0.906831 0.458482
vt 0.923672 0.466757
vt 0.927682 0.462730
vt 0.922554 0.450796
vt 0.924410 0.456693
vt 0.938598 0.457524
vt 0.919632 0.419745
vt 0.925177 0.440787
vt 0.928020 0.449122
vt 0.937758 0.438886
vt 0.888013 0.410860
vt 0.894455 0.403582
vt 0.909082 0.402483
vt 0.927586 0.425505
vt 0.924768 0.424558
vt 0.936569 0.421664
vt 0.942479 0.443266
vt 0.952213 0.426708
vt 0.931261 0.403205
vt 0.942194 0.401862
vt 0.945957 0.467970
vt 0.969451 0.443370
vt 0.987888 0.473166
vt 0.989667 0.478723
vt 0.988134 0.468213
vt 0.014022 0.450203
vt 0.011157 0.451635
vt 0.015961 0.447444
vt 0.023167 0.442213
vt 0.037923 0.411208
vt 0.054907 0.430676
vt 0.969837 0.417001
vt 0.987215 0.442343
vt 0.012548 0.439395
vt 0.014119 0.438856
vt 0.987248 0.424493
vt 0.012515 0.424849
vt 0.013179 0.434487
vt 0.013532 0.431408
vt 0.015954 0.431787
vt 0.015139 0.427197
vt 0.013144 0.414324
vt 0.015784 0.408034
vt 0.020816 0.416591
vt 0.050883 0.424646
vt 0.013206 0.401276
vt 0.078303 0.407157
vt 0.090369 0.441024
vt 0.088993 0.426232
vt 0.124539 0.439688
vt 0.136660 0.443761
vt 0.138021 0.442179
vt 0.131961 0.430806
vt 0.133628 0.436211
vt 0.143006 0.438282
vt 0.129843 0.424634
vt 0.133577 0.427583
vt 0.133503 0.399785
vt 0.060409 0.426573
vt 0.059612 0.347018
vt 0.107971 0.400807
vt 0.099089 0.358607
vt 0.919217 0.375524
vt 0.958606 0.388024
vt 0.961942 0.355374
vt 0.954298 0.320751
vt 0.987620 0.404724
vt 0.987276 0.380902
vt 0.012966 0.381156
vt 0.013530 0.389648
vt 0.015543 0.372903
vt 0.013636 0.365704
vt 0.025116 0.340785
vt 0.988245 0.362700
vt 0.015119 0.353901
vt 0.987550 0.355432
vt 0.014298 0.346820
vt 0.987881 0.336876
vt 0.013858 0.339209
vt 0.016671 0.337489
vt 0.014646 0.327965
vt 0.044843 0.311175
vt 0.092871 0.316299
vt 0.067575 0.312396
vt 0.068114 0.292454
vt 0.112328 0.334457
vt 0.936051 0.285911
vt 0.953047 0.289347
vt 0.974723 0.294304
vt 0.965069 0.281797
vt 0.930798 0.266632
vt 0.938222 0.270741
vt 0.939020 0.277454
vt 0.942865 0.271686
vt 0.939348 0.275039
vt 0.937806 0.256194
vt 0.940860 0.263432
vt 0.939691 0.266985
vt 0.949697 0.269365
vt 0.923045 0.253496
vt 0.924671 0.256793
vt 0.930493 0.255935
vt 0.933642 0.254935
vt 0.933897 0.249335
vt 0.938421 0.249214
vt 0.944506 0.258470
vt 0.942360 0.249711
vt 0.939234 0.241422
vt 0.945669 0.248458
vt 0.949516 0.254218
vt 0.299934 0.051358
vt 0.951225 0.278229
vt 0.952493 0.275391
vt 0.955602 0.273881
vt 0.955768 0.277259
vt 0.958337 0.277203
vt 0.964883 0.274327
vt 0.953965 0.267418
vt 0.956829 0.268302
vt 0.966908 0.267218
vt 0.977261 0.272277
vt 0.983347 0.279673
vt 0.948926 0.262306
vt 0.952827 0.261506
vt 0.958505 0.264006
vt 0.954483 0.258284
vt 0.955262 0.254665
vt 0.959266 0.261055
vt 0.965721 0.264055
vt 0.958336 0.251683
vt 0.963544 0.258665
vt 0.962949 0.252094
vt 0.953769 0.251237
vt 0.956089 0.251454
vt 0.955728 0.241099
vt 0.966275 0.260878
vt 0.969403 0.256965
vt 0.965594 0.253775
vt 0.968850 0.249454
vt 0.972188 0.262335
vt 0.980473 0.264467
vt 0.983174 0.267401
vt 0.975301 0.261704
vt 0.972704 0.255215
vt 0.975483 0.254986
vt 0.984695 0.256967
vt 0.982514 0.241399
vt 0.272805 0.066769
vt 0.243870 0.073483
vt 0.242845 0.061590
vt 0.987363 0.315865
vt 0.013848 0.316201
vt 0.016091 0.307867
vt 0.013575 0.302143
vt 0.015114 0.285070
vt 0.988358 0.289589
vt 0.018104 0.295608
vt 0.025054 0.282733
vt 0.042519 0.280583
vt 0.100224 0.284988
vt 0.051778 0.267331
vt 0.078067 0.268752
vt 0.017023 0.275231
vt 0.014954 0.252351
vt 0.027339 0.265391
vt 0.017555 0.259424
vt 0.988388 0.264823
vt 0.017866 0.246952
vt 0.988375 0.256096
vt 0.033348 0.248531
vt 0.055777 0.251356
vt 0.082847 0.250183
vt 0.039177 0.236438
vt 0.057310 0.234904
vt 0.089872 0.235579
vt 0.236326 0.066160
vt 0.240006 0.060804
vt 0.241939 0.086317
vt 0.270275 0.013604
vt 0.263940 0.015941
vt 0.259603 0.017617
vt 0.963741 0.239652
vt 0.250653 0.014347
vt 0.988589 0.246156
vt 0.988113 0.240357
vt 0.237922 0.014312
vt 0.239074 0.022819
vt 0.238969 0.017762
vt 0.990296 0.244679
vt 0.989748 0.240533
vt 0.234708 0.018649
vt 0.237317 0.016750
vt 0.235465 0.014616
vt 0.240014 0.031988
vt 0.235033 0.026674
vt 0.241406 0.048594
vt 0.238298 0.040486
vt 0.022357 0.239919
vt 0.235712 0.044345
vt 0.278953 0.359737
vt 0.312316 0.355117
vt 0.298141 0.354119
vt 0.340633 0.316282
vt 0.332281 0.316827
vt 0.311925 0.338979
vt 0.314751 0.305855
vt 0.312018 0.318810
vt 0.307119 0.316979
vt 0.298193 0.330816
vt 0.282544 0.324941
vt 0.155487 0.432435
vt 0.158645 0.441778
vt 0.146359 0.427065
vt 0.160160 0.423507
vt 0.164988 0.409205
vt 0.180707 0.434188
vt 0.178207 0.427272
vt 0.183396 0.430718
vt 0.180630 0.428416
vt 0.188679 0.432674
vt 0.191075 0.421866
vt 0.195642 0.423073
vt 0.180680 0.422523
vt 0.178526 0.416616
vt 0.184677 0.418365
vt 0.180919 0.416953
vt 0.200773 0.422144
vt 0.203174 0.425335
vt 0.201930 0.418360
vt 0.191400 0.411899
vt 0.199619 0.418515
vt 0.200816 0.413816
vt 0.175989 0.407109
vt 0.181877 0.409135
vt 0.191035 0.394083
vt 0.196537 0.411501
vt 0.197391 0.409280
vt 0.159505 0.387233
vt 0.167380 0.361791
vt 0.198949 0.361167
vt 0.262004 0.367985
vt 0.232598 0.415379
vt 0.231434 0.412438
vt 0.232368 0.402402
vt 0.231078 0.395380
vt 0.240833 0.380153
vt 0.232060 0.389778
vt 0.234610 0.375284
vt 0.232649 0.381882
vt 0.261175 0.329531
vt 0.245745 0.329660
vt 0.216907 0.331340
vt 0.232093 0.370370
vt 0.237922 0.351912
vt 0.233891 0.358774
vt 0.231906 0.362029
vt 0.232097 0.352694
vt 0.232989 0.343717
vt 0.232011 0.341284
vt 0.333420 0.299633
vt 0.338503 0.281654
vt 0.314263 0.272233
vt 0.312559 0.272894
vt 0.311980 0.298507
vt 0.299911 0.303548
vt 0.283237 0.306701
vt 0.293718 0.303963
vt 0.265141 0.301516
vt 0.305405 0.278345
vt 0.298628 0.296455
vt 0.296793 0.299423
vt 0.297799 0.288097
vt 0.289074 0.301052
vt 0.289063 0.280383
vt 0.273315 0.286174
vt 0.274479 0.283220
vt 0.270416 0.276320
vt 0.125073 0.348866
vt 0.148263 0.342647
vt 0.120177 0.327651
vt 0.121187 0.311029
vt 0.171658 0.353137
vt 0.171098 0.334452
vt 0.175090 0.329355
vt 0.163276 0.334293
vt 0.148346 0.310709
vt 0.162364 0.320737
vt 0.105783 0.306897
vt 0.136981 0.287805
vt 0.123177 0.301849
vt 0.116488 0.288300
vt 0.163853 0.298942
vt 0.163188 0.282943
vt 0.175033 0.281682
vt 0.172688 0.311618
vt 0.240963 0.287366
vt 0.237172 0.316979
vt 0.254348 0.288124
vt 0.192735 0.328777
vt 0.204224 0.296132
vt 0.232440 0.335551
vt 0.235317 0.332619
vt 0.233346 0.322813
vt 0.232271 0.321463
vt 0.232764 0.306373
vt 0.218968 0.284365
vt 0.234575 0.317500
vt 0.234778 0.306296
vt 0.233537 0.313062
vt 0.234539 0.290622
vt 0.195971 0.285752
vt 0.178487 0.293885
vt 0.195927 0.274031
vt 0.256727 0.252946
vt 0.214626 0.272826
vt 0.233087 0.274610
vt 0.235736 0.275275
vt 0.232882 0.279997
vt 0.235857 0.256917
vt 0.233593 0.268933
vt 0.233349 0.261308
vt 0.232191 0.263677
vt 0.232532 0.296453
vt 0.232871 0.288688
vt 0.341001 0.281039
vt 0.340920 0.261529
vt 0.312398 0.251462
vt 0.307535 0.250076
vt 0.321802 0.235961
vt 0.314653 0.245364
vt 0.327675 0.234293
vt 0.312675 0.235900
vt 0.305580 0.236179
vt 0.281893 0.250642
vt 0.241550 0.249634
vt 0.294622 0.110140
vt 0.317218 0.115386
vt 0.311813 0.134078
vt 0.283186 0.140461
vt 0.246505 0.090763
vt 0.244452 0.085409
vt 0.246091 0.098633
vt 0.249255 0.122899
vt 0.251396 0.150732
vt 0.248139 0.120850
vt 0.298445 0.179184
vt 0.280143 0.172427
vt 0.300839 0.182842
vt 0.285402 0.178305
vt 0.279274 0.214522
vt 0.311113 0.184422
vt 0.270607 0.170740
vt 0.258545 0.196568
vt 0.260458 0.163993
vt 0.264844 0.162999
vt 0.248610 0.151093
vt 0.128116 0.267385
vt 0.137236 0.246105
vt 0.160907 0.263690
vt 0.087909 0.234098
vt 0.237430 0.108343
vt 0.243745 0.104311
vt 0.242663 0.107438
vt 0.107313 0.233678
vt 0.124173 0.234615
vt 0.245501 0.122587
vt 0.236985 0.137070
vt 0.128966 0.235967
vt 0.140086 0.235190
vt 0.246912 0.136380
vt 0.241447 0.173469
vt 0.244938 0.162219
vt 0.163959 0.234163
vt 0.157708 0.235967
vt 0.177483 0.270594
vt 0.180992 0.247426
vt 0.173537 0.265402
vt 0.174085 0.265208
vt 0.174084 0.265208
vt 0.173812 0.265305
vt 0.189263 0.256648
vt 0.204958 0.254508
vt 0.185265 0.236396
vt 0.217328 0.255963
vt 0.233178 0.254153
vt 0.233390 0.246746
vt 0.242105 0.192022
vt 0.239385 0.219506
vt 0.238050 0.230604
vt 0.214298 0.242292
vt 0.212613 0.236301
vt 0.196101 0.235007
vt 0.218742 0.236121
vt 0.216693 0.232603
vt 0.227036 0.233750
vt 0.228189 0.237349
vt 0.227843 0.236389
vt 0.314077 0.233844
vt 0.291899 0.231883
vt 0.302226 0.234837
vt 0.279251 0.234295
vt 0.269868 0.235185
vt 0.253138 0.232381
vt 0.251834 0.234808
vt 0.247616 0.236172
vt 0.236594 0.240750
vt 0.233484 0.242347
vt 0.238071 0.235419
vt 0.237475 0.234207
vt 0.233892 0.237184
vt 0.234965 0.237935
vt 0.493719 0.826719
vt 0.493288 0.820481
vt 0.492997 0.828541
vt 0.732547 0.607546
vt 0.740001 0.608294
vt 0.462420 0.827583
vt 0.777505 0.607513
vt 0.415102 0.828051
vt 0.491928 0.765063
vt 0.492565 0.777384
vt 0.649688 0.610621
vt 0.491117 0.745738
vt 0.491325 0.737372
vt 0.492406 0.804832
vt 0.493416 0.792459
vt 0.491663 0.714688
vt 0.492284 0.711451
vt 0.491971 0.706072
vt 0.492371 0.702633
vt 0.491596 0.728355
vt 0.616325 0.611183
vt 0.577373 0.608147
vt 0.494882 0.662657
vt 0.544156 0.608323
vt 0.382505 0.828350
vt 0.531616 0.606941
vt 0.519425 0.606928
vt 0.496532 0.614682
vt 0.499141 0.608578
vt 0.167754 0.599920
vt 0.187811 0.601284
vt 0.853847 0.604549
vt 0.864734 0.605427
vt 0.879317 0.604696
vt 0.320905 0.827806
vt 0.917349 0.605531
vt 0.941249 0.606283
vt 0.251235 0.825945
vt 0.231088 0.825851
vt 0.009818 0.598485
vt 0.010950 0.546103
vt 0.011585 0.554308
vt 0.989742 0.544570
vt 0.990439 0.535502
vt 0.012710 0.523665
vt 0.012345 0.513634
vt 0.012711 0.503088
vt 0.012904 0.490315
vt 0.011688 0.599704
vt 0.229431 0.822257
vt 0.009561 0.592484
vt 0.988109 0.597026
vt 0.018504 0.597073
vt 0.026641 0.597710
vt 0.989222 0.591048
vt 0.989943 0.577423
vt 0.039661 0.598413
vt 0.053966 0.598823
vt 0.076858 0.598442
vt 0.114648 0.598967
vt 0.135367 0.599716
vt 0.149219 0.598828
vt 0.209064 0.601103
vt 0.225858 0.601150
vt 0.231265 0.600707
vt 0.498266 0.009937
vt 0.495400 0.010877
vt 0.498444 0.015330
vt 0.498788 0.021577
vt 0.498433 0.012278
vt 0.482019 0.010551
vt 0.436883 0.009561
vt 0.499754 0.046511
vt 0.497810 0.041271
vt 0.498137 0.029163
vt 0.666887 0.238502
vt 0.359557 0.011455
vt 0.308630 0.012550
vt 0.501997 0.141530
vt 0.502143 0.199436
vt 0.503426 0.217513
vt 0.503408 0.229801
vt 0.503814 0.233806
vt 0.012713 0.471499
vt 0.011222 0.460980
vt 0.987953 0.458895
vt 0.010540 0.435053
vt 0.010548 0.417184
vt 0.011143 0.397397
vt 0.011063 0.373552
vt 0.012200 0.355342
vt 0.011665 0.348070
vt 0.012023 0.329494
vt 0.243160 0.011674
vt 0.011748 0.308445
vt 0.013110 0.282185
vt 0.990112 0.259743
vt 0.067602 0.233060
vt 0.955420 0.238701
vt 0.261934 0.012928
vt 0.237509 0.012943
vt 0.015503 0.237364
vt 0.015499 0.233215
vt 0.235829 0.013716
vt 0.020131 0.234088
vt 0.016374 0.233145
vt 0.028008 0.233940
vt 0.045712 0.233647
vt 0.109692 0.231553
vt 0.138330 0.232232
vt 0.174825 0.228299
vt 0.013507 0.890153
vt 0.017016 0.847669
vt 0.009561 0.884961
vt 0.173537 0.265402
vt 0.009561 0.865645
vt 0.010109 0.865451
vt 0.010108 0.884767
vt 0.193540 0.227845
vt 0.221363 0.230185
vt 0.233541 0.232658
usemtl material_0
f 1/1/1 2/2/10 3/3/2
f 4/4/3 1/1/1 3/3/2
f 4/1826/3 5/5/4 1/1824/1
f 5/5/4 4/1826/3 6/6/5
f 7/7/6 4/4/3 3/3/2
f 7/7/6 3/3/2 8/8/21
f 4/4/3 7/7/6 9/9/7
f 10/10/8 11/11/9 2/2/10
f 10/10/8 12/12/14 11/11/9
f 13/13/11 2/1825/10 5/5/4
f 2/1825/10 1/1824/1 5/5/4
f 3/3/2 2/2/10 11/11/9
f 11/11/9 14/14/12 3/3/2
f 8/8/21 3/3/2 14/14/12
f 14/14/12 11/11/9 15/15/13
f 15/15/13 11/11/9 12/12/14
f 6/1827/5 4/4/3 16/16/15
f 16/16/15 4/4/3 9/9/7
f 6/6/5 17/17/16 5/5/4
f 18/18/18 17/17/16 6/6/5
f 19/19/17 6/1827/5 16/16/15
f 19/19/17 18/1828/18 6/1827/5
f 13/13/11 5/5/4 17/17/16
f 18/1828/18 19/19/17 20/20/24
f 21/21/73 22/22/19 15/15/13
f 23/23/20 7/7/6 8/8/21
f 7/7/6 23/23/20 24/24/22
f 24/24/22 9/9/7 7/7/6
f 8/8/21 14/14/12 22/22/19
f 22/22/19 14/14/12 15/15/13
f 25/25/162 8/8/21 22/22/19
f 26/26/188 8/8/21 25/25/162
f 8/8/21 26/26/188 23/23/20
f 26/26/188 24/24/22 23/23/20
f 24/24/22 16/16/15 9/9/7
f 16/16/15 27/27/23 19/19/17
f 16/16/15 28/28/26 27/27/23
f 28/28/26 16/16/15 24/24/22
f 29/29/25 17/17/16 18/18/18
f 17/17/16 29/29/25 30/30/68
f 20/1829/24 29/29/25 18/18/18
f 19/19/17 27/27/23 20/20/24
f 27/27/23 31/31/31 20/20/24
f 27/27/23 28/28/26 31/31/31
f 32/32/167 33/33/27 28/28/26
f 34/34/28 29/29/25 20/1829/24
f 20/20/24 31/31/31 34/1830/28
f 29/29/25 34/34/28 35/35/29
f 36/36/30 30/30/68 29/29/25
f 28/28/26 33/33/27 31/31/31
f 37/37/172 31/31/31 33/33/27
f 38/38/34 34/1830/28 31/31/31
f 35/35/29 34/34/28 38/1831/34
f 31/31/31 37/37/172 39/39/32
f 36/36/30 29/29/25 35/35/29
f 38/38/34 31/31/31 40/40/174
f 40/40/174 31/31/31 39/39/32
f 35/35/29 41/41/33 36/36/30
f 38/1831/34 41/41/33 35/35/29
f 38/1831/34 42/42/35 41/41/33
f 42/42/35 43/43/480 41/41/33
f 36/36/30 41/41/33 44/44/36
f 43/43/480 44/44/36 41/41/33
f 44/44/36 45/45/37 36/36/30
f 43/43/480 42/42/35 46/46/38
f 47/47/71 48/48/40 49/49/70
f 50/50/39 49/49/70 48/48/40
f 51/51/44 50/50/39 48/48/40
f 52/52/41 53/53/43 54/54/42
f 53/53/43 55/55/46 56/56/62
f 50/50/39 54/1833/42 49/49/70
f 54/1833/42 50/50/39 52/1832/41
f 50/50/39 57/57/45 52/1832/41
f 50/50/39 51/51/44 57/57/45
f 57/57/45 58/58/56 52/1832/41
f 59/59/47 52/52/41 58/1834/56
f 58/58/56 57/57/45 60/60/52
f 55/55/46 53/53/43 59/59/47
f 59/59/47 53/53/43 52/52/41
f 61/61/48 57/57/45 51/51/44
f 62/62/134 61/61/48 51/51/44
f 63/63/53 57/57/45 61/61/48
f 64/64/49 55/55/46 59/59/47
f 64/64/49 65/65/51 66/66/55
f 67/67/93 64/64/49 66/66/55
f 68/68/50 65/1835/51 60/60/52
f 68/68/50 60/60/52 63/63/53
f 68/68/50 66/1836/55 65/1835/51
f 63/63/53 69/69/97 70/70/54
f 68/68/50 70/70/54 66/1836/55
f 63/63/53 70/70/54 68/68/50
f 71/71/105 69/69/97 63/63/53
f 58/1834/56 64/64/49 59/59/47
f 58/1834/56 65/65/51 64/64/49
f 60/60/52 57/57/45 63/63/53
f 58/58/56 60/60/52 65/1835/51
f 10/10/8 2/2/10 72/72/57
f 72/72/57 73/73/58 10/10/8
f 73/73/58 72/72/57 74/74/66
f 74/74/66 75/75/72 73/73/58
f 12/12/14 76/76/63 77/77/59
f 12/12/14 10/10/8 73/73/58
f 73/73/58 76/76/63 12/12/14
f 78/78/74 15/15/13 12/12/14
f 77/77/59 76/76/63 79/79/60
f 12/12/14 77/77/59 79/79/60
f 79/79/60 76/76/63 80/80/61
f 78/78/74 12/12/14 79/79/60
f 76/76/63 73/73/58 75/75/72
f 75/75/72 56/56/62 76/76/63
f 53/53/43 56/56/62 75/75/72
f 80/80/61 76/76/63 56/56/62
f 56/56/62 81/81/64 80/80/61
f 80/80/61 81/81/64 79/79/60
f 82/82/65 79/79/60 81/81/64
f 13/13/11 72/1837/57 2/1825/10
f 74/1838/66 72/1837/57 83/83/67
f 83/83/67 72/1837/57 13/13/11
f 83/83/67 13/13/11 30/30/68
f 47/47/71 83/83/67 30/30/68
f 30/30/68 13/13/11 17/17/16
f 74/1838/66 83/83/67 84/84/69
f 49/49/70 74/1838/66 84/84/69
f 84/84/69 83/83/67 47/47/71
f 84/84/69 47/47/71 49/49/70
f 54/54/42 75/75/72 74/74/66
f 54/54/42 53/53/43 75/75/72
f 74/1838/66 49/49/70 54/1833/42
f 51/51/44 48/48/40 47/47/71
f 21/21/73 78/78/74 85/85/75
f 78/78/74 21/21/73 15/15/13
f 85/85/75 78/78/74 79/79/60
f 85/85/75 79/79/60 82/82/65
f 85/85/75 86/86/185 21/21/73
f 22/22/19 21/21/73 86/86/185
f 85/85/75 87/87/76 86/86/185
f 88/88/77 89/89/82 82/82/65
f 82/82/65 81/81/64 88/88/77
f 87/87/76 82/82/65 90/90/187
f 82/82/65 87/87/76 85/85/75
f 90/90/187 82/82/65 89/89/82
f 81/81/64 56/56/62 91/91/78
f 91/91/78 56/56/62 55/55/46
f 81/81/64 91/91/78 92/92/79
f 91/91/78 55/55/46 92/92/79
f 92/92/79 88/88/77 81/81/64
f 88/88/77 92/92/79 93/93/95
f 94/94/80 88/88/77 93/93/95
f 94/94/80 95/95/81 88/88/77
f 88/88/77 95/95/81 96/96/127
f 96/96/127 89/89/82 88/88/77
f 96/96/127 97/97/181 89/89/82
f 97/97/181 96/96/127 98/98/83
f 99/99/119 100/100/107 101/101/88
f 101/101/88 102/102/111 103/103/84
f 102/1839/111 104/104/85 103/1840/84
f 104/104/85 105/105/86 106/106/90
f 107/107/87 99/99/119 101/101/88
f 99/99/119 107/107/87 108/108/89
f 109/109/114 108/1842/89 107/1841/87
f 107/107/87 101/101/88 103/103/84
f 104/104/85 110/110/115 109/109/114
f 104/104/85 109/109/114 107/1841/87
f 106/106/90 110/110/115 104/104/85
f 104/104/85 107/1841/87 103/1840/84
f 111/111/91 112/112/92 113/113/112
f 67/67/93 55/55/46 64/64/49
f 67/67/93 114/114/108 55/55/46
f 67/67/93 115/115/94 116/116/103
f 55/55/46 114/114/108 117/117/109
f 55/55/46 117/117/109 92/92/79
f 93/93/95 92/92/79 117/117/109
f 93/93/95 117/117/109 118/118/96
f 119/119/100 69/69/97 120/120/98
f 121/121/99 119/119/100 120/120/98
f 69/69/97 122/122/106 120/120/98
f 70/70/54 119/119/100 66/1836/55
f 119/119/100 70/70/54 69/69/97
f 66/1836/55 119/119/100 121/121/99
f 121/121/99 115/1843/94 66/1836/55
f 67/67/93 66/66/55 115/115/94
f 121/121/99 120/120/98 123/123/102
f 124/124/101 125/125/104 123/123/102
f 121/121/99 125/125/104 115/1843/94
f 123/123/102 125/125/104 121/121/99
f 124/124/101 120/120/98 105/105/86
f 116/116/103 115/115/94 125/1844/104
f 123/123/102 120/120/98 124/124/101
f 120/120/98 122/122/106 105/105/86
f 71/71/105 105/105/86 122/122/106
f 118/118/96 112/112/92 93/93/95
f 116/116/103 114/114/108 67/67/93
f 114/114/108 116/116/103 101/101/88
f 100/100/107 114/114/108 101/101/88
f 117/117/109 114/114/108 100/100/107
f 118/118/96 117/117/109 126/126/110
f 102/1839/111 125/125/104 124/124/101
f 101/101/88 116/116/103 102/102/111
f 116/116/103 125/1844/104 102/102/111
f 105/105/86 104/104/85 124/124/101
f 104/104/85 102/1839/111 124/124/101
f 113/113/112 118/118/96 126/126/110
f 112/112/92 118/118/96 113/113/112
f 127/127/120 128/128/117 129/129/122
f 117/117/109 100/100/107 130/130/113
f 99/99/119 130/130/113 100/100/107
f 108/1842/89 109/109/114 128/128/117
f 127/127/120 108/1842/89 128/128/117
f 128/128/117 109/109/114 110/110/115
f 110/110/115 131/131/116 132/132/118
f 133/133/142 128/128/117 132/132/118
f 128/128/117 110/110/115 132/132/118
f 99/99/119 108/108/89 127/1845/120
f 128/128/117 133/133/142 134/134/144
f 134/134/144 129/129/122 128/128/117
f 135/135/305 130/130/113 99/99/119
f 135/135/305 99/99/119 127/1845/120
f 136/136/121 135/135/305 127/1845/120
f 127/127/120 129/129/122 137/137/123
f 127/127/120 137/137/123 136/1846/121
f 136/1846/121 137/137/123 138/138/150
f 139/139/124 113/113/112 140/140/125
f 139/139/124 140/140/125 141/141/126
f 126/126/110 117/117/109 130/130/113
f 126/126/110 142/142/337 113/113/112
f 142/142/337 140/140/125 113/113/112
f 140/140/125 142/142/337 143/143/128
f 94/94/80 112/112/92 111/111/91
f 94/94/80 93/93/95 112/112/92
f 96/96/127 95/95/81 94/94/80
f 94/94/80 111/111/91 96/96/127
f 96/96/127 111/111/91 141/141/126
f 141/141/126 111/111/91 113/113/112
f 98/98/83 96/96/127 143/143/128
f 141/141/126 113/113/112 139/139/124
f 143/143/128 141/141/126 140/140/125
f 143/143/128 96/96/127 141/141/126
f 143/143/128 144/144/129 98/98/83
f 61/61/48 71/71/105 63/63/53
f 71/71/105 61/61/48 145/145/137
f 61/61/48 62/62/134 146/146/138
f 147/147/131 146/146/138 62/62/134
f 146/146/138 147/147/131 148/148/130
f 149/149/139 148/148/130 147/147/131
f 150/150/132 149/149/139 147/147/131
f 147/147/131 151/151/135 150/150/132
f 51/51/44 47/47/71 30/30/68
f 30/30/68 62/62/134 51/51/44
f 152/152/133 147/147/131 62/62/134
f 152/152/133 62/62/134 30/30/68
f 152/152/133 30/30/68 151/151/135
f 151/151/135 30/30/68 36/36/30
f 36/36/30 45/45/37 151/151/135
f 147/147/131 152/152/133 151/151/135
f 105/105/86 153/153/136 106/106/90
f 154/154/140 153/153/136 71/71/105
f 131/131/116 110/110/115 106/106/90
f 106/106/90 153/153/136 131/131/116
f 154/154/140 131/131/116 153/153/136
f 69/69/97 71/71/105 122/122/106
f 71/71/105 145/145/137 154/154/140
f 71/71/105 153/153/136 105/105/86
f 146/146/138 154/154/140 145/145/137
f 146/146/138 145/145/137 61/61/48
f 149/149/139 146/146/138 148/148/130
f 149/149/139 154/154/140 146/146/138
f 149/149/139 150/150/132 154/154/140
f 155/155/141 156/156/157 129/129/122
f 132/132/118 131/131/116 133/133/142
f 157/157/143 133/133/142 131/131/116
f 158/158/152 157/157/143 131/131/116
f 158/158/152 159/159/147 157/157/143
f 133/133/142 157/157/143 134/134/144
f 160/160/145 129/129/122 134/134/144
f 159/159/147 134/134/144 157/157/143
f 159/159/147 160/160/145 134/134/144
f 160/160/145 159/159/147 155/155/141
f 155/155/141 129/129/122 160/160/145
f 161/161/148 155/155/141 159/159/147
f 162/162/146 159/159/147 158/158/152
f 162/162/146 161/161/148 159/159/147
f 156/156/157 155/155/141 161/161/148
f 131/131/116 154/154/140 158/158/152
f 163/163/149 156/156/157 161/161/148
f 163/163/149 161/161/148 162/162/146
f 137/137/123 129/129/122 156/156/157
f 156/156/157 138/138/150 137/137/123
f 164/164/153 163/163/149 162/162/146
f 164/164/153 165/165/155 163/163/149
f 166/166/151 162/162/146 158/158/152
f 164/164/153 162/162/146 166/166/151
f 167/167/154 164/164/153 166/166/151
f 168/168/156 167/167/154 166/166/151
f 167/167/154 165/165/155 164/164/153
f 167/167/154 168/168/156 165/165/155
f 156/156/157 163/163/149 165/165/155
f 158/158/152 154/154/140 166/166/151
f 165/165/155 168/168/156 156/156/157
f 169/169/824 156/156/157 170/170/158
f 150/150/132 166/166/151 154/154/140
f 171/171/483 166/166/151 150/150/132
f 156/156/157 168/168/156 170/170/158
f 168/168/156 166/166/151 171/171/483
f 170/170/158 168/168/156 172/172/159
f 172/172/159 168/168/156 171/171/483
f 173/173/160 172/172/159 171/171/483
f 173/173/160 170/170/158 172/172/159
f 174/174/161 26/26/188 25/25/162
f 22/22/19 175/175/184 25/25/162
f 175/175/184 174/174/161 25/25/162
f 176/176/163 24/24/22 26/26/188
f 24/24/22 176/176/163 177/177/164
f 24/24/22 177/177/164 28/28/26
f 32/32/167 28/28/26 177/177/164
f 177/177/164 176/176/163 178/178/165
f 179/179/166 32/32/167 177/177/164
f 178/178/165 179/179/166 177/177/164
f 180/180/168 32/32/167 179/179/166
f 181/181/170 180/180/168 179/179/166
f 32/32/167 180/180/168 181/181/170
f 178/178/165 181/181/170 179/179/166
f 181/181/170 33/33/27 32/32/167
f 33/33/27 181/181/170 182/182/169
f 37/37/172 182/182/169 181/181/170
f 37/37/172 33/33/27 182/182/169
f 181/181/170 183/183/171 37/37/172
f 37/37/172 183/183/171 39/39/32
f 181/181/170 178/178/165 183/183/171
f 183/183/171 178/178/165 184/184/225
f 185/185/173 38/38/34 40/40/174
f 186/186/175 40/40/174 39/39/32
f 185/185/173 40/40/174 186/186/175
f 38/1831/34 46/46/38 42/42/35
f 39/39/32 183/183/171 186/186/175
f 187/187/176 186/186/175 183/183/171
f 188/188/227 186/186/175 187/187/176
f 189/189/180 190/190/183 191/191/177
f 192/192/179 175/175/184 191/191/177
f 193/193/189 175/175/184 194/194/178
f 194/194/178 175/175/184 192/192/179
f 195/195/196 192/192/179 191/191/177
f 196/196/182 189/189/180 97/97/181
f 189/189/180 196/196/182 190/190/183
f 191/191/177 190/190/183 196/196/182
f 191/191/177 196/196/182 195/195/196
f 97/97/181 197/197/204 196/196/182
f 197/197/204 195/195/196 196/196/182
f 175/175/184 22/22/19 86/86/185
f 191/191/177 175/175/184 86/86/185
f 191/191/177 86/86/185 87/87/76
f 198/198/190 199/199/186 26/26/188
f 189/189/180 191/191/177 87/87/76
f 87/87/76 90/90/187 189/189/180
f 90/90/187 89/89/82 97/97/181
f 189/189/180 90/90/187 97/97/181
f 175/175/184 193/193/189 174/174/161
f 26/26/188 174/174/161 193/193/189
f 199/199/186 198/198/190 200/200/191
f 176/176/163 199/199/186 200/200/191
f 178/178/165 176/176/163 200/200/191
f 201/201/192 26/26/188 193/193/189
f 198/198/190 26/26/188 201/201/192
f 202/202/210 198/198/190 201/201/192
f 202/202/210 203/203/193 198/198/190
f 198/198/190 203/203/193 200/200/191
f 200/200/191 204/204/226 178/178/165
f 205/205/197 193/193/189 194/194/178
f 201/201/192 193/193/189 205/205/197
f 206/206/211 201/201/192 205/205/197
f 207/207/194 205/205/197 194/194/178
f 208/208/195 209/209/198 192/192/179
f 208/208/195 192/192/179 195/195/196
f 192/192/179 209/209/198 194/194/178
f 207/207/194 194/194/178 209/209/198
f 210/210/199 206/206/211 205/205/197
f 207/207/194 211/211/200 205/205/197
f 207/207/194 209/209/198 211/211/200
f 211/211/200 209/209/198 212/212/201
f 210/210/199 205/205/197 211/211/200
f 210/210/199 213/213/233 206/206/211
f 214/214/202 210/210/199 211/211/200
f 211/211/200 212/212/201 214/214/202
f 206/206/211 213/213/233 215/215/203
f 208/208/195 195/195/196 197/197/204
f 209/209/198 208/208/195 212/212/201
f 208/208/195 197/197/204 212/212/201
f 197/197/204 97/97/181 216/216/205
f 212/212/201 197/197/204 216/216/205
f 216/216/205 217/217/206 212/212/201
f 212/212/201 217/217/206 218/218/208
f 219/219/207 214/214/202 212/212/201
f 219/219/207 212/212/201 218/218/208
f 217/217/206 216/216/205 220/220/209
f 218/218/208 217/217/206 220/220/209
f 202/202/210 201/201/192 206/206/211
f 200/200/191 203/203/193 221/221/212
f 202/202/210 221/221/212 203/203/193
f 202/202/210 222/222/213 221/221/212
f 202/202/210 206/206/211 222/222/213
f 200/200/191 221/221/212 204/204/226
f 222/222/213 204/204/226 221/221/212
f 204/204/226 222/222/213 223/223/217
f 222/222/213 206/206/211 224/224/214
f 224/224/214 206/206/211 215/215/203
f 224/224/214 225/225/215 222/222/213
f 224/224/214 215/215/203 225/225/215
f 222/222/213 226/226/216 223/223/217
f 227/227/247 226/226/216 222/222/213
f 97/97/181 98/98/83 228/228/219
f 229/229/218 228/228/219 230/230/220
f 98/98/83 144/144/129 230/230/220
f 228/228/219 98/98/83 230/230/220
f 216/216/205 97/97/181 228/228/219
f 231/231/267 216/216/205 228/228/219
f 220/220/209 216/216/205 231/231/267
f 232/232/221 231/231/267 228/228/219
f 228/228/219 233/233/224 232/232/221
f 234/234/222 232/232/221 233/233/224
f 232/232/221 234/234/222 231/231/267
f 229/229/218 235/235/223 228/228/219
f 235/235/223 233/233/224 228/228/219
f 235/235/223 234/234/222 233/233/224
f 231/231/267 234/234/222 235/235/223
f 231/231/267 235/235/223 236/236/398
f 237/237/281 231/231/267 236/236/398
f 229/229/218 236/236/398 235/235/223
f 184/184/225 178/178/165 204/204/226
f 184/184/225 204/204/226 223/223/217
f 184/184/225 223/223/217 183/183/171
f 187/187/176 183/183/171 223/223/217
f 187/187/176 223/223/217 226/226/216
f 226/226/216 188/188/227 187/187/176
f 188/188/227 226/226/216 238/238/228
f 239/239/229 240/240/552 188/188/227
f 188/188/227 238/238/228 239/239/229
f 210/210/199 241/241/231 213/213/233
f 241/241/231 242/242/235 213/213/233
f 243/243/230 244/244/238 210/210/199
f 241/241/231 210/210/199 244/244/238
f 244/244/238 245/245/234 241/241/231
f 243/243/230 210/210/199 214/214/202
f 243/243/230 214/214/202 246/246/232
f 219/219/207 246/246/232 214/214/202
f 213/213/233 225/225/215 215/215/203
f 245/245/234 242/242/235 241/241/231
f 242/242/235 225/225/215 213/213/233
f 247/247/240 245/245/234 244/244/238
f 246/246/232 248/248/236 243/243/230
f 244/244/238 243/243/230 248/248/236
f 249/249/237 242/242/235 245/245/234
f 249/249/237 225/225/215 242/242/235
f 247/247/240 249/249/237 245/245/234
f 250/250/239 244/244/238 248/248/236
f 251/251/246 252/252/241 248/248/236
f 248/248/236 252/252/241 250/250/239
f 250/250/239 247/247/240 244/244/238
f 252/252/241 247/247/240 250/250/239
f 247/247/240 253/253/242 249/249/237
f 218/218/208 254/254/243 255/255/244
f 256/256/265 255/255/244 254/254/243
f 246/246/232 219/219/207 255/255/244
f 218/218/208 255/255/244 219/219/207
f 254/254/243 218/218/208 220/220/209
f 255/255/244 257/257/245 246/246/232
f 251/251/246 248/248/236 246/246/232
f 251/251/246 246/246/232 257/257/245
f 257/257/245 255/255/244 256/256/265
f 256/256/265 258/258/289 257/257/245
f 258/258/289 259/259/253 257/257/245
f 225/225/215 227/227/247 222/222/213
f 227/227/247 225/225/215 260/260/248
f 225/225/215 249/249/237 260/260/248
f 260/260/248 249/249/237 253/253/242
f 261/261/301 227/227/247 260/260/248
f 260/260/248 262/262/302 261/261/301
f 247/247/240 263/263/260 253/253/242
f 264/264/250 251/251/246 257/257/245
f 265/265/254 251/251/246 266/266/249
f 264/264/250 266/266/249 251/251/246
f 252/252/241 251/251/246 265/265/254
f 265/265/254 267/267/258 252/252/241
f 267/267/258 247/247/240 252/252/241
f 268/268/255 266/266/249 264/264/250
f 259/259/253 264/264/250 257/257/245
f 269/269/251 264/264/250 259/259/253
f 270/270/252 269/269/251 259/259/253
f 266/266/249 268/268/255 265/265/254
f 271/271/1040 265/265/254 268/268/255
f 272/272/257 265/265/254 271/271/1040
f 268/268/255 273/273/256 274/274/1041
f 271/271/1040 268/268/255 274/274/1041
f 272/272/257 267/267/258 265/265/254
f 275/275/259 267/267/258 272/272/257
f 264/264/250 269/269/251 268/268/255
f 268/268/255 269/269/251 273/273/256
f 267/267/258 263/263/260 247/247/240
f 275/275/259 263/263/260 267/267/258
f 260/260/248 253/253/242 276/276/261
f 276/276/261 262/262/302 260/260/248
f 277/277/1100 262/262/302 276/276/261
f 278/278/262 276/276/261 253/253/242
f 277/277/1100 276/276/261 278/278/262
f 263/263/260 278/278/262 253/253/242
f 256/256/265 254/254/243 279/279/268
f 280/280/263 281/281/264 279/279/268
f 279/279/268 281/281/264 256/256/265
f 231/231/267 282/282/266 280/280/263
f 282/282/266 281/281/264 280/280/263
f 231/231/267 283/283/280 282/282/266
f 284/284/271 282/282/266 283/283/280
f 279/279/268 254/254/243 220/220/209
f 279/279/268 220/220/209 231/231/267
f 279/279/268 231/231/267 280/280/263
f 285/285/269 256/256/265 281/281/264
f 258/258/289 256/256/265 286/286/274
f 256/256/265 285/285/269 286/286/274
f 285/285/269 281/281/264 282/282/266
f 285/285/269 282/282/266 287/287/270
f 284/284/271 287/287/270 282/282/266
f 288/288/272 284/284/271 283/283/280
f 287/287/270 284/284/271 288/288/272
f 289/289/273 287/287/270 288/288/272
f 286/286/274 285/285/269 287/287/270
f 289/289/273 286/286/274 287/287/270
f 289/289/273 290/290/275 286/286/274
f 291/291/291 286/286/274 290/290/275
f 290/290/275 289/289/273 292/292/276
f 292/292/276 293/293/277 290/290/275
f 231/231/267 294/294/278 283/283/280
f 295/295/279 283/283/280 294/294/278
f 237/237/281 295/295/279 294/294/278
f 295/295/279 237/237/281 296/296/282
f 296/296/282 237/237/281 297/297/283
f 298/298/284 296/296/282 297/297/283
f 297/297/283 237/237/281 298/298/284
f 294/294/278 231/231/267 237/237/281
f 237/237/281 236/236/398 298/298/284
f 288/288/272 283/283/280 295/295/279
f 292/292/276 289/289/273 288/288/272
f 299/299/285 295/295/279 296/296/282
f 288/288/272 295/295/279 299/299/285
f 296/296/282 300/300/286 299/299/285
f 299/299/285 292/292/276 288/288/272
f 299/299/285 293/293/277 292/292/276
f 300/300/286 301/301/296 299/299/285
f 300/300/286 296/296/282 302/302/287
f 296/296/282 298/298/284 302/302/287
f 301/301/296 300/300/286 303/303/288
f 304/304/298 300/300/286 302/302/287
f 303/303/288 300/300/286 304/304/298
f 270/270/252 259/259/253 258/258/289
f 270/270/252 258/258/289 286/286/274
f 286/286/274 291/291/291 270/270/252
f 270/270/252 305/305/290 269/269/251
f 305/305/290 270/270/252 291/291/291
f 306/306/294 305/305/290 291/291/291
f 293/293/277 307/307/292 290/290/275
f 290/290/275 307/307/292 291/291/291
f 308/308/293 306/306/294 291/291/291
f 307/307/292 308/308/293 291/291/291
f 273/273/256 269/269/251 305/305/290
f 309/309/295 273/273/256 306/306/294
f 306/306/294 273/273/256 305/305/290
f 307/307/292 293/293/277 299/299/285
f 307/307/292 299/299/285 301/301/296
f 308/308/293 307/307/292 301/301/296
f 301/301/296 303/303/288 310/310/297
f 310/310/297 303/303/288 304/304/298
f 304/304/298 311/311/453 310/310/297
f 311/311/453 301/301/296 310/310/297
f 312/312/1184 308/308/293 301/301/296
f 312/312/1184 301/301/296 313/313/456
f 226/226/216 227/227/247 261/261/301
f 314/314/299 315/315/300 261/261/301
f 315/315/300 226/226/216 261/261/301
f 238/238/228 226/226/216 315/315/300
f 315/315/300 314/314/299 316/316/661
f 261/261/301 262/262/302 314/314/299
f 314/314/299 262/262/302 277/277/1100
f 317/317/1099 314/314/299 277/277/1100
f 26/26/188 199/199/186 176/176/163
f 138/1847/150 318/318/303 136/136/121
f 130/130/113 135/135/305 319/319/304
f 318/318/303 319/319/304 135/135/305
f 320/320/306 138/138/150 321/321/307
f 321/321/307 322/322/309 320/320/306
f 320/1849/306 322/1850/309 323/323/308
f 318/318/303 320/1849/306 323/323/308
f 318/318/303 138/1847/150 320/1849/306
f 323/323/308 319/319/304 318/318/303
f 323/323/308 322/1850/309 324/324/310
f 126/126/110 323/323/308 324/324/310
f 324/324/310 322/1850/309 325/325/311
f 324/324/310 325/325/311 326/326/320
f 325/325/311 327/327/312 326/326/320
f 328/328/318 326/326/320 327/327/312
f 327/327/312 329/329/313 330/330/317
f 327/1852/312 331/331/325 329/329/313
f 332/332/316 329/329/313 333/333/314
f 334/334/315 332/332/316 333/333/314
f 332/332/316 330/330/317 329/329/313
f 328/328/318 327/327/312 330/330/317
f 335/335/319 328/328/318 330/330/317
f 332/332/316 335/335/319 330/330/317
f 326/326/320 336/336/322 324/324/310
f 328/328/318 335/335/319 326/326/320
f 336/336/322 326/326/320 335/335/319
f 337/337/321 336/336/322 338/338/323
f 335/335/319 338/338/323 336/336/322
f 335/335/319 332/332/316 339/339/324
f 340/340/329 339/339/324 332/332/316
f 341/341/339 335/335/319 339/339/324
f 338/338/323 335/335/319 341/341/339
f 156/156/157 321/321/307 138/138/150
f 342/342/330 321/321/307 156/156/157
f 343/343/326 325/1851/311 322/322/309
f 343/343/326 322/322/309 321/321/307
f 343/343/326 331/331/325 325/1851/311
f 344/344/328 331/331/325 343/343/326
f 329/329/313 331/331/325 333/333/314
f 331/331/325 327/1852/312 325/1851/311
f 345/345/327 333/333/314 331/331/325
f 344/344/328 343/343/326 321/321/307
f 345/345/327 331/331/325 344/344/328
f 333/333/314 345/345/327 346/346/332
f 334/334/315 333/333/314 346/346/332
f 340/340/329 334/334/315 346/346/332
f 321/321/307 342/342/330 344/344/328
f 347/347/333 346/346/332 345/345/327
f 348/348/331 346/346/332 347/347/333
f 349/349/334 348/348/331 347/347/333
f 332/332/316 334/334/315 340/340/329
f 348/348/331 340/340/329 346/346/332
f 345/345/327 344/344/328 350/350/335
f 342/342/330 350/350/335 344/344/328
f 342/342/330 351/351/336 350/350/335
f 347/347/333 345/345/327 352/352/375
f 350/350/335 352/352/375 345/345/327
f 126/126/110 130/130/113 319/319/304
f 135/135/305 136/136/121 318/318/303
f 143/143/128 142/142/337 353/353/338
f 319/319/304 323/323/308 126/126/110
f 336/336/322 142/142/337 126/126/110
f 336/336/322 337/337/321 142/142/337
f 336/336/322 126/126/110 324/324/310
f 144/144/129 143/143/128 353/353/338
f 353/353/338 142/142/337 337/337/321
f 337/337/321 354/354/340 353/353/338
f 338/338/323 355/355/349 337/337/321
f 355/355/349 338/338/323 341/341/339
f 341/341/339 339/339/324 356/356/364
f 337/337/321 355/355/349 354/354/340
f 357/357/341 355/355/349 341/341/339
f 357/357/341 341/341/339 356/356/364
f 358/358/350 355/355/349 359/359/343
f 360/360/344 357/357/341 356/356/364
f 360/360/344 356/356/364 361/361/365
f 360/360/344 361/361/365 362/362/342
f 355/355/349 357/357/341 359/359/343
f 359/359/343 357/357/341 360/360/344
f 363/363/345 359/359/343 360/360/344
f 363/363/345 360/360/344 364/364/346
f 364/364/346 360/360/344 362/362/342
f 144/144/129 353/353/338 365/365/347
f 365/365/347 353/353/338 354/354/340
f 358/358/350 366/366/348 355/355/349
f 354/354/340 355/355/349 366/366/348
f 358/358/350 359/359/343 363/363/345
f 367/367/351 363/363/345 364/364/346
f 367/367/351 364/364/346 368/368/352
f 369/369/354 363/363/345 367/367/351
f 365/365/347 354/354/340 370/370/353
f 354/354/340 366/366/348 370/370/353
f 369/369/354 371/371/358 363/363/345
f 369/369/354 372/372/355 371/371/358
f 358/358/350 363/363/345 373/373/360
f 371/371/358 373/373/360 363/363/345
f 374/374/356 373/373/360 371/371/358
f 375/375/357 374/374/356 371/371/358
f 372/372/355 375/375/357 371/371/358
f 374/374/356 375/375/357 376/376/359
f 144/144/129 365/365/347 377/377/395
f 377/377/395 365/365/347 378/378/397
f 378/378/397 365/365/347 379/379/404
f 365/365/347 370/370/353 379/379/404
f 374/374/356 376/376/359 373/373/360
f 380/380/389 376/376/359 375/375/357
f 358/358/350 373/373/360 381/381/361
f 373/373/360 376/376/359 381/381/361
f 379/379/404 370/370/353 366/366/348
f 382/382/362 366/366/348 358/358/350
f 382/382/362 358/358/350 381/381/361
f 383/383/410 384/384/408 381/381/361
f 381/381/361 376/376/359 383/383/410
f 383/383/410 376/376/359 380/380/389
f 385/385/363 356/356/364 340/340/329
f 385/385/363 340/340/329 348/348/331
f 385/385/363 361/361/365 356/356/364
f 385/385/363 348/348/331 386/386/366
f 386/386/366 348/348/331 349/349/334
f 361/361/365 385/385/363 386/386/366
f 361/361/365 386/386/366 362/362/342
f 387/387/368 364/364/346 362/362/342
f 386/386/366 349/349/334 388/388/370
f 389/389/369 362/362/342 386/386/366
f 389/389/369 386/386/366 388/388/370
f 390/390/373 349/349/334 347/347/333
f 388/388/370 349/349/334 391/391/367
f 390/390/373 391/391/367 349/349/334
f 364/364/346 387/387/368 368/368/352
f 387/387/368 362/362/342 389/389/369
f 368/368/352 387/387/368 389/389/369
f 368/368/352 372/372/355 367/367/351
f 372/372/355 368/368/352 392/392/384
f 368/368/352 389/389/369 392/392/384
f 392/392/384 389/389/369 388/388/370
f 369/369/354 367/367/351 372/372/355
f 388/388/370 391/391/367 393/393/371
f 393/393/371 392/392/384 388/388/370
f 342/342/330 156/156/157 169/169/824
f 342/342/330 169/169/824 351/351/336
f 394/394/372 390/390/373 347/347/333
f 390/390/373 394/394/372 395/395/374
f 391/391/367 390/390/373 395/395/374
f 347/347/333 352/352/375 394/394/372
f 352/352/375 350/350/335 396/396/376
f 352/352/375 397/397/377 394/394/372
f 398/398/379 394/394/372 397/397/377
f 396/396/376 350/350/335 351/351/336
f 396/396/376 399/399/378 352/352/375
f 397/397/377 352/352/375 399/399/378
f 400/400/383 398/398/379 397/397/377
f 397/397/377 399/399/378 401/401/826
f 401/401/826 400/400/383 397/397/377
f 398/398/379 395/395/374 394/394/372
f 402/402/380 395/395/374 398/398/379
f 403/403/381 395/395/374 402/402/380
f 403/403/381 402/402/380 398/398/379
f 398/398/379 400/400/383 403/403/381
f 393/393/371 391/391/367 404/404/382
f 391/391/367 395/395/374 404/404/382
f 393/393/371 404/404/382 405/405/833
f 406/406/386 393/393/371 405/405/833
f 404/404/382 395/395/374 403/403/381
f 400/400/383 407/407/829 403/403/381
f 404/404/382 403/403/381 407/407/829
f 404/404/382 407/407/829 405/405/833
f 375/375/357 372/372/355 408/408/391
f 408/408/391 372/372/355 392/392/384
f 392/392/384 393/393/371 409/409/385
f 393/393/371 406/406/386 410/410/387
f 410/410/387 409/409/385 393/393/371
f 405/405/833 410/410/387 406/406/386
f 375/375/357 411/411/388 380/380/389
f 408/408/391 411/411/388 375/375/357
f 380/380/389 411/411/388 408/408/391
f 412/412/390 408/408/391 392/392/384
f 380/380/389 408/408/391 413/413/392
f 413/413/392 383/383/410 380/380/389
f 412/412/390 413/413/392 408/408/391
f 392/392/384 409/409/385 412/412/390
f 414/414/393 412/412/390 409/409/385
f 409/409/385 410/410/387 415/415/394
f 416/416/399 229/229/218 417/417/396
f 377/377/395 230/230/220 144/144/129
f 230/230/220 377/377/395 417/417/396
f 417/417/396 229/229/218 230/230/220
f 377/377/395 378/378/397 417/417/396
f 418/418/403 378/378/397 379/379/404
f 418/418/403 417/417/396 378/378/397
f 416/416/399 417/417/396 418/418/403
f 229/229/218 416/416/399 236/236/398
f 416/416/399 418/418/403 419/419/400
f 419/419/400 418/418/403 420/420/401
f 421/421/402 416/416/399 419/419/400
f 420/420/401 418/418/403 422/422/415
f 366/366/348 423/423/405 379/379/404
f 382/382/362 381/381/361 384/384/408
f 423/423/405 366/366/348 382/382/362
f 424/424/412 379/379/404 423/423/405
f 425/425/413 423/423/405 426/426/406
f 423/423/405 382/382/362 427/427/407
f 427/427/407 382/382/362 384/384/408
f 428/428/409 384/384/408 383/383/410
f 428/428/409 427/427/407 384/384/408
f 429/429/411 427/427/407 428/428/409
f 426/426/406 423/423/405 427/427/407
f 426/426/406 427/427/407 429/429/411
f 430/430/420 429/429/411 428/428/409
f 430/430/420 428/428/409 383/383/410
f 379/379/404 424/424/412 422/422/415
f 425/425/413 424/424/412 423/423/405
f 422/422/415 424/424/412 425/425/413
f 425/425/413 431/431/414 422/422/415
f 425/425/413 426/426/406 431/431/414
f 432/432/416 422/422/415 431/431/414
f 433/433/417 431/431/414 434/434/418
f 432/432/416 435/435/423 422/422/415
f 431/431/414 433/433/417 432/432/416
f 429/429/411 434/434/418 426/426/406
f 426/426/406 434/434/418 431/431/414
f 434/434/418 429/429/411 430/430/420
f 436/436/424 434/434/418 430/430/420
f 437/437/419 430/430/420 438/438/421
f 379/379/404 422/422/415 418/418/403
f 439/439/425 435/435/423 432/432/416
f 440/440/427 435/435/423 439/439/425
f 441/441/422 435/435/423 440/440/427
f 436/436/424 433/433/417 434/434/418
f 433/433/417 439/439/425 432/432/416
f 442/442/426 439/439/425 433/433/417
f 442/442/426 433/433/417 436/436/424
f 442/442/426 440/440/427 439/439/425
f 443/443/435 440/440/427 442/442/426
f 437/437/419 436/436/424 430/430/420
f 442/442/426 436/436/424 437/437/419
f 438/438/421 430/430/420 383/383/410
f 444/444/429 445/445/434 446/446/428
f 447/447/430 420/420/401 444/444/429
f 446/446/428 447/447/430 444/444/429
f 447/447/430 448/448/431 420/420/401
f 446/446/428 449/449/432 450/450/458
f 450/450/458 449/449/432 451/451/436
f 451/451/436 449/449/432 452/452/433
f 447/447/430 446/446/428 450/450/458
f 422/422/415 435/435/423 441/441/422
f 444/444/429 422/422/415 445/445/434
f 420/420/401 422/422/415 444/444/429
f 445/445/434 441/441/422 440/440/427
f 445/445/434 440/440/427 449/449/432
f 445/445/434 422/422/415 441/441/422
f 449/449/432 440/440/427 443/443/435
f 443/443/435 442/442/426 437/437/419
f 449/449/432 443/443/435 452/452/433
f 438/438/421 443/443/435 437/437/419
f 452/452/433 443/443/435 438/438/421
f 449/449/432 446/446/428 445/445/434
f 453/453/437 452/452/433 438/438/421
f 451/451/436 452/452/433 453/453/437
f 383/383/410 413/413/392 454/454/438
f 454/454/438 413/413/392 412/412/390
f 412/412/390 414/414/393 454/454/438
f 454/454/438 455/455/439 383/383/410
f 438/438/421 383/383/410 455/455/439
f 409/409/385 456/456/913 414/414/393
f 456/456/913 409/409/385 415/415/394
f 457/457/440 414/414/393 458/458/441
f 457/457/440 454/454/438 414/414/393
f 457/457/440 459/459/451 454/454/438
f 414/414/393 456/456/913 458/458/441
f 458/458/441 456/456/913 460/460/442
f 460/460/442 461/461/916 458/458/441
f 462/462/443 458/458/441 461/461/916
f 457/457/440 458/458/441 462/462/443
f 457/457/440 462/462/443 463/463/444
f 464/464/445 438/438/421 455/455/439
f 459/459/451 455/455/439 454/454/438
f 453/453/437 438/438/421 464/464/445
f 455/455/439 459/459/451 464/464/445
f 465/465/446 459/459/451 457/457/440
f 466/466/447 465/465/446 467/467/449
f 465/465/446 466/466/447 459/459/451
f 465/465/446 457/457/440 468/468/448
f 468/468/448 457/457/440 463/463/444
f 467/467/449 465/465/446 468/468/448
f 469/469/926 467/467/449 468/468/448
f 466/466/447 470/470/450 459/459/451
f 471/471/475 459/459/451 470/470/450
f 470/470/450 466/466/447 472/472/452
f 466/466/447 467/467/449 469/469/926
f 470/470/450 472/472/452 473/473/929
f 469/469/926 472/472/452 466/466/447
f 469/469/926 474/474/930 472/472/452
f 471/471/475 470/470/450 473/473/929
f 473/473/929 472/472/452 474/474/930
f 298/298/284 236/236/398 475/475/454
f 416/416/399 475/475/454 236/236/398
f 311/311/453 304/304/298 302/302/287
f 302/302/287 298/298/284 475/475/454
f 421/421/402 475/475/454 416/416/399
f 311/311/453 302/302/287 475/475/454
f 311/311/453 313/313/456 301/301/296
f 313/313/456 311/311/453 475/475/454
f 475/475/454 421/421/402 476/476/455
f 313/313/456 475/475/454 477/477/1181
f 477/477/1181 475/475/454 476/476/455
f 478/478/457 421/421/402 419/419/400
f 478/478/457 419/419/400 448/448/431
f 419/419/400 420/420/401 448/448/431
f 448/448/431 447/447/430 450/450/458
f 478/478/457 448/448/431 479/479/459
f 479/479/459 448/448/431 480/480/462
f 481/481/460 448/448/431 450/450/458
f 448/448/431 481/481/460 480/480/462
f 481/481/460 450/450/458 451/451/436
f 482/482/463 480/480/462 481/481/460
f 483/483/467 481/481/460 451/451/436
f 482/482/463 481/481/460 483/483/467
f 483/483/467 451/451/436 484/484/472
f 453/453/437 484/484/472 451/451/436
f 478/478/457 485/485/461 421/421/402
f 485/485/461 476/476/455 421/421/402
f 485/485/461 478/478/457 479/479/459
f 480/480/462 485/485/461 479/479/459
f 480/480/462 486/486/1302 485/485/461
f 482/482/463 487/487/464 480/480/462
f 483/483/467 487/487/464 482/482/463
f 488/488/465 480/480/462 487/487/464
f 483/483/467 488/488/465 487/487/464
f 480/480/462 488/488/465 489/489/466
f 490/490/471 489/489/466 488/488/465
f 488/488/465 483/483/467 490/490/471
f 491/491/468 486/486/1302 480/480/462
f 492/492/469 480/480/462 489/489/466
f 490/490/471 492/492/469 489/489/466
f 492/492/469 491/491/468 480/480/462
f 493/493/470 491/491/468 492/492/469
f 493/493/470 492/492/469 490/490/471
f 490/490/471 483/483/467 484/484/472
f 494/494/473 490/490/471 484/484/472
f 494/494/473 484/484/472 453/453/437
f 495/495/478 464/464/445 496/496/474
f 464/464/445 459/459/451 496/496/474
f 497/497/950 496/496/474 459/459/451
f 459/459/451 471/471/475 498/498/476
f 498/498/476 497/497/950 459/459/451
f 498/498/476 499/499/477 497/497/950
f 495/495/478 496/496/474 497/497/950
f 453/453/437 464/464/445 495/495/478
f 494/494/473 453/453/437 500/500/1305
f 495/495/478 497/497/950 501/501/479
f 453/453/437 495/495/478 500/500/1305
f 500/500/1305 495/495/478 501/501/479
f 501/501/479 502/502/1308 500/500/1305
f 340/340/329 356/356/364 339/339/324
f 44/44/36 43/43/480 503/503/539
f 503/503/539 504/504/481 44/44/36
f 44/44/36 504/504/481 45/45/37
f 503/503/539 505/505/482 504/504/481
f 504/504/481 505/505/482 45/45/37
f 506/506/494 151/151/135 45/45/37
f 150/150/132 151/151/135 506/506/494
f 506/506/494 45/45/37 505/505/482
f 507/507/492 506/506/494 508/508/645
f 173/173/160 171/171/483 509/509/486
f 509/509/486 170/170/158 173/173/160
f 171/171/483 150/150/132 510/510/484
f 510/510/484 509/509/486 171/171/483
f 511/511/485 509/509/486 510/510/484
f 511/511/485 170/170/158 509/509/486
f 510/510/484 150/150/132 506/506/494
f 512/512/496 510/510/484 506/506/494
f 513/513/487 511/511/485 510/510/484
f 513/513/487 170/170/158 511/511/485
f 170/170/158 513/513/487 514/514/491
f 514/514/491 513/513/487 515/515/488
f 513/513/487 510/510/484 515/515/488
f 515/515/488 516/516/499 517/517/489
f 517/517/489 518/518/490 514/514/491
f 515/515/488 517/517/489 514/514/491
f 170/170/158 514/514/491 518/518/490
f 518/518/490 517/517/489 516/516/499
f 507/507/492 519/519/493 506/506/494
f 507/507/492 520/520/651 519/519/493
f 519/519/493 521/521/495 506/506/494
f 521/521/495 522/522/512 506/506/494
f 506/506/494 523/523/500 512/512/496
f 523/523/500 506/506/494 522/522/512
f 512/512/496 515/515/488 510/510/484
f 515/515/488 512/512/496 524/524/497
f 516/516/499 515/515/488 524/524/497
f 524/524/497 525/525/498 516/516/499
f 526/526/501 524/524/497 512/512/496
f 527/527/506 525/525/498 524/524/497
f 516/516/499 525/525/498 518/518/490
f 527/527/506 524/524/497 526/526/501
f 512/512/496 523/523/500 526/526/501
f 528/528/502 527/527/506 526/526/501
f 527/527/506 529/529/504 525/525/498
f 527/527/506 530/530/503 529/529/504
f 529/529/504 170/170/158 518/518/490
f 525/525/498 529/529/504 518/518/490
f 523/523/500 528/528/502 526/526/501
f 528/528/502 531/531/505 527/527/506
f 531/531/505 530/530/503 527/527/506
f 528/528/502 532/532/508 531/531/505
f 531/531/505 532/532/508 530/530/503
f 522/522/512 533/533/507 523/523/500
f 533/533/507 528/528/502 523/523/500
f 528/528/502 534/534/510 532/532/508
f 534/534/510 530/530/503 532/532/508
f 533/533/507 534/534/510 528/528/502
f 533/533/507 535/535/509 534/534/510
f 534/534/510 535/535/509 530/530/503
f 536/536/511 533/533/507 522/522/512
f 535/535/509 533/533/507 536/536/511
f 537/537/799 538/538/516 522/522/512
f 538/538/516 536/536/511 522/522/512
f 539/539/514 535/535/509 536/536/511
f 540/540/513 535/535/509 539/539/514
f 540/540/513 530/530/503 535/535/509
f 541/541/515 539/539/514 536/536/511
f 539/539/514 541/541/515 542/542/519
f 536/536/511 538/538/516 541/541/515
f 541/541/515 543/543/517 542/542/519
f 538/538/516 543/543/517 541/541/515
f 544/544/518 542/542/519 543/543/517
f 544/544/518 540/540/513 542/542/519
f 540/540/513 539/539/514 542/542/519
f 540/540/513 545/545/873 530/530/503
f 546/546/520 540/540/513 544/544/518
f 546/546/520 547/547/521 540/540/513
f 548/548/810 547/547/521 546/546/520
f 549/549/523 550/550/522 545/545/873
f 551/551/871 550/550/522 549/549/523
f 552/552/524 551/551/871 549/549/523
f 545/545/873 540/540/513 549/549/523
f 553/553/525 549/549/523 540/540/513
f 553/553/525 540/540/513 547/547/521
f 553/553/525 547/547/521 554/554/526
f 553/553/525 552/552/524 549/549/523
f 547/547/521 548/548/810 554/554/526
f 555/555/527 554/554/526 548/548/810
f 554/554/526 552/552/524 553/553/525
f 552/552/524 554/554/526 556/556/876
f 552/552/524 556/556/876 557/557/872
f 554/554/526 555/555/527 556/556/876
f 555/1853/527 558/558/817 556/1854/876
f 46/46/38 38/1831/34 559/559/528
f 559/559/528 38/1831/34 185/1848/173
f 560/560/531 43/43/480 46/46/38
f 43/43/480 560/560/531 503/503/539
f 560/560/531 561/561/529 503/503/539
f 185/185/173 186/186/175 562/562/554
f 562/562/554 563/563/534 185/185/173
f 559/559/528 560/560/531 46/46/38
f 564/564/530 559/559/528 185/1848/173
f 560/560/531 559/559/528 564/564/530
f 564/564/530 565/565/533 560/560/531
f 561/561/529 560/560/531 565/565/533
f 566/566/532 561/561/529 565/565/533
f 566/566/532 503/503/539 561/561/529
f 567/567/535 564/564/530 185/1848/173
f 185/185/173 563/563/534 567/1855/535
f 568/568/538 567/1855/535 563/563/534
f 564/564/530 567/567/535 569/569/536
f 567/1855/535 570/570/541 569/1856/536
f 570/570/541 567/1855/535 571/571/537
f 188/188/227 562/562/554 186/186/175
f 571/571/537 567/1855/535 568/568/538
f 568/568/538 563/563/534 562/562/554
f 568/568/538 562/562/554 571/571/537
f 503/503/539 566/566/532 572/572/540
f 569/569/536 565/565/533 564/564/530
f 565/565/533 569/569/536 573/573/542
f 566/566/532 565/565/533 573/573/542
f 574/574/547 573/573/542 569/569/536
f 570/570/541 574/1857/547 569/1856/536
f 575/575/544 572/572/540 566/566/532
f 573/573/542 575/575/544 566/566/532
f 573/573/542 574/574/547 576/576/551
f 576/576/551 575/575/544 573/573/542
f 577/577/543 578/578/560 575/575/544
f 575/575/544 579/579/550 577/577/543
f 580/580/644 572/572/540 581/581/545
f 580/580/644 581/581/545 582/582/561
f 575/575/544 581/581/545 572/572/540
f 575/575/544 578/578/560 581/581/545
f 578/578/560 582/582/561 581/581/545
f 582/582/561 578/578/560 583/583/562
f 584/584/546 570/570/541 571/571/537
f 584/584/546 574/1857/547 570/570/541
f 585/585/548 574/1857/547 584/584/546
f 585/585/548 586/586/549 574/1857/547
f 586/1858/549 576/576/551 574/574/547
f 579/579/550 575/575/544 576/576/551
f 586/1858/549 579/579/550 576/576/551
f 579/579/550 587/587/571 577/577/543
f 240/240/552 562/562/554 188/188/227
f 588/588/553 571/571/537 562/562/554
f 588/588/553 562/562/554 240/240/552
f 239/239/229 588/588/553 240/240/552
f 588/588/553 584/584/546 571/571/537
f 585/585/548 584/584/546 588/588/553
f 589/589/555 585/585/548 588/588/553
f 585/585/548 589/589/555 590/590/556
f 591/591/557 589/589/555 588/588/553
f 590/590/556 592/592/582 585/585/548
f 593/593/558 592/592/582 590/590/556
f 591/591/557 590/590/556 589/589/555
f 594/594/559 583/583/562 578/578/560
f 582/582/561 583/583/562 595/595/563
f 596/596/577 595/595/563 583/583/562
f 594/594/559 578/578/560 577/577/543
f 597/597/570 579/579/550 586/1858/549
f 587/587/571 579/579/550 597/597/570
f 577/577/543 598/598/564 594/594/559
f 599/599/567 598/598/564 577/577/543
f 600/600/565 597/1859/570 586/586/549
f 594/594/559 598/598/564 583/583/562
f 583/583/562 598/598/564 596/596/577
f 599/599/567 596/596/577 598/598/564
f 586/586/549 585/585/548 600/600/565
f 600/600/565 585/585/548 601/601/566
f 600/600/565 601/601/566 602/602/568
f 603/603/572 599/599/567 577/577/543
f 602/602/568 604/604/569 597/1859/570
f 602/602/568 597/1859/570 600/600/565
f 577/577/543 587/587/571 603/603/572
f 605/605/575 603/603/572 587/587/571
f 604/604/569 605/1860/575 597/1859/570
f 587/587/571 597/597/570 605/605/575
f 604/604/569 606/606/734 605/1860/575
f 599/599/567 603/603/572 607/607/573
f 599/599/567 607/607/573 596/596/577
f 608/608/574 607/607/573 603/603/572
f 608/608/574 603/603/572 605/605/575
f 606/1861/734 608/608/574 605/605/575
f 607/607/573 608/608/574 609/609/576
f 606/1861/734 609/609/576 608/608/574
f 520/520/651 596/596/577 610/610/581
f 607/607/573 610/610/581 596/596/577
f 611/611/601 607/607/573 609/609/576
f 607/607/573 611/611/601 612/612/578
f 610/610/581 607/607/573 612/612/578
f 613/613/579 610/610/581 612/612/578
f 614/614/740 613/613/579 612/612/578
f 615/615/580 616/616/652 610/610/581
f 601/601/566 585/585/548 592/592/582
f 592/592/582 602/602/568 601/601/566
f 617/617/583 592/592/582 593/593/558
f 617/617/583 604/604/569 602/602/568
f 602/602/568 592/592/582 617/617/583
f 604/604/569 617/617/583 618/618/584
f 617/617/583 619/619/587 620/620/585
f 621/621/610 617/617/583 620/620/585
f 593/593/558 622/622/586 617/617/583
f 619/619/587 622/622/586 593/593/558
f 593/593/558 590/590/556 619/619/587
f 619/619/587 590/590/556 623/623/658
f 622/622/586 619/619/587 617/617/583
f 619/619/587 623/623/658 620/620/585
f 624/624/588 621/621/610 620/620/585
f 625/625/591 604/604/569 618/618/584
f 625/625/591 618/618/584 626/626/589
f 625/625/591 627/627/596 604/604/569
f 626/626/589 618/618/584 617/617/583
f 617/617/583 621/621/610 626/626/589
f 625/625/591 626/626/589 628/628/592
f 629/629/590 625/625/591 628/628/592
f 626/626/589 630/630/608 628/628/592
f 631/631/593 628/628/592 630/630/608
f 628/628/592 631/631/593 632/632/603
f 633/633/594 609/609/576 606/1861/734
f 606/606/734 604/604/569 634/634/595
f 627/627/596 634/634/595 604/604/569
f 627/627/596 629/629/590 635/635/598
f 635/635/598 634/634/595 627/627/596
f 636/636/597 633/633/594 606/1861/734
f 606/606/734 634/634/595 637/637/599
f 635/635/598 638/638/606 634/634/595
f 639/639/736 606/606/734 637/637/599
f 637/637/599 638/638/606 640/640/600
f 611/611/601 609/609/576 633/633/594
f 629/629/590 627/627/596 625/625/591
f 633/633/594 636/636/597 611/611/601
f 612/612/578 611/611/601 614/614/740
f 611/611/601 636/636/597 614/614/740
f 641/641/602 635/635/598 629/629/590
f 628/628/592 632/632/603 629/629/590
f 641/641/602 629/629/590 642/642/614
f 641/641/602 643/643/615 644/644/604
f 635/635/598 641/641/602 638/638/606
f 640/640/600 645/645/605 644/644/604
f 645/645/605 640/640/600 638/638/606
f 646/646/618 640/640/600 644/644/604
f 647/647/607 631/631/593 630/630/608
f 626/626/589 621/621/610 630/630/608
f 648/648/616 632/632/603 631/631/593
f 649/649/609 631/631/593 647/647/607
f 631/631/593 649/649/609 648/648/616
f 621/621/610 624/624/588 650/650/611
f 647/647/607 621/621/610 650/650/611
f 647/647/607 650/650/611 649/649/609
f 649/649/609 651/651/612 648/648/616
f 650/650/611 651/651/612 649/649/609
f 651/651/612 650/650/611 652/652/624
f 653/653/613 642/642/614 632/632/603
f 642/642/614 653/653/613 643/643/615
f 654/654/619 653/653/613 648/648/616
f 655/655/617 644/644/604 643/643/615
f 644/644/604 655/655/617 646/646/618
f 656/656/621 655/655/617 643/643/615
f 656/656/621 643/643/615 653/653/613
f 655/655/617 656/656/621 646/646/618
f 646/646/618 656/656/621 657/657/754
f 651/651/612 654/654/619 648/648/616
f 653/653/613 654/654/619 658/658/620
f 658/658/620 656/656/621 653/653/613
f 659/659/622 656/656/621 658/658/620
f 659/659/622 660/660/623 656/656/621
f 659/659/622 658/658/620 654/654/619
f 652/652/624 654/654/619 651/651/612
f 652/652/624 659/659/622 654/654/619
f 660/660/623 657/657/754 656/656/621
f 661/661/625 660/660/623 659/659/622
f 661/661/625 659/659/622 652/652/624
f 661/661/625 662/662/626 660/660/623
f 663/663/627 662/662/626 661/661/625
f 663/663/627 661/661/625 652/652/624
f 590/590/556 591/591/557 623/623/658
f 620/620/585 623/623/658 624/624/588
f 664/664/693 624/624/588 623/623/658
f 650/650/611 624/624/588 665/665/628
f 665/665/628 652/652/624 650/650/611
f 652/652/624 665/665/628 666/666/629
f 666/666/629 663/663/627 652/652/624
f 665/665/628 667/667/630 666/666/629
f 668/668/631 663/663/627 666/666/629
f 666/666/629 667/667/630 668/668/631
f 669/669/634 670/670/759 668/668/631
f 671/671/636 669/669/634 668/668/631
f 624/624/588 672/672/632 673/673/633
f 667/667/630 624/624/588 673/673/633
f 667/667/630 665/665/628 624/624/588
f 667/667/630 671/671/636 668/668/631
f 674/674/696 669/1864/634 675/675/635
f 667/667/630 676/676/638 671/671/636
f 677/677/640 675/1866/635 671/671/636
f 671/671/636 675/1866/635 669/669/634
f 678/678/637 676/676/638 667/667/630
f 679/679/639 677/677/640 676/676/638
f 677/677/640 671/671/636 676/676/638
f 503/503/539 572/572/540 505/505/482
f 572/572/540 580/580/644 505/505/482
f 582/582/561 680/680/641 580/580/644
f 680/680/641 582/582/561 681/681/642
f 508/508/645 506/506/494 505/505/482
f 505/505/482 580/580/644 508/508/645
f 588/588/553 239/239/229 591/591/557
f 680/680/641 682/682/643 580/580/644
f 682/682/643 683/683/646 580/580/644
f 681/681/642 582/582/561 595/595/563
f 681/681/642 595/595/563 680/680/641
f 680/680/641 595/595/563 682/682/643
f 520/520/651 682/682/643 595/595/563
f 520/520/651 595/595/563 596/596/577
f 508/508/645 683/683/646 684/684/647
f 682/682/643 684/684/647 683/683/646
f 520/520/651 684/684/647 682/682/643
f 508/508/645 684/684/647 507/507/492
f 520/520/651 507/507/492 684/684/647
f 685/685/655 686/686/648 520/520/651
f 686/686/648 519/519/493 520/520/651
f 687/687/649 519/519/493 686/686/648
f 521/521/495 687/687/649 686/686/648
f 519/519/493 687/687/649 521/521/495
f 521/521/495 686/686/648 685/685/655
f 688/688/650 520/520/651 616/616/652
f 520/520/651 610/610/581 616/616/652
f 521/521/495 685/685/655 522/522/512
f 689/689/653 685/685/655 520/520/651
f 689/689/653 690/690/654 685/685/655
f 522/522/512 685/685/655 537/537/799
f 685/685/655 690/690/654 537/537/799
f 691/691/656 238/238/228 315/315/300
f 591/591/557 238/238/228 691/691/656
f 591/591/557 239/239/229 238/238/228
f 315/315/300 316/316/661 691/691/656
f 316/316/661 692/692/662 691/691/656
f 691/691/656 692/692/662 591/591/557
f 591/591/557 693/693/657 623/623/658
f 694/694/668 591/591/557 692/692/662
f 591/591/557 695/695/659 693/693/657
f 695/695/659 591/591/557 694/694/668
f 696/696/660 692/692/662 316/316/661
f 696/696/660 316/316/661 314/314/299
f 692/692/662 697/697/663 698/698/664
f 696/696/660 697/697/663 692/692/662
f 699/699/665 700/700/686 696/696/660
f 700/700/686 697/697/663 696/696/660
f 317/317/1099 696/696/660 314/314/299
f 699/699/665 696/696/660 317/317/1099
f 699/699/665 701/701/680 700/700/686
f 702/702/666 699/699/665 317/317/1099
f 692/692/662 698/698/664 694/694/668
f 703/703/667 694/694/668 698/698/664
f 697/697/663 703/703/667 698/698/664
f 694/694/668 703/703/667 704/704/669
f 705/705/670 704/704/669 703/703/667
f 705/705/670 703/703/667 697/697/663
f 700/700/686 705/705/670 697/697/663
f 706/706/671 695/695/659 694/694/668
f 704/704/669 706/706/671 694/694/668
f 706/706/671 707/707/675 708/708/672
f 695/695/659 706/706/671 709/709/676
f 709/709/676 710/710/673 695/695/659
f 695/695/659 710/710/673 711/711/674
f 707/707/675 706/706/671 704/704/669
f 705/705/670 707/707/675 704/704/669
f 712/712/677 706/706/671 708/708/672
f 708/708/672 707/707/675 713/713/679
f 714/714/687 713/713/679 707/707/675
f 708/708/672 713/713/679 712/712/677
f 709/709/676 706/706/671 712/712/677
f 710/710/673 709/709/676 712/712/677
f 713/713/679 710/710/673 712/712/677
f 710/710/673 715/715/678 716/716/703
f 713/713/679 715/715/678 710/710/673
f 700/700/686 707/707/675 705/705/670
f 701/701/680 717/717/1398 718/718/681
f 700/700/686 701/701/680 718/718/681
f 701/701/680 719/719/1390 717/717/1398
f 720/720/682 700/700/686 718/718/681
f 721/721/1400 718/718/681 717/717/1398
f 720/720/682 718/718/681 722/722/683
f 718/718/681 721/721/1400 722/722/683
f 713/713/679 714/714/687 715/715/678
f 723/723/684 715/715/678 714/714/687
f 723/723/684 714/714/687 724/724/685
f 700/700/686 714/714/687 707/707/675
f 724/724/685 714/714/687 700/700/686
f 725/725/688 724/724/685 700/700/686
f 724/724/685 725/725/688 726/726/690
f 725/725/688 700/700/686 726/726/690
f 727/727/689 724/724/685 726/726/690
f 726/726/690 728/728/691 727/727/689
f 720/720/682 726/726/690 700/700/686
f 720/720/682 728/728/691 726/726/690
f 693/693/657 729/729/700 623/623/658
f 711/711/674 693/693/657 695/695/659
f 664/664/693 623/623/658 729/729/700
f 730/730/692 664/664/693 729/729/700
f 624/624/588 664/664/693 672/672/632
f 731/731/694 672/672/632 664/664/693
f 731/731/694 673/673/633 672/672/632
f 730/730/692 731/731/694 664/664/693
f 730/730/692 673/673/633 731/731/694
f 730/730/692 732/732/695 673/673/633
f 678/678/637 667/667/630 673/673/633
f 732/732/695 678/678/637 673/673/633
f 678/678/637 679/679/639 676/676/638
f 674/674/696 733/733/697 734/734/758
f 735/735/699 733/733/697 675/675/635
f 733/733/697 674/674/696 675/675/635
f 733/733/697 736/736/822 734/734/758
f 737/737/698 677/677/640 679/679/639
f 677/677/640 735/1867/699 675/1866/635
f 737/737/698 735/1867/699 677/677/640
f 711/711/674 729/729/700 693/693/657
f 729/729/700 711/711/674 738/738/701
f 711/711/674 710/710/673 739/739/702
f 738/738/701 711/711/674 739/739/702
f 716/716/703 739/739/702 710/710/673
f 716/716/703 715/715/678 739/739/702
f 723/723/684 739/739/702 715/715/678
f 740/740/704 738/738/701 739/739/702
f 741/741/708 740/740/704 739/739/702
f 741/741/708 738/738/701 740/740/704
f 742/742/706 729/729/700 738/738/701
f 732/732/695 730/730/692 729/729/700
f 729/729/700 743/743/705 732/732/695
f 743/743/705 742/742/706 744/744/707
f 742/742/706 743/743/705 729/729/700
f 741/741/708 739/739/702 723/723/684
f 741/741/708 745/745/711 746/746/709
f 745/745/711 741/741/708 723/723/684
f 738/738/701 741/741/708 746/746/709
f 746/746/709 742/742/706 738/738/701
f 747/747/712 742/742/706 746/746/709
f 723/723/684 748/748/710 745/745/711
f 747/747/712 746/746/709 745/745/711
f 747/747/712 745/745/711 748/748/710
f 748/748/710 723/723/684 728/728/691
f 728/728/691 749/749/1403 748/748/710
f 743/743/705 750/750/713 732/732/695
f 750/750/713 678/678/637 732/732/695
f 751/751/714 752/752/715 750/750/713
f 752/752/715 678/678/637 750/750/713
f 751/751/714 750/750/713 743/743/705
f 743/743/705 752/752/715 751/751/714
f 752/752/715 743/743/705 753/753/725
f 754/754/716 755/755/717 678/678/637
f 678/678/637 755/755/717 679/679/639
f 755/755/717 737/737/698 679/679/639
f 733/733/697 735/735/699 737/1868/698
f 756/756/719 737/737/698 755/755/717
f 733/733/697 737/1868/698 756/1869/719
f 757/757/718 678/678/637 752/752/715
f 757/757/718 754/754/716 678/678/637
f 756/756/719 755/755/717 754/754/716
f 757/757/718 756/756/719 754/754/716
f 758/758/724 733/733/697 756/1869/719
f 733/733/697 759/759/720 736/736/822
f 744/744/707 760/760/727 743/743/705
f 760/760/727 753/753/725 743/743/705
f 761/761/1432 760/760/727 744/744/707
f 752/752/715 753/753/725 757/757/718
f 757/757/718 762/762/721 763/763/723
f 753/753/725 762/762/721 757/757/718
f 762/762/721 764/764/722 763/763/723
f 764/1871/722 758/758/724 763/1870/723
f 763/763/723 756/756/719 757/757/718
f 758/758/724 756/1869/719 763/1870/723
f 733/733/697 758/758/724 759/759/720
f 762/762/721 753/753/725 765/765/726
f 765/765/726 753/753/725 760/760/727
f 765/765/726 764/764/722 762/762/721
f 766/766/728 758/758/724 764/1871/722
f 766/766/728 759/759/720 758/758/724
f 767/767/730 736/736/822 768/768/729
f 767/767/730 768/768/729 769/769/731
f 613/613/579 615/615/580 610/610/581
f 770/770/732 615/615/580 613/613/579
f 615/615/580 770/770/732 771/771/760
f 771/771/760 770/770/732 772/772/762
f 770/770/732 773/773/745 772/772/762
f 639/639/736 637/637/599 774/774/748
f 775/775/733 606/1861/734 639/1862/736
f 776/776/741 775/775/733 639/1862/736
f 776/1872/741 639/1863/736 777/777/735
f 777/777/735 778/778/742 776/1872/741
f 639/639/736 774/774/748 779/779/739
f 780/780/737 639/1863/736 779/1874/739
f 780/780/737 777/777/735 639/1863/736
f 777/777/735 780/780/737 781/781/749
f 782/782/738 780/780/737 779/1874/739
f 775/775/733 614/614/740 636/636/597
f 770/770/732 613/613/579 614/614/740
f 636/636/597 606/1861/734 775/775/733
f 614/614/740 775/775/733 776/776/741
f 783/783/746 770/770/732 614/614/740
f 778/1873/742 614/614/740 776/776/741
f 784/784/743 614/614/740 778/1873/742
f 784/1876/743 778/778/742 777/777/735
f 614/614/740 784/784/743 783/783/746
f 784/784/743 785/785/744 783/783/746
f 785/785/744 773/773/745 783/783/746
f 785/1877/744 784/1876/743 786/786/747
f 787/787/757 786/786/747 784/1876/743
f 774/774/748 637/637/599 640/640/600
f 781/781/749 784/1876/743 777/777/735
f 782/782/738 788/788/751 780/780/737
f 780/780/737 788/788/751 781/781/749
f 788/788/751 784/1876/743 781/781/749
f 782/782/738 789/789/750 788/788/751
f 790/790/752 788/788/751 789/789/750
f 787/787/757 784/1876/743 788/788/751
f 790/790/752 787/787/757 788/788/751
f 774/774/748 640/640/600 791/791/753
f 640/640/600 646/646/618 657/657/754
f 640/640/600 657/657/754 791/791/753
f 791/791/753 779/779/739 774/774/748
f 792/792/755 782/1875/738 779/779/739
f 779/779/739 791/791/753 792/792/755
f 789/1878/750 782/1875/738 792/792/755
f 793/793/756 790/790/752 789/789/750
f 791/791/753 657/657/754 662/662/626
f 792/792/755 791/791/753 662/662/626
f 662/662/626 657/657/754 660/660/623
f 663/663/627 792/792/755 662/662/626
f 792/792/755 793/1879/756 789/1878/750
f 793/1879/756 792/792/755 663/663/627
f 787/787/757 790/790/752 734/734/758
f 670/1865/759 790/790/752 793/793/756
f 793/1879/756 663/663/627 670/670/759
f 670/670/759 663/663/627 668/668/631
f 674/674/696 790/790/752 670/1865/759
f 669/1864/634 674/674/696 670/1865/759
f 734/734/758 790/790/752 674/674/696
f 771/771/760 616/616/652 615/615/580
f 616/616/652 771/771/760 794/794/761
f 794/794/761 771/771/760 772/772/762
f 794/794/761 688/688/650 616/616/652
f 772/772/762 795/795/763 794/794/761
f 772/772/762 773/773/745 796/796/765
f 797/797/764 773/773/745 785/785/744
f 797/797/764 796/796/765 773/773/745
f 798/798/767 796/796/765 797/797/764
f 799/799/766 798/798/767 797/797/764
f 772/772/762 796/796/765 795/795/763
f 798/798/767 795/795/763 796/796/765
f 800/800/771 798/798/767 799/799/766
f 801/801/789 800/1881/771 799/1880/766
f 688/688/650 794/794/761 795/795/763
f 798/798/767 802/802/768 795/795/763
f 798/798/767 800/800/771 803/803/770
f 804/804/769 803/803/770 800/800/771
f 801/801/789 804/1882/769 800/1881/771
f 803/803/770 802/802/768 798/798/767
f 690/690/654 689/689/653 805/805/772
f 805/805/772 689/689/653 806/806/773
f 805/805/772 806/806/773 807/807/774
f 808/808/775 807/807/774 806/806/773
f 807/807/774 809/809/776 805/805/772
f 807/807/774 810/810/780 809/809/776
f 805/805/772 809/809/776 690/690/654
f 810/810/780 811/811/782 809/809/776
f 812/812/787 810/810/780 807/807/774
f 809/809/776 813/813/777 690/690/654
f 811/811/782 813/813/777 809/809/776
f 811/811/782 814/814/778 813/813/777
f 815/815/779 811/811/782 810/810/780
f 815/815/779 816/816/781 811/811/782
f 689/689/653 520/520/651 688/688/650
f 688/688/650 795/795/763 817/817/783
f 817/817/783 689/689/653 688/688/650
f 806/806/773 689/689/653 817/817/783
f 806/806/773 817/817/783 802/802/768
f 802/802/768 817/817/783 795/795/763
f 802/802/768 803/803/770 818/818/784
f 804/804/769 818/818/784 803/803/770
f 802/802/768 818/818/784 819/819/785
f 802/802/768 819/819/785 806/806/773
f 808/808/775 806/806/773 819/819/785
f 819/819/785 818/818/784 820/820/786
f 808/808/775 819/819/785 820/820/786
f 807/807/774 808/808/775 812/812/787
f 812/812/787 808/808/775 820/820/786
f 812/812/787 820/820/786 815/815/779
f 812/812/787 815/815/779 810/810/780
f 804/804/769 820/820/786 818/818/784
f 821/821/788 804/1882/769 801/801/789
f 804/804/769 822/822/812 820/820/786
f 821/821/788 822/1883/812 804/1882/769
f 815/815/779 820/820/786 822/822/812
f 821/821/788 823/823/790 822/1883/812
f 824/824/793 823/823/790 821/821/788
f 824/824/793 821/821/788 801/801/789
f 799/799/766 797/797/764 785/785/744
f 786/786/747 799/1880/766 785/1877/744
f 786/786/747 801/801/789 799/1880/766
f 825/825/792 786/786/747 787/787/757
f 826/826/791 825/825/792 787/787/757
f 786/786/747 825/825/792 801/801/789
f 787/787/757 734/734/758 826/826/791
f 825/825/792 824/824/793 801/801/789
f 827/827/794 824/824/793 825/825/792
f 827/827/794 825/825/792 826/826/791
f 690/690/654 828/828/795 537/537/799
f 828/828/795 690/690/654 813/813/777
f 828/828/795 813/813/777 829/829/797
f 830/830/798 829/829/797 813/813/777
f 537/537/799 828/828/795 831/831/802
f 832/832/796 831/831/802 828/828/795
f 828/828/795 829/829/797 832/832/796
f 829/829/797 830/830/798 833/833/801
f 833/833/801 832/832/796 829/829/797
f 833/833/801 830/830/798 834/834/800
f 816/816/781 834/834/800 830/830/798
f 830/830/798 813/813/777 814/814/778
f 816/816/781 830/830/798 814/814/778
f 814/814/778 811/811/782 816/816/781
f 537/537/799 831/831/802 835/835/804
f 835/835/804 538/538/516 537/537/799
f 834/834/800 835/835/804 831/831/802
f 836/836/805 835/835/804 834/834/800
f 833/833/801 831/831/802 832/832/796
f 834/834/800 831/831/802 833/833/801
f 837/837/803 834/834/800 816/816/781
f 538/538/516 835/835/804 543/543/517
f 838/838/807 543/543/517 835/835/804
f 836/836/805 838/838/807 835/835/804
f 836/836/805 839/839/806 838/838/807
f 838/838/807 839/839/806 840/840/808
f 840/840/808 544/544/518 838/838/807
f 546/546/520 544/544/518 840/840/808
f 816/816/781 815/815/779 837/837/803
f 841/841/809 837/837/803 815/815/779
f 822/822/812 841/841/809 815/815/779
f 823/823/790 842/842/813 822/1883/812
f 837/837/803 836/836/805 834/834/800
f 837/837/803 841/841/809 548/548/810
f 841/841/809 843/843/811 548/548/810
f 839/839/806 837/837/803 840/840/808
f 837/837/803 839/839/806 836/836/805
f 840/840/808 837/837/803 548/548/810
f 548/548/810 843/843/811 844/844/816
f 843/1884/811 822/1883/812 842/842/813
f 822/822/812 843/843/811 841/841/809
f 823/823/790 845/845/991 842/842/813
f 842/842/813 844/1885/816 843/1884/811
f 845/845/991 844/1885/816 842/842/813
f 823/823/790 824/824/793 845/845/991
f 846/846/814 845/845/991 824/824/793
f 543/543/517 838/838/807 544/544/518
f 548/548/810 546/546/520 840/840/808
f 555/555/527 548/548/810 844/844/816
f 845/845/991 847/847/815 844/1885/816
f 844/1885/816 847/847/815 555/1853/527
f 558/558/817 555/1853/527 847/847/815
f 845/845/991 558/558/817 847/847/815
f 845/845/991 848/848/818 558/558/817
f 827/827/794 846/846/814 824/824/793
f 846/846/814 827/827/794 849/849/819
f 850/850/821 846/846/814 849/849/819
f 851/851/820 850/850/821 849/849/819
f 736/736/822 826/826/791 734/734/758
f 827/827/794 826/826/791 767/767/730
f 736/736/822 767/767/730 826/826/791
f 852/852/823 827/827/794 767/767/730
f 852/852/823 849/849/819 827/827/794
f 851/851/820 853/853/1011 850/850/821
f 852/852/823 851/851/820 849/849/819
f 769/769/731 852/852/823 767/767/730
f 769/769/731 854/854/1450 852/852/823
f 851/851/820 852/852/823 854/854/1450
f 634/634/595 638/638/606 637/637/599
f 632/632/603 642/642/614 629/629/590
f 643/643/615 641/641/602 642/642/614
f 644/644/604 638/638/606 641/641/602
f 638/638/606 644/644/604 645/645/605
f 630/630/608 621/621/610 647/647/607
f 648/648/616 653/653/613 632/632/603
f 683/683/646 508/508/645 580/580/644
f 719/719/1390 701/701/680 699/699/665
f 724/724/685 728/728/691 723/723/684
f 728/728/691 724/724/685 727/727/689
f 770/770/732 783/783/746 773/773/745
f 855/855/825 351/351/336 169/169/824
f 529/529/504 855/855/825 169/169/824
f 529/529/504 169/169/824 170/170/158
f 855/855/825 396/396/376 351/351/336
f 407/407/829 400/400/383 401/401/826
f 855/855/825 856/856/828 396/396/376
f 401/401/826 399/399/378 857/857/827
f 856/856/828 399/399/378 396/396/376
f 857/857/827 399/399/378 856/856/828
f 407/407/829 401/401/826 858/858/830
f 859/859/835 856/856/828 855/855/825
f 857/857/827 858/858/830 401/401/826
f 859/859/835 857/857/827 856/856/828
f 858/858/830 857/857/827 860/860/831
f 861/861/832 405/405/833 407/407/829
f 861/861/832 407/407/829 862/862/842
f 855/855/825 529/529/504 863/863/846
f 855/855/825 863/863/846 864/864/834
f 865/865/836 859/859/835 855/855/825
f 860/860/831 857/857/827 859/859/835
f 864/864/834 865/865/836 855/855/825
f 865/865/836 864/864/834 866/866/837
f 860/860/831 859/859/835 867/867/838
f 867/867/838 859/859/835 865/865/836
f 866/866/837 867/867/838 865/865/836
f 858/858/830 860/860/831 867/867/838
f 868/868/844 858/858/830 867/867/838
f 867/867/838 866/866/837 868/868/844
f 858/858/830 868/868/844 407/407/829
f 866/866/837 864/864/834 869/869/839
f 869/869/839 868/868/844 866/866/837
f 870/870/840 405/405/833 861/861/832
f 405/405/833 870/870/840 410/410/387
f 871/871/841 410/410/387 870/870/840
f 871/871/841 870/870/840 861/861/832
f 871/871/841 415/415/394 410/410/387
f 871/871/841 861/861/832 862/862/842
f 872/872/909 862/862/842 873/873/911
f 874/874/849 863/863/846 529/529/504
f 874/874/849 875/875/843 863/863/846
f 868/868/844 869/869/839 876/876/845
f 864/864/834 863/863/846 877/877/847
f 877/877/847 869/869/839 864/864/834
f 877/877/847 876/876/845 869/869/839
f 407/407/829 868/868/844 876/876/845
f 407/407/829 876/876/845 878/878/852
f 877/877/847 863/863/846 875/875/843
f 879/879/848 876/876/845 877/877/847
f 875/875/843 879/879/848 877/877/847
f 878/878/852 876/876/845 880/880/855
f 880/880/855 876/876/845 879/879/848
f 881/881/850 879/879/848 875/875/843
f 881/881/850 880/880/855 879/879/848
f 882/882/864 875/875/843 874/874/849
f 882/882/864 881/881/850 875/875/843
f 883/883/854 407/407/829 884/884/851
f 884/884/851 407/407/829 878/878/852
f 878/878/852 885/885/853 884/884/851
f 883/883/854 884/884/851 885/885/853
f 878/878/852 883/883/854 885/885/853
f 886/886/860 407/407/829 883/883/854
f 878/878/852 880/880/855 883/883/854
f 886/886/860 862/862/842 407/407/829
f 873/873/911 862/862/842 886/886/860
f 887/887/945 873/873/911 886/886/860
f 529/529/504 530/530/503 888/888/856
f 529/529/504 888/888/856 874/874/849
f 882/882/864 874/874/849 888/888/856
f 545/545/873 888/888/856 530/530/503
f 883/883/854 889/889/857 886/886/860
f 882/882/864 890/890/886 881/881/850
f 891/891/858 881/881/850 890/890/886
f 881/881/850 891/891/858 880/880/855
f 889/889/857 880/880/855 891/891/858
f 889/889/857 883/883/854 880/880/855
f 892/892/859 889/889/857 893/893/889
f 892/892/859 894/894/888 889/889/857
f 895/895/947 886/886/860 896/896/861
f 886/886/860 889/889/857 896/896/861
f 897/897/946 889/889/857 894/894/888
f 897/897/946 896/896/861 889/889/857
f 898/898/862 899/899/863 882/882/864
f 882/882/864 888/888/856 898/898/862
f 545/545/873 898/898/862 888/888/856
f 899/899/863 898/898/862 900/900/865
f 901/901/877 902/902/866 898/898/862
f 898/898/862 902/902/866 900/900/865
f 902/902/866 903/903/867 900/900/865
f 901/901/877 904/904/869 902/902/866
f 905/905/868 902/902/866 904/904/869
f 905/905/868 904/904/869 906/906/870
f 898/898/862 545/545/873 907/907/874
f 551/551/871 908/908/875 550/550/522
f 557/557/872 551/551/871 552/552/524
f 908/908/875 907/907/874 545/545/873
f 545/545/873 550/550/522 908/908/875
f 557/557/872 908/908/875 551/551/871
f 909/909/878 908/908/875 557/557/872
f 907/907/874 901/901/877 898/898/862
f 907/907/874 908/908/875 910/910/879
f 909/909/878 557/557/872 556/556/876
f 911/911/882 901/901/877 910/910/879
f 907/907/874 910/910/879 901/901/877
f 909/909/878 910/910/879 908/908/875
f 909/909/878 556/556/876 911/911/882
f 556/556/876 912/912/881 911/911/882
f 913/913/880 912/1886/881 556/1854/876
f 909/909/878 911/911/882 910/910/879
f 558/558/817 913/913/880 556/1854/876
f 848/848/818 913/913/880 558/558/817
f 911/911/882 904/904/869 901/901/877
f 911/911/882 906/906/870 904/904/869
f 912/912/881 906/906/870 911/911/882
f 912/1886/881 913/913/880 914/914/883
f 915/915/884 914/914/883 913/913/880
f 914/914/883 915/915/884 916/916/885
f 917/917/893 906/906/870 912/912/881
f 912/1886/881 914/914/883 917/1887/893
f 918/918/900 917/1887/893 914/914/883
f 914/914/883 916/916/885 918/918/900
f 916/916/885 919/919/901 918/918/900
f 913/913/880 848/848/818 915/915/884
f 920/920/907 916/916/885 915/915/884
f 890/890/886 882/882/864 899/899/863
f 890/890/886 899/899/863 921/921/887
f 891/891/858 890/890/886 921/921/887
f 922/922/891 921/921/887 899/899/863
f 891/891/858 893/893/889 889/889/857
f 893/893/889 891/891/858 921/921/887
f 893/893/889 894/894/888 892/892/859
f 894/894/888 893/893/889 923/923/890
f 899/899/863 900/900/865 922/922/891
f 924/924/896 923/923/890 893/893/889
f 921/921/887 924/924/896 893/893/889
f 921/921/887 922/922/891 925/925/892
f 900/900/865 903/903/867 922/922/891
f 924/924/896 921/921/887 925/925/892
f 925/925/892 922/922/891 903/903/867
f 903/903/867 926/926/894 925/925/892
f 902/902/866 905/905/868 903/903/867
f 926/926/894 924/924/896 925/925/892
f 903/903/867 905/905/868 926/926/894
f 917/917/893 905/905/868 906/906/870
f 927/927/902 905/905/868 917/917/893
f 928/928/895 926/926/894 905/905/868
f 928/928/895 924/924/896 926/926/894
f 924/924/896 928/928/895 923/923/890
f 927/927/902 928/928/895 905/905/868
f 894/894/888 929/929/897 897/897/946
f 897/897/946 929/929/897 930/930/995
f 931/931/898 897/897/946 930/930/995
f 931/931/898 930/930/995 932/932/993
f 933/933/899 923/923/890 928/928/895
f 918/918/900 927/1888/902 917/1887/893
f 919/919/901 928/928/895 927/1888/902
f 919/919/901 927/1888/902 918/918/900
f 928/928/895 919/919/901 933/933/899
f 934/934/903 923/923/890 933/933/899
f 933/933/899 919/919/901 935/935/904
f 929/929/897 923/923/890 934/934/903
f 930/930/995 929/929/897 934/934/903
f 934/934/903 935/935/904 936/936/905
f 930/930/995 934/934/903 937/937/906
f 916/916/885 938/938/908 919/919/901
f 920/920/907 938/938/908 916/916/885
f 935/935/904 934/934/903 933/933/899
f 872/872/909 939/939/910 862/862/842
f 873/873/911 940/940/912 872/872/909
f 415/415/394 871/871/841 456/456/913
f 871/871/841 862/862/842 939/939/910
f 871/871/841 939/939/910 941/941/914
f 939/939/910 872/872/909 942/942/915
f 939/939/910 460/460/442 941/941/914
f 461/461/916 460/460/442 939/939/910
f 462/462/443 461/461/916 943/943/917
f 943/943/917 939/939/910 942/942/915
f 943/943/917 461/461/916 939/939/910
f 462/462/443 943/943/917 944/944/922
f 945/945/935 943/943/917 942/942/915
f 942/942/915 872/872/909 946/946/920
f 947/947/918 946/946/920 872/872/909
f 945/945/935 942/942/915 948/948/937
f 942/942/915 946/946/920 948/948/937
f 947/947/918 872/872/909 940/940/912
f 947/947/918 940/940/912 949/949/919
f 946/946/920 947/947/918 949/949/919
f 940/940/912 873/873/911 949/949/919
f 468/468/448 463/463/444 950/950/924
f 463/463/444 462/462/443 944/944/922
f 944/944/922 943/943/917 945/945/935
f 944/944/922 945/945/935 951/951/923
f 950/950/924 463/463/444 944/944/922
f 952/952/921 944/944/922 951/951/923
f 944/944/922 952/952/921 950/950/924
f 953/953/925 468/468/448 950/950/924
f 953/953/925 469/469/926 468/468/448
f 474/474/930 469/469/926 954/954/928
f 953/953/925 954/954/928 469/469/926
f 953/953/925 955/955/927 954/954/928
f 473/473/929 474/474/930 956/956/931
f 957/957/932 473/473/929 956/956/931
f 474/474/930 954/954/928 955/955/927
f 958/958/934 474/474/930 955/955/927
f 956/956/931 474/474/930 958/958/934
f 952/952/921 955/955/927 950/950/924
f 956/956/931 958/958/934 959/959/933
f 956/956/931 959/959/933 957/957/932
f 952/952/921 958/958/934 955/955/927
f 959/959/933 958/958/934 957/957/932
f 945/945/935 948/948/937 960/960/936
f 951/951/923 945/945/935 960/960/936
f 960/960/936 948/948/937 961/961/938
f 952/952/921 951/951/923 960/960/936
f 962/962/941 960/960/936 961/961/938
f 963/963/943 946/946/920 949/949/919
f 962/962/941 946/946/920 963/963/943
f 958/958/934 952/952/921 960/960/936
f 964/964/939 958/958/934 962/962/941
f 965/965/940 962/962/941 966/966/942
f 966/966/942 963/963/943 949/949/919
f 967/967/948 887/887/945 886/886/860
f 967/967/948 968/968/944 887/887/945
f 967/967/948 886/886/860 895/895/947
f 896/896/861 897/897/946 895/895/947
f 969/969/1003 895/895/947 970/970/1005
f 967/967/948 895/895/947 969/969/1003
f 967/967/948 969/969/1003 971/971/1034
f 887/887/945 949/949/919 873/873/911
f 949/949/919 887/887/945 972/972/949
f 972/972/949 887/887/945 968/968/944
f 968/968/944 949/949/919 972/972/949
f 949/949/919 973/973/955 966/966/942
f 973/973/955 949/949/919 968/968/944
f 973/973/955 968/968/944 967/967/948
f 971/971/1034 974/974/971 967/967/948
f 973/973/955 967/967/948 974/974/971
f 471/471/475 473/473/929 957/957/932
f 498/498/476 471/471/475 957/957/932
f 957/957/932 958/958/934 964/964/939
f 975/975/951 497/497/950 499/499/477
f 498/498/476 976/976/952 499/499/477
f 962/962/941 965/965/940 964/964/939
f 498/498/476 957/957/932 964/964/939
f 498/498/476 964/964/939 965/965/940
f 977/977/957 498/498/476 965/965/940
f 975/975/951 499/499/477 976/976/952
f 976/976/952 498/498/476 978/978/954
f 976/976/952 501/501/479 975/975/951
f 501/501/479 497/497/950 975/975/951
f 502/502/1308 501/501/479 979/979/1605
f 979/979/1605 501/501/479 976/976/952
f 979/979/1605 976/976/952 980/980/953
f 981/981/959 980/980/953 976/976/952
f 498/498/476 977/977/957 978/978/954
f 976/976/952 978/978/954 981/981/959
f 981/981/959 978/978/954 977/977/957
f 973/973/955 982/982/956 977/977/957
f 983/983/958 982/982/956 973/973/955
f 984/984/1601 981/981/959 977/977/957
f 985/985/960 977/977/957 982/982/956
f 983/983/958 985/985/960 982/982/956
f 984/984/1601 977/977/957 985/985/960
f 981/981/959 984/984/1601 980/980/953
f 985/985/960 983/983/958 986/986/976
f 987/987/973 986/986/976 983/983/958
f 854/854/1450 988/988/961 989/989/962
f 990/990/1624 991/991/963 989/989/962
f 992/992/964 991/991/963 993/993/965
f 994/994/1030 991/991/963 992/992/964
f 992/992/964 995/995/966 996/996/969
f 992/992/964 997/997/967 998/998/968
f 996/996/969 997/997/967 992/992/964
f 965/965/940 966/966/942 973/973/955
f 977/977/957 965/965/940 973/973/955
f 999/999/970 973/973/955 974/974/971
f 974/974/971 971/971/1034 1000/1000/972
f 983/983/958 973/973/955 999/999/970
f 983/983/958 999/999/970 1001/1001/974
f 987/987/973 983/983/958 1001/1001/974
f 987/987/973 1001/1001/974 1002/1002/975
f 1002/1002/975 1001/1001/974 999/999/970
f 1002/1002/975 986/986/976 987/987/973
f 1003/1003/977 974/974/971 1000/1000/972
f 1003/1003/977 1000/1000/972 1004/1004/980
f 1005/1005/978 999/999/970 974/974/971
f 1006/1006/979 1004/1004/980 1007/1007/982
f 1008/1008/981 1004/1004/980 1006/1006/979
f 1009/1009/983 1006/1006/979 1007/1007/982
f 1008/1008/981 1006/1006/979 1009/1009/983
f 1008/1008/981 1009/1009/983 1010/1010/984
f 1004/1004/980 1011/1011/1646 1003/1003/977
f 1008/1008/981 1011/1011/1646 1004/1004/980
f 1012/1012/985 1011/1011/986 1008/1008/987
f 1005/1005/978 974/974/971 1003/1003/977
f 1005/1005/978 1003/1003/977 1011/1011/1646
f 1010/1010/984 1012/1012/988 1008/1008/981
f 1013/1013/989 1011/1011/1646 1012/1012/988
f 1013/1013/989 1012/1012/988 1010/1010/984
f 1009/1009/983 1013/1013/989 1010/1010/984
f 1014/1014/990 848/848/818 845/845/991
f 848/848/818 1014/1014/990 915/915/884
f 915/915/884 1014/1014/990 920/920/907
f 846/846/814 1014/1014/990 845/845/991
f 920/920/907 1014/1014/990 1015/1015/1002
f 1016/1016/992 1015/1015/1002 1014/1014/990
f 1017/1017/994 931/931/898 932/932/993
f 1017/1017/994 932/932/993 930/930/995
f 895/895/947 897/897/946 931/931/898
f 970/970/1005 895/895/947 931/931/898
f 1017/1017/994 970/970/1005 931/931/898
f 1017/1017/994 1018/1018/996 970/970/1005
f 930/930/995 937/937/906 1017/1017/994
f 937/937/906 934/934/903 1019/1019/997
f 937/937/906 1019/1019/997 1020/1020/998
f 936/936/905 1020/1020/998 1019/1019/997
f 1017/1017/994 937/937/906 1020/1020/998
f 1020/1020/998 1018/1018/996 1017/1017/994
f 1021/1021/1001 919/919/901 938/938/908
f 1021/1021/1001 935/935/904 919/919/901
f 938/938/908 1015/1015/1002 1021/1021/1001
f 1020/1020/998 936/936/905 935/935/904
f 1015/1015/1002 938/938/908 920/920/907
f 935/935/904 1021/1021/1001 1020/1020/998
f 1022/1022/999 1018/1018/996 1020/1020/998
f 1022/1022/999 1020/1020/998 1021/1021/1001
f 1023/1023/1000 1021/1021/1001 1015/1015/1002
f 969/969/1003 970/970/1005 1024/1024/1004
f 1024/1024/1004 970/970/1005 1025/1025/1006
f 1026/1026/1008 969/969/1003 1024/1024/1004
f 1016/1016/992 1023/1023/1000 1015/1015/1002
f 970/970/1005 1018/1018/996 1022/1022/999
f 1025/1025/1006 970/970/1005 1022/1022/999
f 1021/1021/1001 1027/1027/1007 1022/1022/999
f 1027/1027/1007 1021/1021/1001 1023/1023/1000
f 1024/1024/1004 1025/1025/1006 1022/1022/999
f 1026/1026/1008 1024/1024/1004 1022/1022/999
f 1026/1026/1008 1022/1022/999 1027/1027/1007
f 1028/1028/1015 1026/1026/1008 1027/1027/1007
f 1028/1028/1015 1027/1027/1007 1029/1029/1009
f 1029/1029/1009 1027/1027/1007 1023/1023/1000
f 1030/1030/1010 1029/1029/1009 1023/1023/1000
f 850/850/821 1014/1014/990 846/846/814
f 1014/1014/990 850/850/821 1016/1016/992
f 1031/1031/1023 1016/1016/992 853/853/1011
f 1031/1031/1023 1032/1032/1017 1016/1016/992
f 853/853/1011 1016/1016/992 850/850/821
f 969/969/1003 1026/1026/1008 1033/1033/1012
f 1034/1034/1019 969/969/1003 1033/1033/1012
f 1033/1033/1012 1035/1035/1013 1034/1034/1019
f 1036/1036/1022 1035/1035/1013 1037/1037/1016
f 1016/1016/992 1032/1032/1017 1023/1023/1000
f 1023/1023/1000 1032/1032/1017 1030/1030/1010
f 1038/1038/1014 1030/1030/1010 1032/1032/1017
f 1038/1038/1014 1029/1029/1009 1030/1030/1010
f 1028/1028/1015 1038/1038/1014 1033/1033/1012
f 1033/1033/1012 1026/1026/1008 1028/1028/1015
f 1038/1038/1014 1028/1028/1015 1029/1029/1009
f 1037/1037/1016 1038/1038/1014 1032/1032/1017
f 1037/1037/1016 1035/1035/1013 1038/1038/1014
f 1035/1035/1013 1033/1033/1012 1038/1038/1014
f 971/971/1034 969/969/1003 1034/1034/1019
f 1036/1036/1022 1037/1037/1016 1032/1032/1017
f 1036/1036/1022 1039/1039/1018 1035/1035/1013
f 1035/1035/1013 1039/1039/1018 1034/1034/1019
f 1040/1040/1020 1036/1036/1022 1032/1032/1017
f 1040/1040/1020 1041/1041/1021 1036/1036/1022
f 1041/1041/1021 1039/1039/1018 1036/1036/1022
f 1042/1042/1033 1034/1034/1019 1039/1039/1018
f 1039/1039/1018 1043/1043/1031 1042/1042/1033
f 1043/1043/1031 1039/1039/1018 1041/1041/1021
f 853/853/1011 851/851/820 1031/1031/1023
f 1031/1031/1023 1040/1040/1020 1032/1032/1017
f 851/851/820 1044/1044/1024 1031/1031/1023
f 1045/1045/1025 1040/1040/1020 1031/1031/1023
f 1045/1045/1025 1031/1031/1023 1044/1044/1024
f 1041/1041/1021 1040/1040/1020 1043/1043/1031
f 1046/1046/1036 1043/1043/1031 1040/1040/1020
f 1045/1045/1025 1047/1047/1029 1040/1040/1020
f 1048/1048/1026 1046/1046/1036 1047/1047/1029
f 1047/1047/1029 1046/1046/1036 1040/1040/1020
f 1048/1048/1026 1047/1047/1029 998/998/968
f 854/854/1450 1044/1044/1024 851/851/820
f 989/989/962 1044/1044/1024 854/854/1450
f 1044/1044/1024 1049/1049/1027 1045/1045/1025
f 1050/1050/1028 1045/1045/1025 1049/1049/1027
f 1049/1049/1027 1044/1044/1024 989/989/962
f 991/991/963 1050/1050/1028 1049/1049/1027
f 989/989/962 991/991/963 1049/1049/1027
f 1050/1050/1028 1047/1047/1029 1045/1045/1025
f 1050/1050/1028 998/998/968 1047/1047/1029
f 994/994/1030 998/998/968 1050/1050/1028
f 994/994/1030 1050/1050/1028 991/991/963
f 992/992/964 998/998/968 994/994/1030
f 1043/1043/1031 1051/1051/1032 1042/1042/1033
f 1052/1052/1035 971/971/1034 1034/1034/1019
f 1051/1051/1032 1052/1052/1035 1042/1042/1033
f 1052/1052/1035 1034/1034/1019 1042/1042/1033
f 1046/1046/1036 1053/1053/1037 1051/1051/1032
f 1051/1051/1032 1053/1053/1037 1052/1052/1035
f 1046/1046/1036 1051/1051/1032 1043/1043/1031
f 1000/1000/972 971/971/1034 1052/1052/1035
f 1054/1054/1038 1052/1052/1035 1053/1053/1037
f 1048/1048/1026 1054/1054/1038 1053/1053/1037
f 1000/1000/972 1052/1052/1035 1054/1054/1038
f 1048/1048/1026 1053/1053/1037 1046/1046/1036
f 1055/1055/1039 1048/1048/1026 998/998/968
f 1004/1004/980 1000/1000/972 1054/1054/1038
f 1055/1055/1039 1054/1054/1038 1048/1048/1026
f 1054/1054/1038 1055/1055/1039 1004/1004/980
f 1007/1007/982 1004/1004/980 1055/1055/1039
f 998/998/968 1007/1007/982 1055/1055/1039
f 1009/1009/983 1007/1007/982 998/998/968
f 894/894/888 923/923/890 929/929/897
f 1019/1019/997 934/934/903 936/936/905
f 871/871/841 941/941/914 456/456/913
f 941/941/914 460/460/442 456/456/913
f 953/953/925 950/950/924 955/955/927
f 962/962/941 948/948/937 946/946/920
f 962/962/941 961/961/938 948/948/937
f 958/958/934 960/960/936 962/962/941
f 963/963/943 966/966/942 962/962/941
f 271/271/1040 274/274/1041 1056/1056/1091
f 1056/1056/1091 274/274/1041 1057/1057/1042
f 1058/1058/1044 274/274/1041 273/273/256
f 309/309/295 1058/1058/1044 273/273/256
f 274/274/1041 1058/1058/1044 1057/1057/1042
f 1059/1059/1092 1056/1056/1091 1057/1057/1042
f 1060/1060/1043 1057/1057/1042 1058/1058/1044
f 1061/1061/1052 1060/1060/1043 1058/1058/1044
f 1062/1062/1047 1063/1063/1045 1059/1059/1092
f 1064/1064/1046 1059/1059/1092 1057/1057/1042
f 1064/1064/1046 1057/1057/1042 1060/1060/1043
f 1062/1062/1047 1059/1059/1092 1064/1064/1046
f 1062/1062/1047 1064/1064/1046 1065/1065/1048
f 1061/1061/1052 1064/1064/1046 1060/1060/1043
f 1065/1065/1048 1064/1064/1046 1061/1061/1052
f 309/309/295 308/308/293 1066/1066/1050
f 1066/1066/1050 308/308/293 312/312/1184
f 1067/1067/1049 1058/1058/1044 309/309/295
f 1067/1067/1049 309/309/295 1068/1068/1058
f 1066/1066/1050 1069/1069/1051 309/309/295
f 1069/1069/1051 1066/1066/1050 312/312/1184
f 1068/1068/1058 309/309/295 1069/1069/1051
f 1065/1065/1048 1061/1061/1052 1070/1070/1054
f 1071/1071/1056 1065/1065/1048 1070/1070/1054
f 1065/1065/1048 1071/1071/1056 1062/1062/1047
f 1063/1063/1045 1062/1062/1047 1071/1071/1056
f 1058/1058/1044 1072/1072/1053 1061/1061/1052
f 1058/1058/1044 1067/1067/1049 1072/1072/1053
f 1072/1072/1053 1070/1070/1054 1061/1061/1052
f 1072/1072/1053 1073/1073/1063 1070/1070/1054
f 1073/1073/1063 1072/1072/1053 1067/1067/1049
f 1074/1074/1055 1070/1070/1054 1073/1073/1063
f 1074/1074/1055 1071/1071/1056 1070/1070/1054
f 1074/1074/1055 1075/1075/1057 1071/1071/1056
f 1071/1071/1056 1075/1075/1057 1063/1063/1045
f 1076/1076/1061 1068/1068/1058 1069/1069/1051
f 1077/1077/1059 1078/1078/1060 1076/1076/1061
f 1078/1078/1060 1079/1079/1075 1076/1076/1061
f 1079/1079/1075 1078/1078/1060 1077/1077/1059
f 1069/1069/1051 1077/1077/1059 1076/1076/1061
f 1077/1077/1059 1069/1069/1051 1080/1080/1062
f 1079/1079/1075 1077/1077/1059 1081/1081/1079
f 1081/1081/1079 1077/1077/1059 1080/1080/1062
f 1082/1082/1082 1081/1081/1079 1080/1080/1062
f 1074/1074/1055 1073/1073/1063 1083/1083/1064
f 1084/1084/1065 1073/1073/1063 1067/1067/1049
f 1073/1073/1063 1084/1084/1065 1083/1083/1064
f 1085/1085/1066 1074/1074/1055 1083/1083/1064
f 1084/1084/1065 1086/1086/1067 1083/1083/1064
f 1086/1086/1067 1085/1085/1066 1083/1083/1064
f 1087/1087/1068 1085/1085/1066 1086/1086/1067
f 1067/1067/1049 1068/1068/1058 1084/1084/1065
f 1079/1079/1075 1088/1088/1069 1068/1068/1058
f 1088/1088/1069 1084/1084/1065 1068/1068/1058
f 1074/1074/1055 1085/1085/1066 1075/1075/1057
f 1089/1089/1071 1085/1085/1066 1087/1087/1068
f 1087/1087/1068 1086/1086/1067 1090/1090/1070
f 1088/1088/1069 1090/1090/1070 1086/1086/1067
f 1088/1088/1069 1086/1086/1067 1084/1084/1065
f 1090/1090/1070 1088/1088/1069 1087/1087/1068
f 1089/1089/1071 1087/1087/1068 1091/1091/1116
f 1091/1091/1116 1087/1087/1068 1088/1088/1069
f 1089/1089/1071 1092/1092/1072 1075/1075/1057
f 1075/1075/1057 1085/1085/1066 1089/1089/1071
f 1093/1093/1073 1075/1075/1057 1092/1092/1072
f 1068/1068/1058 1076/1076/1061 1079/1079/1075
f 1094/1094/1089 1095/1095/1074 1079/1079/1075
f 1094/1094/1089 1096/1096/1076 1095/1095/1074
f 1097/1097/1077 1079/1079/1075 1095/1095/1074
f 1095/1095/1074 1096/1096/1076 1097/1097/1077
f 1079/1079/1075 1081/1081/1079 1094/1094/1089
f 1098/1098/1078 1081/1081/1079 1099/1099/1081
f 1081/1081/1079 1098/1098/1078 1094/1094/1089
f 1100/1100/1080 1094/1094/1089 1098/1098/1078
f 1099/1099/1081 1081/1081/1079 1082/1082/1082
f 1082/1082/1082 1080/1080/1062 1101/1101/1239
f 1082/1082/1082 1102/1102/1083 1099/1099/1081
f 1102/1102/1083 1082/1082/1082 1101/1101/1239
f 1098/1098/1078 1099/1099/1081 1102/1102/1083
f 1103/1103/1084 1098/1098/1078 1102/1102/1083
f 1100/1100/1080 1098/1098/1078 1103/1103/1084
f 1103/1103/1084 1102/1102/1083 1104/1104/1085
f 1104/1104/1085 1102/1102/1083 1101/1101/1239
f 1104/1104/1085 1100/1100/1080 1103/1103/1084
f 1105/1105/1086 1106/1106/1087 1079/1079/1075
f 1079/1079/1075 1106/1106/1087 1088/1088/1069
f 1105/1105/1086 1079/1079/1075 1097/1097/1077
f 1096/1096/1076 1107/1107/1088 1097/1097/1077
f 1107/1107/1088 1105/1105/1086 1097/1097/1077
f 1108/1108/1148 1106/1106/1087 1105/1105/1086
f 1105/1105/1086 1100/1100/1080 1108/1108/1148
f 1107/1107/1088 1096/1096/1076 1094/1094/1089
f 1100/1100/1080 1107/1107/1088 1094/1094/1089
f 1107/1107/1088 1100/1100/1080 1105/1105/1086
f 1108/1108/1148 1100/1100/1080 1109/1109/1090
f 271/271/1040 1056/1056/1091 272/272/257
f 272/272/257 1063/1063/1045 275/275/259
f 1059/1059/1092 272/272/257 1056/1056/1091
f 272/272/257 1059/1059/1092 1063/1063/1045
f 275/275/259 1110/1110/1093 263/263/260
f 263/263/260 1110/1110/1093 278/278/262
f 1111/1111/1094 278/278/262 1110/1110/1093
f 1110/1110/1093 275/275/259 1112/1112/1109
f 309/309/295 306/306/294 308/308/293
f 1111/1111/1094 277/277/1100 278/278/262
f 1111/1111/1094 1113/1113/1097 277/277/1100
f 1113/1113/1097 1111/1111/1094 1114/1114/1095
f 1114/1114/1095 1115/1115/1096 1113/1113/1097
f 1115/1115/1096 1114/1114/1095 1116/1116/1104
f 1113/1113/1097 1115/1115/1096 1117/1117/1101
f 1118/1118/1098 317/317/1099 277/277/1100
f 1118/1118/1098 277/277/1100 1117/1117/1101
f 1113/1113/1097 1117/1117/1101 277/277/1100
f 1118/1118/1098 1117/1117/1101 1119/1119/1102
f 1118/1118/1098 1119/1119/1102 1120/1120/1409
f 1111/1111/1094 1110/1110/1093 1114/1114/1095
f 1121/1121/1103 1114/1114/1095 1110/1110/1093
f 1121/1121/1103 1116/1116/1104 1114/1114/1095
f 1116/1116/1104 1117/1117/1101 1115/1115/1096
f 1116/1116/1104 1119/1119/1102 1117/1117/1101
f 1122/1122/1106 1119/1119/1102 1116/1116/1104
f 1123/1123/1105 1119/1119/1102 1122/1122/1106
f 1121/1121/1103 1122/1122/1106 1116/1116/1104
f 1119/1119/1102 1123/1123/1105 1120/1120/1409
f 1122/1122/1106 1120/1120/1409 1123/1123/1105
f 1122/1122/1106 1121/1121/1103 1124/1124/1108
f 1122/1122/1106 1125/1125/1413 1126/1126/1408
f 1063/1063/1045 1127/1127/1110 275/275/259
f 275/275/259 1127/1127/1110 1112/1112/1109
f 1121/1121/1103 1110/1110/1093 1112/1112/1109
f 1127/1127/1110 1128/1128/1107 1112/1112/1109
f 1128/1128/1107 1124/1124/1108 1112/1112/1109
f 1093/1093/1073 1063/1063/1045 1075/1075/1057
f 1093/1093/1073 1127/1127/1110 1063/1063/1045
f 1129/1129/1111 1127/1127/1110 1093/1093/1073
f 1128/1128/1107 1127/1127/1110 1129/1129/1111
f 1130/1130/1165 1124/1124/1108 1128/1128/1107
f 1124/1124/1108 1121/1121/1103 1112/1112/1109
f 1124/1124/1108 1125/1125/1413 1122/1122/1106
f 1124/1124/1108 1131/1131/1112 1125/1125/1413
f 1131/1131/1112 1124/1124/1108 1132/1132/1113
f 1133/1133/1114 1132/1132/1113 1124/1124/1108
f 1131/1131/1112 1132/1132/1113 1134/1134/1115
f 1133/1133/1114 1124/1124/1108 1130/1130/1165
f 1135/1135/1123 1089/1089/1071 1091/1091/1116
f 1136/1136/1117 1092/1092/1072 1089/1089/1071
f 1135/1135/1123 1136/1136/1117 1089/1089/1071
f 1106/1106/1087 1137/1137/1143 1088/1088/1069
f 1138/1138/1118 1135/1135/1123 1139/1139/1127
f 1140/1140/1119 1091/1091/1116 1088/1088/1069
f 1135/1135/1123 1091/1091/1116 1140/1140/1119
f 1088/1088/1069 1137/1137/1143 1140/1140/1119
f 1141/1141/1120 1140/1140/1119 1142/1142/1121
f 1143/1143/1138 1144/1144/1122 1136/1136/1117
f 1136/1136/1117 1144/1144/1122 1092/1092/1072
f 1143/1143/1138 1136/1136/1117 1135/1135/1123
f 1093/1093/1073 1145/1145/1141 1129/1129/1111
f 1144/1144/1122 1093/1093/1073 1092/1092/1072
f 1145/1145/1141 1093/1093/1073 1144/1144/1122
f 1146/1146/1134 1147/1147/1124 1148/1148/1125
f 1147/1147/1124 1138/1138/1118 1139/1139/1127
f 1147/1147/1124 1146/1146/1134 1149/1149/1126
f 1146/1146/1134 1150/1150/1136 1149/1149/1126
f 1151/1151/1135 1149/1149/1126 1150/1150/1136
f 1151/1151/1135 1147/1147/1124 1149/1149/1126
f 1152/1152/1128 1135/1135/1123 1140/1140/1119
f 1139/1139/1127 1135/1135/1123 1152/1152/1128
f 1148/1148/1125 1139/1139/1127 1152/1152/1128
f 1139/1139/1127 1148/1148/1125 1147/1147/1124
f 1141/1141/1120 1152/1152/1128 1140/1140/1119
f 1152/1152/1128 1153/1153/1129 1148/1148/1125
f 1153/1153/1129 1152/1152/1128 1154/1154/1130
f 1154/1154/1130 1152/1152/1128 1141/1141/1120
f 1154/1154/1130 1141/1141/1120 1155/1155/1131
f 1155/1892/1131 1156/1156/1132 1154/1891/1130
f 1148/1148/1125 1153/1153/1129 1146/1146/1134
f 1153/1153/1129 1157/1157/1133 1146/1146/1134
f 1154/1154/1130 1157/1157/1133 1153/1153/1129
f 1150/1890/1136 1146/1889/1134 1157/1893/1133
f 1150/1890/1136 1157/1893/1133 1158/1158/1159
f 1154/1891/1130 1158/1158/1159 1157/1893/1133
f 1143/1143/1138 1135/1135/1123 1138/1138/1118
f 1143/1143/1138 1138/1138/1118 1151/1151/1135
f 1151/1151/1135 1138/1138/1118 1147/1147/1124
f 1151/1151/1135 1150/1150/1136 1159/1159/1137
f 1143/1143/1138 1151/1151/1135 1159/1159/1137
f 1150/1150/1136 1160/1160/1142 1159/1159/1137
f 1160/1894/1142 1150/1890/1136 1158/1158/1159
f 1161/1161/1139 1158/1158/1159 1154/1891/1130
f 1144/1144/1122 1143/1143/1138 1145/1145/1141
f 1162/1162/1140 1143/1143/1138 1159/1159/1137
f 1162/1162/1140 1159/1159/1137 1160/1160/1142
f 1143/1143/1138 1162/1162/1140 1145/1145/1141
f 1163/1163/1156 1145/1145/1141 1162/1162/1140
f 1160/1160/1142 1163/1163/1156 1162/1162/1140
f 1160/1160/1142 1164/1164/1169 1163/1163/1156
f 1165/1165/1158 1160/1894/1142 1158/1158/1159
f 1137/1137/1143 1106/1106/1087 1108/1108/1148
f 1142/1142/1121 1137/1137/1143 1108/1108/1148
f 1137/1137/1143 1142/1142/1121 1140/1140/1119
f 1166/1166/1144 1141/1141/1120 1142/1142/1121
f 1166/1166/1144 1142/1142/1121 1167/1167/1150
f 1166/1166/1144 1168/1168/1147 1169/1169/1146
f 1170/1170/1145 1169/1898/1146 1168/1897/1147
f 1169/1898/1146 1170/1170/1145 1156/1156/1132
f 1168/1168/1147 1166/1166/1144 1167/1167/1150
f 1108/1108/1148 1171/1171/1149 1142/1142/1121
f 1171/1171/1149 1108/1108/1148 1109/1109/1090
f 1167/1896/1150 1172/1172/1151 1173/1173/1152
f 1167/1896/1150 1173/1173/1152 1174/1174/1153
f 1167/1167/1150 1142/1142/1121 1171/1171/1149
f 1168/1897/1147 1167/1896/1150 1175/1175/1154
f 1168/1897/1147 1175/1175/1154 1170/1170/1145
f 1167/1167/1150 1171/1171/1149 1172/1899/1151
f 1167/1896/1150 1174/1174/1153 1175/1175/1154
f 1175/1175/1154 1156/1156/1132 1170/1170/1145
f 1175/1175/1154 1176/1176/1161 1156/1156/1132
f 1174/1174/1153 1176/1176/1161 1175/1175/1154
f 1141/1141/1120 1169/1169/1146 1155/1155/1131
f 1156/1156/1132 1155/1892/1131 1169/1898/1146
f 1154/1891/1130 1156/1156/1132 1161/1161/1139
f 1169/1169/1146 1141/1141/1120 1166/1166/1144
f 1177/1177/1164 1129/1129/1111 1145/1145/1141
f 1177/1177/1164 1145/1145/1141 1178/1178/1155
f 1163/1163/1156 1178/1178/1155 1145/1145/1141
f 1163/1163/1156 1164/1164/1169 1178/1178/1155
f 1164/1895/1169 1160/1894/1142 1165/1165/1158
f 1179/1179/1157 1165/1165/1158 1158/1158/1159
f 1179/1179/1157 1158/1158/1159 1161/1161/1139
f 1177/1177/1164 1178/1178/1155 1180/1180/1160
f 1180/1180/1160 1178/1178/1155 1164/1164/1169
f 1161/1161/1139 1156/1156/1132 1181/1181/1163
f 1179/1179/1157 1161/1161/1139 1181/1181/1163
f 1156/1156/1132 1176/1176/1161 1181/1181/1163
f 1181/1181/1163 1176/1176/1161 1182/1182/1162
f 1183/1183/1175 1184/1184/1168 1179/1179/1157
f 1181/1181/1163 1183/1183/1175 1179/1179/1157
f 1182/1182/1162 1183/1183/1175 1181/1181/1163
f 1130/1130/1165 1128/1128/1107 1129/1129/1111
f 1177/1177/1164 1130/1130/1165 1129/1129/1111
f 1185/1185/1166 1130/1130/1165 1177/1177/1164
f 1185/1185/1166 1186/1186/1167 1130/1130/1165
f 1184/1184/1168 1165/1165/1158 1179/1179/1157
f 1180/1180/1160 1185/1185/1166 1177/1177/1164
f 1180/1180/1160 1164/1164/1169 1187/1187/1172
f 1187/1900/1172 1164/1895/1169 1165/1165/1158
f 1188/1188/1178 1185/1185/1166 1180/1180/1160
f 1130/1130/1165 1186/1186/1167 1133/1133/1114
f 1189/1189/1170 1133/1133/1114 1186/1186/1167
f 1134/1134/1115 1132/1132/1113 1133/1133/1114
f 1134/1134/1115 1133/1133/1114 1190/1190/1171
f 1189/1189/1170 1190/1190/1171 1133/1133/1114
f 1188/1188/1178 1180/1180/1160 1187/1187/1172
f 1191/1191/1173 1187/1900/1172 1165/1165/1158
f 1185/1185/1166 1189/1189/1170 1186/1186/1167
f 1188/1188/1178 1189/1189/1170 1185/1185/1166
f 1192/1192/1174 1165/1165/1158 1184/1184/1168
f 1192/1192/1174 1191/1191/1173 1165/1165/1158
f 1184/1184/1168 1183/1183/1175 1192/1192/1174
f 1192/1192/1174 1183/1183/1175 1193/1193/1176
f 1194/1194/1363 1192/1192/1174 1193/1193/1176
f 1195/1195/1177 1189/1189/1170 1188/1188/1178
f 1187/1187/1172 1196/1196/1179 1188/1188/1178
f 1196/1901/1179 1187/1900/1172 1191/1191/1173
f 1195/1195/1177 1188/1188/1178 1196/1196/1179
f 1194/1194/1363 1197/1197/1366 1192/1192/1174
f 1198/1198/1583 1192/1192/1174 1197/1197/1366
f 1199/1199/1180 313/313/456 477/477/1181
f 312/312/1184 313/313/456 1200/1200/1182
f 1201/1201/1183 1069/1069/1051 312/312/1184
f 312/312/1184 1200/1200/1182 1202/1202/1185
f 1200/1200/1182 313/313/456 1199/1199/1180
f 1203/1203/1186 1200/1200/1182 1199/1199/1180
f 476/476/455 1204/1204/1195 1199/1199/1180
f 1205/1205/1187 1199/1199/1180 1204/1204/1195
f 1199/1199/1180 1205/1205/1187 1206/1206/1188
f 1206/1206/1188 1203/1203/1186 1199/1199/1180
f 1206/1206/1188 1205/1205/1187 1207/1207/1190
f 1208/1208/1194 1207/1207/1190 1205/1205/1187
f 1209/1209/1189 1206/1206/1188 1207/1207/1190
f 1210/1210/1250 1206/1206/1188 1209/1209/1189
f 1207/1207/1190 1211/1211/1191 1209/1209/1189
f 1208/1208/1194 1212/1212/1192 1207/1207/1190
f 1211/1211/1191 1207/1207/1190 1212/1212/1192
f 1208/1208/1194 1213/1213/1193 1212/1212/1192
f 1214/1214/1200 1208/1208/1194 1205/1205/1187
f 1215/1215/1197 1205/1205/1187 1204/1204/1195
f 1214/1214/1200 1205/1205/1187 1215/1215/1197
f 1204/1204/1195 1216/1216/1201 1215/1215/1197
f 1216/1216/1201 1204/1204/1195 1217/1217/1204
f 1218/1218/1196 1213/1213/1193 1208/1208/1194
f 1218/1218/1196 1215/1215/1197 1219/1219/1198
f 1213/1213/1193 1218/1218/1196 1219/1219/1198
f 1213/1213/1193 1219/1219/1198 1220/1220/1199
f 1218/1218/1196 1208/1208/1194 1214/1214/1200
f 1218/1218/1196 1214/1214/1200 1215/1215/1197
f 1219/1219/1198 1215/1215/1197 1220/1220/1199
f 1216/1216/1201 1220/1220/1199 1215/1215/1197
f 1216/1216/1201 1221/1221/1202 1220/1220/1199
f 1204/1204/1195 1222/1222/1206 1217/1217/1204
f 1222/1222/1206 1204/1204/1195 1223/1223/1283
f 1224/1224/1203 1216/1216/1201 1217/1217/1204
f 1224/1224/1203 1217/1217/1204 1225/1225/1205
f 1216/1216/1201 1224/1224/1203 1225/1225/1205
f 1221/1221/1202 1216/1216/1201 1225/1225/1205
f 1225/1225/1205 1217/1217/1204 1222/1222/1206
f 1225/1225/1205 1222/1222/1206 1221/1221/1202
f 1080/1080/1062 1069/1069/1051 1201/1201/1183
f 1201/1201/1183 312/312/1184 1202/1202/1185
f 1226/1226/1207 1202/1202/1185 1200/1200/1182
f 1202/1202/1185 1226/1226/1207 1227/1227/1209
f 1228/1228/1208 1202/1202/1185 1227/1227/1209
f 1229/1229/1211 1080/1080/1062 1201/1201/1183
f 1080/1080/1062 1230/1230/1210 1101/1101/1239
f 1230/1230/1210 1080/1080/1062 1229/1229/1211
f 1229/1229/1211 1201/1201/1183 1231/1231/1212
f 1202/1202/1185 1231/1231/1212 1201/1201/1183
f 1229/1229/1211 1231/1231/1212 1230/1230/1210
f 1231/1231/1212 1202/1202/1185 1228/1228/1208
f 1230/1230/1210 1231/1231/1212 1228/1228/1208
f 1230/1230/1210 1228/1228/1208 1232/1232/1213
f 1226/1226/1207 1200/1200/1182 1233/1233/1215
f 1226/1226/1207 1233/1233/1215 1234/1234/1214
f 1234/1234/1214 1233/1233/1215 1235/1235/1216
f 1233/1233/1215 1200/1200/1182 1203/1203/1186
f 1236/1236/1217 1235/1235/1216 1233/1233/1215
f 1236/1236/1217 1237/1237/1219 1235/1235/1216
f 1203/1203/1186 1236/1236/1217 1233/1233/1215
f 1234/1234/1214 1238/1238/1218 1226/1226/1207
f 1227/1227/1209 1238/1238/1218 1235/1235/1216
f 1238/1238/1218 1234/1234/1214 1235/1235/1216
f 1238/1238/1218 1227/1227/1209 1226/1226/1207
f 1227/1227/1209 1235/1235/1216 1239/1239/1221
f 1239/1239/1221 1235/1235/1216 1237/1237/1219
f 1237/1237/1219 1236/1236/1217 1240/1240/1220
f 1241/1241/1222 1240/1240/1220 1236/1236/1217
f 1240/1240/1220 1241/1241/1222 1237/1237/1219
f 1239/1239/1221 1237/1237/1219 1241/1241/1222
f 1239/1239/1221 1241/1241/1222 1242/1242/1226
f 1243/1243/1229 1239/1239/1221 1242/1242/1226
f 1203/1203/1186 1244/1244/1223 1236/1236/1217
f 1245/1245/1227 1244/1244/1223 1246/1246/1224
f 1246/1246/1224 1203/1203/1186 1247/1247/1225
f 1203/1203/1186 1246/1246/1224 1244/1244/1223
f 1247/1247/1225 1203/1203/1186 1248/1248/1248
f 1203/1203/1186 1206/1206/1188 1248/1248/1248
f 1236/1236/1217 1244/1244/1223 1242/1242/1226
f 1241/1241/1222 1236/1236/1217 1242/1242/1226
f 1242/1242/1226 1244/1244/1223 1245/1245/1227
f 1245/1245/1227 1246/1246/1224 1247/1247/1225
f 1249/1249/1233 1242/1242/1226 1245/1245/1227
f 1247/1247/1225 1248/1248/1248 1250/1250/1228
f 1250/1250/1228 1245/1245/1227 1247/1247/1225
f 1245/1245/1227 1251/1251/1236 1249/1249/1233
f 1251/1251/1236 1245/1245/1227 1250/1250/1228
f 1228/1228/1208 1227/1227/1209 1243/1243/1229
f 1243/1243/1229 1252/1252/1231 1228/1228/1208
f 1253/1253/1230 1228/1228/1208 1252/1252/1231
f 1232/1232/1213 1228/1228/1208 1253/1253/1230
f 1252/1252/1231 1232/1232/1213 1253/1253/1230
f 1252/1252/1231 1243/1243/1229 1254/1254/1232
f 1254/1254/1232 1255/1255/1237 1256/1256/1240
f 1243/1243/1229 1227/1227/1209 1239/1239/1221
f 1249/1249/1233 1243/1243/1229 1242/1242/1226
f 1243/1243/1229 1249/1249/1233 1254/1254/1232
f 1257/1257/1234 1254/1254/1232 1249/1249/1233
f 1258/1258/1235 1254/1254/1232 1257/1257/1234
f 1255/1255/1237 1257/1257/1234 1249/1249/1233
f 1257/1257/1234 1255/1255/1237 1258/1258/1235
f 1251/1251/1236 1255/1255/1237 1249/1249/1233
f 1255/1255/1237 1251/1251/1236 1250/1250/1228
f 1254/1254/1232 1258/1258/1235 1255/1255/1237
f 1259/1259/1238 1101/1101/1239 1230/1230/1210
f 1104/1104/1085 1101/1101/1239 1259/1259/1238
f 1230/1230/1210 1232/1232/1213 1259/1259/1238
f 1259/1259/1238 1260/1260/1260 1104/1104/1085
f 1100/1100/1080 1104/1104/1085 1109/1109/1090
f 1104/1104/1085 1260/1260/1260 1109/1109/1090
f 1171/1171/1149 1109/1109/1090 1260/1260/1260
f 1261/1261/1262 1172/1899/1151 1260/1260/1260
f 1259/1259/1238 1232/1232/1213 1252/1252/1231
f 1256/1256/1240 1259/1259/1238 1252/1252/1231
f 1256/1256/1240 1252/1252/1231 1254/1254/1232
f 1259/1259/1238 1256/1256/1240 1260/1260/1260
f 1262/1262/1352 1263/1263/1241 1264/1264/1355
f 1263/1263/1241 1261/1902/1262 1265/1265/1242
f 1264/1264/1355 1263/1263/1241 1266/1266/1244
f 1267/1267/1243 1265/1265/1242 1261/1902/1262
f 1265/1265/1242 1267/1267/1243 1268/1268/1245
f 1266/1266/1244 1265/1265/1242 1268/1268/1245
f 1269/1269/1246 1266/1266/1244 1268/1268/1245
f 1268/1268/1245 1267/1267/1243 1269/1269/1246
f 1266/1266/1244 1263/1263/1241 1265/1265/1242
f 1264/1264/1355 1266/1266/1244 1270/1270/1356
f 1270/1270/1356 1266/1266/1244 1269/1269/1246
f 1269/1269/1246 1271/1271/1269 1270/1270/1356
f 1248/1248/1248 1206/1206/1188 1272/1272/1247
f 1273/1273/1252 1274/1274/1249 1272/1272/1247
f 1248/1248/1248 1272/1272/1247 1274/1274/1249
f 1206/1206/1188 1210/1210/1250 1272/1272/1247
f 1210/1210/1250 1273/1273/1252 1272/1272/1247
f 1210/1210/1250 1275/1275/1251 1273/1273/1252
f 1248/1248/1248 1274/1274/1249 1273/1273/1252
f 1275/1275/1251 1210/1210/1250 1211/1211/1191
f 1209/1209/1189 1211/1211/1191 1210/1210/1250
f 1213/1213/1193 1211/1211/1191 1212/1212/1192
f 1273/1273/1252 1275/1275/1251 1211/1211/1191
f 1211/1211/1191 1213/1213/1193 1273/1273/1252
f 1276/1276/1254 1250/1250/1228 1248/1248/1248
f 1277/1277/1253 1250/1250/1228 1276/1276/1254
f 1248/1248/1248 1273/1273/1252 1276/1276/1254
f 1273/1273/1252 1213/1213/1193 1278/1278/1255
f 1213/1213/1193 1220/1220/1199 1278/1278/1255
f 1220/1220/1199 1221/1221/1202 1278/1278/1255
f 1276/1276/1254 1273/1273/1252 1278/1278/1255
f 1276/1276/1254 1278/1278/1255 1279/1279/1256
f 1255/1255/1237 1250/1250/1228 1277/1277/1253
f 1277/1277/1253 1276/1276/1254 1279/1279/1256
f 1256/1256/1240 1255/1255/1237 1277/1277/1253
f 1256/1256/1240 1277/1277/1253 1279/1279/1256
f 1280/1280/1257 1278/1278/1255 1221/1221/1202
f 1280/1280/1257 1221/1221/1202 1281/1281/1286
f 1282/1282/1261 1279/1279/1256 1280/1280/1257
f 1279/1279/1256 1278/1278/1255 1280/1280/1257
f 1283/1283/1259 1280/1280/1257 1284/1284/1258
f 1282/1282/1261 1280/1280/1257 1283/1283/1259
f 1260/1260/1260 1256/1256/1240 1282/1282/1261
f 1261/1261/1262 1260/1260/1260 1282/1282/1261
f 1282/1282/1261 1256/1256/1240 1279/1279/1256
f 1261/1902/1262 1285/1285/1263 1286/1286/1264
f 1287/1287/1265 1286/1286/1264 1285/1285/1263
f 1288/1288/1266 1287/1287/1265 1285/1285/1263
f 1288/1288/1266 1285/1285/1263 1289/1289/1267
f 1286/1286/1264 1267/1267/1243 1261/1902/1262
f 1290/1290/1268 1267/1267/1243 1286/1286/1264
f 1271/1271/1269 1267/1267/1243 1290/1290/1268
f 1269/1269/1246 1267/1267/1243 1271/1271/1269
f 1271/1271/1269 1290/1290/1268 1291/1291/1271
f 1292/1292/1270 1270/1270/1356 1271/1271/1269
f 1287/1287/1265 1290/1290/1268 1286/1286/1264
f 1291/1291/1271 1290/1290/1268 1287/1287/1265
f 1292/1292/1270 1291/1291/1271 1293/1293/1272
f 1271/1271/1269 1291/1291/1271 1292/1292/1270
f 1294/1294/1273 1287/1287/1265 1288/1288/1266
f 1291/1291/1271 1287/1287/1265 1293/1293/1272
f 1293/1293/1272 1287/1287/1265 1294/1294/1273
f 1294/1294/1273 1288/1288/1266 1295/1295/1274
f 1293/1293/1272 1294/1294/1273 1295/1295/1274
f 1293/1293/1272 1295/1295/1274 1296/1296/1317
f 1292/1292/1270 1293/1293/1272 1296/1296/1317
f 1289/1289/1267 1295/1295/1274 1288/1288/1266
f 1261/1261/1262 1282/1282/1261 1297/1297/1275
f 1285/1285/1263 1261/1902/1262 1297/1903/1275
f 1297/1903/1275 1298/1298/1276 1285/1285/1263
f 1299/1299/1278 1285/1285/1263 1298/1298/1276
f 1289/1289/1267 1285/1285/1263 1299/1299/1278
f 1300/1300/1322 1289/1289/1267 1299/1299/1278
f 1298/1298/1276 1301/1301/1277 1299/1299/1278
f 1297/1297/1275 1282/1282/1261 1283/1283/1259
f 1302/1302/1279 1297/1297/1275 1283/1283/1259
f 1298/1298/1276 1297/1903/1275 1302/1904/1279
f 1303/1303/1280 1298/1298/1276 1302/1904/1279
f 1298/1298/1276 1303/1303/1280 1301/1301/1277
f 1303/1303/1280 1304/1304/1281 1301/1301/1277
f 1299/1299/1278 1301/1301/1277 1300/1300/1322
f 1300/1300/1322 1301/1301/1277 1305/1305/1298
f 1306/1306/1282 1223/1223/1283 1307/1307/1304
f 1306/1306/1282 1307/1307/1304 1308/1308/1303
f 1306/1306/1282 1308/1308/1303 1309/1309/1288
f 1223/1223/1283 1306/1306/1282 1310/1310/1284
f 1309/1309/1288 1310/1310/1284 1306/1306/1282
f 1221/1221/1202 1222/1222/1206 1223/1223/1283
f 1311/1311/1285 1223/1223/1283 1310/1310/1284
f 1281/1281/1286 1221/1221/1202 1223/1223/1283
f 1311/1311/1285 1310/1310/1284 1309/1309/1288
f 1281/1281/1286 1223/1223/1283 1311/1311/1285
f 1284/1284/1258 1280/1280/1257 1281/1281/1286
f 1284/1284/1258 1281/1281/1286 1312/1312/1287
f 1312/1312/1287 1281/1281/1286 1313/1313/1290
f 1314/1314/1289 1311/1311/1285 1309/1309/1288
f 1314/1314/1289 1309/1309/1288 1315/1315/1329
f 1313/1313/1290 1281/1281/1286 1311/1311/1285
f 1313/1313/1290 1311/1311/1285 1314/1314/1289
f 1312/1312/1287 1313/1313/1290 1316/1316/1296
f 1313/1313/1290 1314/1314/1289 1317/1317/1300
f 1316/1316/1296 1313/1313/1290 1317/1317/1300
f 1315/1315/1329 1318/1318/1301 1314/1314/1289
f 1317/1317/1300 1314/1314/1289 1318/1318/1301
f 1302/1302/1279 1284/1284/1258 1312/1312/1287
f 1283/1283/1259 1284/1284/1258 1302/1302/1279
f 1302/1904/1279 1319/1319/1291 1303/1303/1280
f 1303/1303/1280 1320/1320/1292 1304/1304/1281
f 1320/1320/1292 1303/1303/1280 1319/1319/1291
f 1312/1312/1287 1321/1321/1293 1302/1302/1279
f 1321/1905/1293 1319/1319/1291 1302/1904/1279
f 1316/1316/1296 1322/1322/1294 1312/1312/1287
f 1321/1321/1293 1312/1312/1287 1322/1322/1294
f 1322/1906/1294 1323/1323/1295 1321/1905/1293
f 1321/1905/1293 1323/1323/1295 1319/1319/1291
f 1323/1323/1295 1322/1906/1294 1316/1316/1296
f 1320/1320/1292 1319/1319/1291 1323/1323/1295
f 1320/1320/1292 1323/1323/1295 1324/1324/1297
f 1305/1305/1298 1320/1320/1292 1324/1324/1297
f 1305/1305/1298 1324/1324/1297 1325/1325/1332
f 1326/1326/1299 1323/1323/1295 1316/1316/1296
f 1323/1323/1295 1326/1326/1299 1324/1324/1297
f 1326/1326/1299 1316/1316/1296 1317/1317/1300
f 1326/1326/1299 1317/1317/1300 1318/1318/1301
f 1324/1324/1297 1326/1326/1299 1327/1327/1333
f 1318/1318/1301 1327/1327/1333 1326/1326/1299
f 1305/1305/1298 1301/1301/1277 1304/1304/1281
f 1305/1305/1298 1304/1304/1281 1320/1320/1292
f 477/477/1181 476/476/455 1199/1199/1180
f 486/486/1302 476/476/455 485/485/461
f 486/486/1302 1204/1204/1195 476/476/455
f 493/493/470 490/490/471 1308/1308/1303
f 490/490/471 494/494/473 1308/1308/1303
f 1204/1204/1195 486/486/1302 491/491/468
f 491/491/468 493/493/470 1307/1307/1304
f 1307/1307/1304 493/493/470 1308/1308/1303
f 1223/1223/1283 1204/1204/1195 491/491/468
f 1223/1223/1283 491/491/468 1307/1307/1304
f 1328/1328/1310 494/494/473 500/500/1305
f 1328/1328/1310 500/500/1305 1329/1329/1313
f 1328/1328/1310 1329/1329/1313 1330/1330/1306
f 1331/1331/1307 500/500/1305 502/502/1308
f 1329/1329/1313 1331/1331/1307 502/502/1308
f 1329/1329/1313 500/500/1305 1331/1331/1307
f 1332/1332/1314 1329/1329/1313 502/502/1308
f 1333/1333/1309 494/494/473 1328/1328/1310
f 1333/1333/1309 1328/1328/1310 1334/1334/1311
f 1330/1330/1306 1335/1335/1312 1328/1328/1310
f 1335/1335/1312 1330/1330/1306 1329/1329/1313
f 1329/1329/1313 1332/1332/1314 1335/1335/1312
f 1328/1328/1310 1335/1335/1312 1334/1334/1311
f 1334/1334/1311 1335/1335/1312 1332/1332/1314
f 1336/1336/1315 1295/1295/1274 1337/1337/1316
f 1296/1296/1317 1338/1338/1320 1292/1292/1270
f 1296/1296/1317 1295/1295/1274 1336/1336/1315
f 1300/1300/1322 1295/1295/1274 1289/1289/1267
f 1337/1337/1316 1295/1295/1274 1300/1300/1322
f 1337/1337/1316 1339/1339/1318 1336/1336/1315
f 1296/1296/1317 1336/1336/1315 1339/1339/1318
f 1338/1338/1320 1296/1296/1317 1339/1339/1318
f 1300/1300/1322 1339/1339/1318 1337/1337/1316
f 1340/1340/1321 1339/1339/1318 1300/1300/1322
f 1341/1341/1319 1292/1292/1270 1338/1338/1320
f 1338/1338/1320 1339/1339/1318 1340/1340/1321
f 1340/1340/1321 1341/1341/1319 1338/1338/1320
f 1341/1341/1319 1340/1340/1321 1342/1342/1326
f 1340/1340/1321 1300/1300/1322 1343/1343/1323
f 1340/1340/1321 1343/1343/1323 1344/1344/1325
f 1345/1345/1324 1344/1344/1325 1343/1343/1323
f 1342/1342/1326 1346/1346/1361 1341/1341/1319
f 1342/1342/1326 1340/1340/1321 1344/1344/1325
f 1347/1347/1327 1334/1334/1311 1332/1332/1314
f 1347/1347/1327 1332/1332/1314 1348/1348/1661
f 1344/1344/1325 1345/1345/1324 1349/1349/1328
f 1315/1315/1329 1308/1308/1303 494/494/473
f 1309/1309/1288 1308/1308/1303 1315/1315/1329
f 1333/1333/1309 1315/1315/1329 494/494/473
f 1333/1333/1309 1350/1350/1330 1315/1315/1329
f 1350/1350/1330 1333/1333/1309 1351/1351/1331
f 1350/1350/1330 1318/1318/1301 1315/1315/1329
f 1352/1352/1343 1318/1318/1301 1350/1350/1330
f 1325/1325/1332 1324/1324/1297 1327/1327/1333
f 1327/1327/1333 1318/1318/1301 1352/1352/1343
f 1305/1305/1298 1343/1343/1323 1300/1300/1322
f 1343/1343/1323 1305/1305/1298 1325/1325/1332
f 1327/1327/1333 1353/1353/1337 1325/1325/1332
f 1353/1353/1337 1327/1327/1333 1352/1352/1343
f 1343/1343/1323 1325/1325/1332 1354/1354/1334
f 1325/1325/1332 1353/1353/1337 1354/1354/1334
f 1352/1352/1343 1350/1350/1330 1351/1351/1331
f 1354/1354/1334 1345/1345/1324 1343/1343/1323
f 1353/1353/1337 1355/1355/1335 1354/1354/1334
f 1354/1354/1334 1355/1355/1335 1345/1345/1324
f 1352/1352/1343 1356/1356/1336 1353/1353/1337
f 1355/1355/1335 1353/1353/1337 1356/1356/1336
f 1351/1351/1331 1333/1333/1309 1334/1334/1311
f 1347/1347/1327 1351/1351/1331 1334/1334/1311
f 1351/1351/1331 1347/1347/1327 1357/1357/1338
f 1357/1357/1338 1347/1347/1327 1358/1358/1339
f 1352/1352/1343 1351/1351/1331 1357/1357/1338
f 1355/1355/1335 1349/1349/1328 1345/1345/1324
f 1356/1356/1336 1359/1359/1341 1355/1355/1335
f 1359/1359/1341 1349/1349/1328 1355/1355/1335
f 1360/1360/1342 1356/1356/1336 1352/1352/1343
f 1361/1361/1340 1349/1349/1328 1359/1359/1341
f 1359/1359/1341 1356/1356/1336 1360/1360/1342
f 1360/1360/1342 1352/1352/1343 1362/1362/1344
f 1361/1361/1340 1359/1359/1341 1360/1360/1342
f 1357/1357/1338 1362/1362/1344 1352/1352/1343
f 1357/1357/1338 1358/1358/1339 1362/1362/1344
f 1358/1358/1339 1363/1363/1345 1362/1362/1344
f 1360/1360/1342 1362/1362/1344 1364/1364/1346
f 1364/1364/1346 1361/1361/1340 1360/1360/1342
f 1365/1365/1347 1363/1363/1345 1366/1366/1728
f 1364/1364/1346 1362/1362/1344 1363/1363/1345
f 1367/1367/1348 1363/1363/1345 1365/1365/1347
f 1361/1361/1340 1364/1364/1346 1368/1368/1349
f 1368/1368/1349 1369/1369/1387 1361/1361/1340
f 1363/1363/1345 1367/1367/1348 1364/1364/1346
f 1364/1364/1346 1367/1367/1348 1368/1368/1349
f 1368/1368/1349 1367/1367/1348 1365/1365/1347
f 1172/1899/1151 1171/1171/1149 1260/1260/1260
f 1173/1173/1152 1172/1172/1151 1370/1370/1350
f 1173/1173/1152 1370/1370/1350 1371/1371/1351
f 1173/1173/1152 1371/1371/1351 1174/1174/1153
f 1174/1174/1153 1371/1371/1351 1372/1372/1353
f 1371/1371/1351 1370/1370/1350 1262/1262/1352
f 1262/1262/1352 1372/1372/1353 1371/1371/1351
f 1372/1372/1353 1176/1176/1161 1174/1174/1153
f 1261/1902/1262 1263/1263/1241 1172/1172/1151
f 1370/1370/1350 1172/1172/1151 1263/1263/1241
f 1370/1370/1350 1263/1263/1241 1262/1262/1352
f 1372/1372/1353 1373/1373/1354 1176/1176/1161
f 1373/1373/1354 1372/1372/1353 1262/1262/1352
f 1182/1182/1162 1176/1176/1161 1373/1373/1354
f 1373/1373/1354 1262/1262/1352 1264/1264/1355
f 1264/1264/1355 1270/1270/1356 1373/1373/1354
f 1373/1373/1354 1292/1292/1270 1182/1182/1162
f 1292/1292/1270 1373/1373/1354 1270/1270/1356
f 1182/1182/1162 1374/1374/1357 1193/1193/1176
f 1374/1374/1357 1182/1182/1162 1292/1292/1270
f 1375/1375/1378 1374/1374/1357 1292/1292/1270
f 1182/1182/1162 1193/1193/1176 1183/1183/1175
f 1341/1341/1319 1346/1346/1361 1292/1292/1270
f 1376/1376/1358 1346/1346/1361 1342/1342/1326
f 1292/1292/1270 1346/1346/1361 1377/1377/1360
f 1378/1378/1359 1292/1292/1270 1377/1377/1360
f 1344/1344/1325 1376/1376/1358 1342/1342/1326
f 1346/1346/1361 1376/1376/1358 1379/1379/1362
f 1376/1376/1358 1344/1344/1325 1379/1379/1362
f 1377/1377/1360 1346/1346/1361 1379/1379/1362
f 1375/1375/1378 1292/1292/1270 1380/1380/1374
f 1381/1381/1365 1375/1375/1378 1382/1382/1371
f 1374/1374/1357 1194/1194/1363 1193/1193/1176
f 1383/1383/1368 1194/1194/1363 1374/1374/1357
f 1194/1194/1363 1384/1384/1364 1197/1197/1366
f 1194/1194/1363 1383/1383/1368 1385/1385/1367
f 1381/1381/1365 1383/1383/1368 1374/1374/1357
f 1381/1381/1365 1374/1374/1357 1375/1375/1378
f 1197/1197/1366 1384/1384/1364 1385/1385/1367
f 1194/1194/1363 1385/1385/1367 1384/1384/1364
f 1385/1385/1367 1383/1383/1368 1386/1386/1369
f 1385/1385/1367 1386/1386/1369 1387/1387/1370
f 1381/1381/1365 1386/1386/1369 1383/1383/1368
f 1387/1387/1370 1386/1386/1369 1381/1381/1365
f 1388/1388/1742 1381/1381/1365 1382/1382/1371
f 1387/1387/1370 1381/1381/1365 1388/1388/1742
f 1380/1380/1374 1292/1292/1270 1378/1378/1359
f 1378/1378/1359 1377/1377/1360 1379/1379/1362
f 1379/1379/1362 1389/1389/1372 1378/1378/1359
f 1390/1390/1375 1389/1389/1372 1379/1379/1362
f 1391/1391/1373 1390/1390/1375 1379/1379/1362
f 1380/1380/1374 1378/1378/1359 1389/1389/1372
f 1380/1380/1374 1389/1389/1372 1390/1390/1375
f 1380/1380/1374 1390/1390/1375 1392/1392/1376
f 1392/1392/1376 1390/1390/1375 1391/1391/1373
f 1393/1393/1379 1379/1379/1362 1344/1344/1325
f 1393/1393/1379 1391/1391/1373 1379/1379/1362
f 1392/1392/1376 1391/1391/1373 1394/1394/1377
f 1394/1394/1377 1375/1375/1378 1392/1392/1376
f 1393/1393/1379 1394/1394/1377 1391/1391/1373
f 1395/1395/1384 1393/1393/1379 1344/1344/1325
f 1394/1394/1377 1393/1393/1379 1395/1395/1384
f 1392/1392/1376 1375/1375/1378 1380/1380/1374
f 1375/1375/1378 1394/1394/1377 1396/1396/1382
f 1394/1394/1377 1395/1395/1384 1396/1396/1382
f 1396/1396/1382 1395/1395/1384 1397/1397/1385
f 1396/1396/1382 1397/1397/1385 1398/1398/1380
f 1396/1396/1382 1382/1382/1371 1375/1375/1378
f 1398/1398/1380 1399/1399/1381 1396/1396/1382
f 1382/1382/1371 1396/1396/1382 1399/1399/1381
f 1398/1398/1380 1400/1400/1383 1399/1399/1381
f 1395/1395/1384 1344/1344/1325 1401/1401/1753
f 1344/1344/1325 1349/1349/1328 1401/1401/1753
f 1395/1395/1384 1401/1401/1753 1397/1397/1385
f 1402/1402/1386 1397/1397/1385 1401/1401/1753
f 1398/1398/1380 1397/1397/1385 1400/1400/1383
f 1402/1402/1386 1400/1400/1383 1397/1397/1385
f 1361/1361/1340 1369/1369/1387 1349/1349/1328
f 1118/1118/1098 702/702/666 317/317/1099
f 699/699/665 702/702/666 1403/1403/1388
f 1403/1403/1388 719/719/1390 699/699/665
f 1404/1404/1389 719/719/1390 1403/1403/1388
f 1404/1404/1389 717/717/1398 719/719/1390
f 1404/1404/1389 1405/1405/1399 717/717/1398
f 1120/1120/1409 702/702/666 1118/1118/1098
f 1406/1406/1392 702/702/666 1407/1407/1391
f 702/702/666 1120/1120/1409 1407/1407/1391
f 1408/1408/1395 1403/1403/1388 1406/1406/1392
f 1403/1403/1388 1408/1408/1395 1404/1404/1389
f 1409/1409/1393 1405/1405/1399 1404/1404/1389
f 1409/1409/1393 1404/1404/1389 1408/1408/1395
f 1410/1410/1394 1408/1408/1395 1406/1406/1392
f 1408/1408/1395 1410/1410/1394 1409/1409/1393
f 1411/1411/1411 1409/1409/1393 1412/1412/1396
f 1405/1405/1399 1409/1409/1393 1411/1411/1411
f 1413/1413/1397 717/717/1398 1405/1405/1399
f 717/717/1398 1413/1413/1397 721/721/1400
f 721/721/1400 720/720/682 722/722/683
f 721/721/1400 1414/1414/1401 720/720/682
f 720/720/682 749/749/1403 728/728/691
f 1414/1414/1401 1415/1415/1402 720/720/682
f 749/749/1403 720/720/682 1415/1415/1402
f 1416/1416/1405 1414/1414/1401 721/721/1400
f 1417/1417/1404 1415/1415/1402 1414/1414/1401
f 1415/1415/1402 1418/1418/1422 749/749/1403
f 1413/1413/1397 1405/1405/1399 1411/1411/1411
f 1411/1411/1411 1416/1416/1405 1413/1413/1397
f 1416/1416/1405 721/721/1400 1413/1413/1397
f 1419/1419/1414 1416/1416/1405 1411/1411/1411
f 1420/1420/1416 1417/1417/1404 1416/1416/1405
f 1417/1417/1404 1420/1420/1416 1421/1421/1407
f 1421/1421/1407 1415/1415/1402 1417/1417/1404
f 1421/1421/1407 1418/1418/1422 1415/1415/1402
f 1422/1422/1406 1418/1418/1422 1421/1421/1407
f 1409/1409/1393 1410/1410/1394 1412/1412/1396
f 1423/1423/1410 1407/1407/1391 1120/1120/1409
f 1122/1122/1106 1126/1126/1408 1120/1120/1409
f 1423/1423/1410 1120/1120/1409 1126/1126/1408
f 1125/1125/1413 1423/1423/1410 1126/1126/1408
f 1410/1410/1394 1406/1406/1392 1407/1407/1391
f 1410/1410/1394 1407/1407/1391 1412/1412/1396
f 1423/1423/1410 1412/1412/1396 1407/1407/1391
f 1423/1423/1410 1411/1411/1411 1412/1412/1396
f 1419/1419/1414 1411/1411/1411 1423/1423/1410
f 1423/1423/1410 1125/1125/1413 1424/1424/1412
f 1424/1424/1412 1419/1419/1414 1423/1423/1410
f 1419/1419/1414 1424/1424/1412 1425/1425/1463
f 1424/1424/1412 1125/1125/1413 1425/1425/1463
f 1419/1419/1414 1426/1426/1417 1427/1427/1415
f 1426/1426/1417 1421/1421/1407 1420/1420/1416
f 1427/1427/1415 1420/1420/1416 1419/1419/1414
f 1426/1426/1417 1422/1422/1406 1421/1421/1407
f 1426/1426/1417 1420/1420/1416 1427/1427/1415
f 1419/1419/1414 1428/1428/1418 1426/1426/1417
f 1422/1422/1406 1426/1426/1417 1428/1428/1418
f 1422/1422/1406 1428/1428/1418 1429/1429/1424
f 1430/1430/1419 1429/1429/1424 1428/1428/1418
f 1431/1431/1420 1419/1419/1414 1425/1425/1463
f 1431/1431/1420 1430/1430/1419 1428/1428/1418
f 1419/1419/1414 1431/1431/1420 1428/1428/1418
f 1432/1432/1421 1430/1430/1419 1431/1431/1420
f 748/748/710 1433/1433/1423 747/747/712
f 1418/1418/1422 748/748/710 749/749/1403
f 1418/1418/1422 1433/1433/1423 748/748/710
f 744/744/707 742/742/706 747/747/712
f 1433/1433/1423 744/744/707 747/747/712
f 1433/1433/1423 761/761/1432 744/744/707
f 1429/1429/1424 1433/1433/1423 1418/1418/1422
f 1433/1433/1423 1429/1429/1424 761/761/1432
f 1422/1422/1406 1429/1429/1424 1418/1418/1422
f 1434/1434/1437 761/761/1432 1429/1429/1424
f 765/765/726 760/760/727 761/761/1432
f 1435/1435/1425 765/765/726 761/761/1432
f 765/765/726 1435/1435/1425 1436/1436/1426
f 1436/1907/1426 766/766/728 764/1871/722
f 1436/1436/1426 764/764/722 765/765/726
f 759/759/720 766/766/728 736/736/822
f 1437/1437/1427 1435/1435/1425 761/761/1432
f 1437/1437/1427 1436/1436/1426 1435/1435/1425
f 766/766/728 1436/1907/1426 1438/1438/1428
f 1438/1438/1428 1436/1907/1426 1437/1908/1427
f 1438/1438/1428 1437/1908/1427 1439/1439/1429
f 761/761/1432 1439/1909/1429 1437/1437/1427
f 766/766/728 1438/1438/1428 1440/1440/1436
f 1440/1440/1436 1441/1441/1430 766/766/728
f 766/766/728 768/768/729 736/736/822
f 768/768/729 1441/1441/1430 1442/1442/1472
f 766/766/728 1441/1441/1430 768/768/729
f 1443/1443/1460 768/768/729 1442/1442/1472
f 1430/1430/1419 1434/1434/1437 1429/1429/1424
f 1444/1444/1431 1434/1434/1437 1430/1430/1419
f 761/761/1432 1434/1434/1437 1445/1445/1433
f 1445/1445/1433 1439/1909/1429 761/761/1432
f 1439/1439/1429 1446/1446/1435 1438/1438/1428
f 1446/1446/1435 1439/1439/1429 1445/1910/1433
f 1447/1447/1434 1438/1438/1428 1446/1446/1435
f 1447/1447/1434 1440/1440/1436 1438/1438/1428
f 1447/1447/1434 1441/1441/1430 1440/1440/1436
f 1445/1445/1433 1434/1434/1437 1448/1448/1438
f 1449/1449/1442 1445/1910/1433 1448/1911/1438
f 1450/1450/1439 1447/1447/1434 1446/1446/1435
f 1445/1910/1433 1450/1450/1439 1446/1446/1435
f 1450/1450/1439 1445/1910/1433 1451/1451/1440
f 1452/1452/1441 1441/1441/1430 1447/1447/1434
f 1452/1452/1441 1447/1447/1434 1450/1450/1439
f 1450/1450/1439 1451/1451/1440 1452/1452/1441
f 1449/1449/1442 1451/1451/1440 1445/1910/1433
f 1453/1453/1444 1451/1451/1440 1449/1449/1442
f 1453/1453/1444 1452/1452/1441 1451/1451/1440
f 1434/1434/1437 1444/1444/1431 1448/1448/1438
f 1454/1454/1443 1449/1449/1442 1448/1911/1438
f 1454/1454/1443 1453/1453/1444 1449/1449/1442
f 1455/1455/1474 1453/1453/1444 1454/1454/1443
f 1456/1456/1445 1441/1441/1430 1452/1452/1441
f 1456/1456/1445 1442/1442/1472 1441/1441/1430
f 1457/1457/1446 1443/1443/1460 1442/1442/1472
f 1452/1452/1441 1453/1453/1444 1456/1456/1445
f 1455/1455/1474 1456/1456/1445 1453/1453/1444
f 1458/1458/1447 1454/1454/1443 1448/1911/1438
f 1459/1459/1462 1457/1457/1446 1442/1442/1472
f 1460/1460/1448 769/769/731 768/768/729
f 1443/1443/1460 1460/1460/1448 768/768/729
f 1461/1461/1456 1460/1460/1448 1443/1443/1460
f 1460/1460/1448 1462/1462/1449 769/769/731
f 1462/1462/1449 854/854/1450 769/769/731
f 854/854/1450 1462/1462/1449 1463/1463/1451
f 1463/1463/1451 1462/1462/1449 1464/1464/1452
f 1465/1465/1455 1466/1466/1453 1462/1462/1449
f 1467/1467/1454 1466/1466/1453 1465/1465/1455
f 1461/1461/1456 1468/1468/1457 1462/1462/1449
f 1461/1461/1456 1462/1462/1449 1460/1460/1448
f 1468/1468/1457 1465/1465/1455 1462/1462/1449
f 1469/1469/1458 1465/1465/1455 1468/1468/1457
f 1468/1468/1457 1461/1461/1456 1470/1470/1617
f 1457/1457/1446 1471/1471/1459 1443/1443/1460
f 1461/1461/1456 1471/1471/1459 1457/1457/1446
f 1459/1459/1462 1461/1461/1456 1457/1457/1446
f 1471/1471/1459 1461/1461/1456 1443/1443/1460
f 1472/1472/1487 1459/1459/1462 1442/1442/1472
f 1473/1473/1461 1461/1461/1456 1459/1459/1462
f 1473/1473/1461 1470/1470/1617 1461/1461/1456
f 1474/1474/1485 1473/1473/1461 1459/1459/1462
f 1474/1474/1485 1470/1470/1617 1473/1473/1461
f 1425/1425/1463 1125/1125/1413 1475/1475/1464
f 1131/1131/1112 1475/1475/1464 1125/1125/1413
f 1425/1425/1463 1475/1475/1464 1431/1431/1420
f 1476/1476/1465 1431/1431/1420 1475/1475/1464
f 1431/1431/1420 1476/1476/1465 1432/1432/1421
f 1475/1475/1464 1477/1477/1467 1476/1476/1465
f 1134/1134/1115 1478/1478/1466 1131/1131/1112
f 1475/1475/1464 1131/1131/1112 1477/1477/1467
f 1478/1478/1466 1477/1477/1467 1131/1131/1112
f 1444/1444/1431 1430/1430/1419 1432/1432/1421
f 1476/1476/1465 1444/1444/1431 1432/1432/1421
f 1479/1479/1473 1444/1444/1431 1476/1476/1465
f 1480/1480/1468 1476/1476/1465 1477/1477/1467
f 1476/1476/1465 1480/1480/1468 1479/1479/1473
f 1480/1913/1468 1481/1481/1470 1479/1912/1473
f 1482/1482/1469 1481/1481/1470 1483/1483/1478
f 1484/1484/1477 1481/1481/1470 1480/1913/1468
f 1484/1484/1477 1483/1483/1478 1481/1481/1470
f 1485/1485/1471 1442/1442/1472 1483/1483/1478
f 1472/1472/1487 1442/1442/1472 1485/1485/1471
f 1479/1479/1473 1448/1448/1438 1444/1444/1431
f 1479/1912/1473 1458/1458/1447 1448/1911/1438
f 1455/1455/1474 1454/1454/1443 1458/1458/1447
f 1455/1455/1474 1442/1442/1472 1456/1456/1445
f 1482/1482/1469 1455/1455/1474 1458/1458/1447
f 1458/1458/1447 1479/1912/1473 1482/1482/1469
f 1479/1912/1473 1481/1481/1470 1482/1482/1469
f 1483/1483/1478 1455/1455/1474 1482/1482/1469
f 1455/1455/1474 1483/1483/1478 1442/1442/1472
f 1486/1486/1475 1480/1480/1468 1477/1477/1467
f 1486/1914/1475 1484/1484/1477 1480/1913/1468
f 1487/1487/1476 1484/1484/1477 1486/1914/1475
f 1483/1483/1478 1484/1484/1477 1487/1487/1476
f 1477/1477/1467 1488/1488/1479 1486/1486/1475
f 1486/1914/1475 1488/1915/1479 1489/1489/1480
f 1483/1483/1478 1487/1487/1476 1485/1485/1471
f 1489/1489/1480 1487/1487/1476 1486/1914/1475
f 1490/1490/1482 1477/1477/1467 1478/1478/1466
f 1491/1491/1481 1489/1489/1480 1488/1915/1479
f 1491/1491/1481 1492/1492/1484 1489/1489/1480
f 1492/1492/1484 1487/1487/1476 1489/1489/1480
f 1487/1487/1476 1492/1492/1484 1485/1485/1471
f 1477/1477/1467 1490/1490/1482 1488/1488/1479
f 1490/1916/1482 1491/1491/1481 1488/1915/1479
f 1490/1916/1482 1493/1493/1483 1491/1491/1481
f 1493/1493/1483 1492/1492/1484 1491/1491/1481
f 1474/1474/1485 1459/1459/1462 1472/1472/1487
f 1494/1494/1556 1472/1472/1487 1485/1485/1471
f 1495/1495/1486 1474/1474/1485 1472/1472/1487
f 1472/1472/1487 1496/1496/1488 1495/1495/1486
f 1497/1497/1559 1495/1495/1486 1496/1496/1488
f 1474/1474/1485 1495/1495/1486 1498/1498/1489
f 1134/1134/1115 1499/1499/1492 1478/1478/1466
f 1500/1500/1517 1478/1478/1466 1499/1499/1492
f 1501/1501/1490 1478/1478/1466 1500/1500/1517
f 1134/1134/1115 1190/1190/1171 1499/1499/1492
f 1502/1502/1521 1501/1501/1490 1500/1500/1517
f 1503/1503/1498 1499/1499/1492 1190/1190/1171
f 1504/1504/1491 1499/1499/1492 1503/1503/1498
f 1499/1499/1492 1504/1504/1491 1505/1505/1493
f 1506/1506/1494 1499/1499/1492 1505/1505/1493
f 1505/1505/1493 1504/1504/1491 1507/1507/1495
f 1507/1507/1495 1506/1506/1494 1505/1505/1493
f 1508/1508/1504 1503/1503/1498 1190/1190/1171
f 1508/1508/1504 1509/1509/1496 1503/1503/1498
f 1504/1504/1491 1506/1506/1494 1507/1507/1495
f 1510/1510/1497 1506/1506/1494 1504/1504/1491
f 1510/1510/1497 1504/1504/1491 1503/1503/1498
f 1509/1509/1496 1510/1510/1497 1503/1503/1498
f 1509/1509/1496 1506/1506/1494 1510/1510/1497
f 1506/1506/1494 1509/1509/1496 1511/1511/1499
f 1190/1190/1171 1189/1189/1170 1512/1512/1500
f 1195/1195/1177 1512/1512/1500 1189/1189/1170
f 1512/1512/1500 1513/1513/1502 1190/1190/1171
f 1514/1514/1501 1513/1513/1502 1512/1512/1500
f 1195/1195/1177 1514/1514/1501 1512/1512/1500
f 1191/1191/1173 1192/1192/1174 1198/1198/1583
f 1513/1513/1502 1514/1514/1501 1190/1190/1171
f 1514/1514/1501 1508/1508/1504 1190/1190/1171
f 1515/1515/1503 1508/1508/1504 1514/1514/1501
f 1195/1195/1177 1516/1516/1505 1514/1514/1501
f 1516/1516/1505 1515/1515/1503 1514/1514/1501
f 1517/1517/1506 1508/1508/1504 1515/1515/1503
f 1516/1516/1505 1517/1517/1506 1515/1515/1503
f 1508/1508/1504 1518/1518/1508 1509/1509/1496
f 1518/1518/1508 1511/1511/1499 1509/1509/1496
f 1508/1508/1504 1519/1519/1507 1518/1518/1508
f 1520/1520/1511 1517/1517/1506 1516/1516/1505
f 1521/1521/1509 1518/1518/1508 1519/1519/1507
f 1519/1519/1507 1508/1508/1504 1517/1517/1506
f 1521/1521/1509 1522/1522/1510 1518/1518/1508
f 1520/1520/1511 1519/1519/1507 1517/1517/1506
f 1520/1520/1511 1521/1521/1509 1519/1519/1507
f 1520/1520/1511 1516/1516/1505 1195/1195/1177
f 1520/1520/1511 1195/1195/1177 1196/1196/1179
f 1198/1198/1583 1197/1197/1366 1523/1523/1512
f 1523/1523/1512 1197/1197/1366 1385/1385/1367
f 1524/1524/1514 1500/1500/1517 1499/1499/1492
f 1499/1499/1492 1506/1506/1494 1511/1511/1499
f 1499/1499/1492 1511/1511/1499 1524/1524/1514
f 1525/1525/1515 1524/1524/1514 1511/1511/1499
f 1526/1526/1513 1524/1524/1514 1525/1525/1515
f 1524/1524/1514 1526/1526/1513 1500/1500/1517
f 1527/1527/1518 1500/1500/1517 1526/1526/1513
f 1528/1528/1516 1502/1502/1521 1500/1500/1517
f 1528/1528/1516 1500/1500/1517 1527/1527/1518
f 1526/1526/1513 1525/1525/1515 1511/1511/1499
f 1527/1527/1518 1526/1526/1513 1528/1528/1516
f 1526/1526/1513 1529/1529/1519 1528/1528/1516
f 1511/1511/1499 1530/1530/1520 1526/1526/1513
f 1531/1531/1525 1526/1526/1513 1530/1530/1520
f 1532/1532/1542 1529/1529/1519 1526/1526/1513
f 1532/1532/1542 1526/1526/1513 1531/1531/1525
f 1502/1502/1521 1528/1528/1516 1529/1529/1519
f 1532/1532/1542 1502/1502/1521 1529/1529/1519
f 1502/1502/1521 1533/1533/1522 1501/1501/1490
f 1501/1501/1490 1533/1533/1522 1534/1534/1523
f 1532/1532/1542 1533/1533/1522 1502/1502/1521
f 1535/1535/1524 1511/1511/1499 1518/1518/1508
f 1511/1511/1499 1535/1535/1524 1536/1536/1528
f 1518/1518/1508 1536/1536/1528 1535/1535/1524
f 1536/1536/1528 1530/1530/1520 1511/1511/1499
f 1530/1530/1520 1536/1536/1528 1531/1531/1525
f 1531/1531/1525 1536/1536/1528 1537/1537/1529
f 1518/1518/1508 1522/1522/1510 1538/1538/1527
f 1539/1539/1526 1538/1538/1527 1522/1522/1510
f 1538/1538/1527 1536/1536/1528 1518/1518/1508
f 1540/1540/1530 1536/1536/1528 1538/1538/1527
f 1537/1537/1529 1532/1532/1542 1531/1531/1525
f 1532/1532/1542 1537/1537/1529 1541/1541/1543
f 1540/1540/1530 1537/1537/1529 1536/1536/1528
f 1540/1540/1530 1538/1538/1527 1542/1542/1531
f 1537/1537/1529 1540/1540/1530 1541/1541/1543
f 1540/1540/1530 1543/1543/1536 1541/1541/1543
f 1544/1544/1532 1543/1543/1536 1540/1540/1530
f 1545/1545/1533 1539/1539/1526 1522/1522/1510
f 1546/1546/1534 1539/1539/1526 1545/1545/1533
f 1542/1542/1531 1539/1539/1526 1546/1546/1534
f 1545/1545/1533 1522/1522/1510 1521/1521/1509
f 1521/1521/1509 1547/1547/1535 1545/1545/1533
f 1546/1546/1534 1545/1545/1533 1547/1547/1535
f 1547/1547/1535 1542/1542/1531 1546/1546/1534
f 1540/1540/1530 1542/1542/1531 1544/1544/1532
f 1539/1539/1526 1542/1542/1531 1538/1538/1527
f 1543/1543/1536 1548/1548/1537 1541/1541/1543
f 1549/1549/1538 1548/1548/1537 1543/1543/1536
f 1550/1550/1539 1543/1543/1536 1544/1544/1532
f 1550/1550/1539 1549/1549/1538 1543/1543/1536
f 1544/1544/1532 1542/1542/1531 1547/1547/1535
f 1551/1551/1540 1544/1544/1532 1547/1547/1535
f 1552/1552/1541 1532/1532/1542 1541/1541/1543
f 1552/1552/1541 1553/1553/1544 1532/1532/1542
f 1548/1548/1537 1552/1552/1541 1541/1541/1543
f 1553/1553/1544 1533/1533/1522 1532/1532/1542
f 1554/1554/1565 1533/1533/1522 1553/1553/1544
f 1552/1552/1541 1555/1555/1545 1553/1553/1544
f 1556/1556/1546 1549/1549/1538 1551/1551/1540
f 1548/1548/1537 1549/1549/1538 1552/1552/1541
f 1556/1556/1546 1552/1552/1541 1549/1549/1538
f 1555/1555/1545 1552/1552/1541 1557/1557/1547
f 1556/1556/1546 1557/1557/1547 1552/1552/1541
f 1551/1551/1540 1549/1549/1538 1550/1550/1539
f 1550/1550/1539 1544/1544/1532 1551/1551/1540
f 1557/1557/1547 1556/1556/1546 1551/1551/1540
f 1555/1555/1545 1557/1557/1547 1553/1553/1544
f 1553/1553/1544 1558/1558/1568 1554/1554/1565
f 1553/1553/1544 1557/1557/1547 1558/1558/1568
f 1559/1559/1579 1558/1558/1568 1557/1557/1547
f 1198/1198/1583 1523/1523/1512 1560/1560/1744
f 1561/1561/1548 1562/1562/1549 1560/1560/1744
f 1478/1478/1466 1563/1563/1550 1490/1490/1482
f 1564/1564/1551 1493/1493/1483 1490/1916/1482
f 1492/1492/1484 1493/1493/1483 1485/1485/1471
f 1564/1564/1551 1490/1916/1482 1563/1918/1550
f 1565/1565/1552 1485/1485/1471 1493/1493/1483
f 1564/1564/1551 1565/1565/1552 1493/1493/1483
f 1478/1478/1466 1501/1501/1490 1563/1563/1550
f 1566/1566/1553 1564/1564/1551 1563/1918/1550
f 1566/1566/1553 1565/1565/1552 1564/1564/1551
f 1566/1566/1553 1567/1567/1554 1565/1565/1552
f 1568/1568/1564 1563/1563/1550 1501/1501/1490
f 1566/1566/1553 1563/1918/1550 1568/1919/1564
f 1568/1919/1564 1567/1567/1554 1566/1566/1553
f 1569/1569/1557 1485/1485/1471 1565/1565/1552
f 1569/1569/1557 1565/1565/1552 1567/1567/1554
f 1570/1570/1555 1571/1571/1558 1494/1494/1556
f 1569/1569/1557 1494/1494/1556 1485/1485/1471
f 1570/1570/1555 1494/1494/1556 1569/1569/1557
f 1494/1494/1556 1571/1571/1558 1497/1497/1559
f 1472/1472/1487 1494/1494/1556 1497/1497/1559
f 1497/1497/1559 1496/1496/1488 1472/1472/1487
f 1497/1497/1559 1572/1572/1760 1495/1495/1486
f 1571/1571/1558 1573/1573/1570 1497/1497/1559
f 1574/1574/1560 1572/1572/1760 1497/1497/1559
f 1534/1534/1523 1568/1568/1564 1501/1501/1490
f 1569/1569/1557 1567/1567/1554 1575/1575/1563
f 1570/1570/1555 1569/1569/1557 1575/1575/1563
f 1576/1576/1562 1567/1567/1554 1568/1919/1564
f 1575/1575/1563 1577/1577/1561 1570/1570/1555
f 1576/1576/1562 1575/1575/1563 1567/1567/1554
f 1575/1575/1563 1578/1578/1567 1577/1577/1561
f 1577/1577/1561 1571/1571/1558 1570/1570/1555
f 1571/1571/1558 1577/1577/1561 1573/1573/1570
f 1579/1579/1566 1534/1534/1523 1533/1533/1522
f 1579/1579/1566 1568/1568/1564 1534/1534/1523
f 1579/1579/1566 1576/1920/1562 1568/1568/1564
f 1533/1533/1522 1554/1554/1565 1579/1579/1566
f 1578/1578/1567 1575/1575/1563 1576/1576/1562
f 1558/1558/1568 1579/1579/1566 1554/1554/1565
f 1576/1576/1562 1580/1580/1572 1578/1578/1567
f 1581/1581/1569 1579/1579/1566 1558/1558/1568
f 1581/1581/1569 1576/1920/1562 1579/1579/1566
f 1582/1582/1571 1577/1577/1561 1578/1578/1567
f 1573/1573/1570 1577/1577/1561 1582/1582/1571
f 1580/1580/1572 1582/1582/1571 1578/1578/1567
f 1497/1497/1559 1573/1573/1570 1574/1574/1560
f 1573/1573/1570 1583/1583/1573 1574/1574/1560
f 1583/1583/1573 1584/1584/1574 1574/1574/1560
f 1582/1582/1571 1583/1583/1573 1573/1573/1570
f 1583/1583/1573 1585/1585/1600 1584/1584/1574
f 1585/1585/1600 1586/1586/1575 1584/1584/1574
f 1583/1583/1573 1582/1582/1571 1585/1585/1600
f 1584/1584/1574 1586/1586/1575 1587/1587/1764
f 1588/1588/1765 1589/1589/1595 1590/1590/1768
f 1589/1589/1595 1562/1562/1549 1561/1561/1548
f 1586/1586/1575 1588/1921/1765 1587/1587/1764
f 1547/1547/1535 1520/1520/1511 1196/1196/1179
f 1520/1520/1511 1547/1547/1535 1521/1521/1509
f 1591/1591/1577 1196/1901/1179 1191/1191/1173
f 1591/1922/1577 1547/1547/1535 1196/1196/1179
f 1191/1191/1173 1592/1592/1576 1591/1591/1577
f 1593/1593/1581 1191/1191/1173 1198/1198/1583
f 1551/1551/1540 1547/1547/1535 1594/1594/1578
f 1594/1594/1578 1547/1547/1535 1591/1922/1577
f 1592/1592/1576 1191/1191/1173 1593/1593/1581
f 1591/1591/1577 1592/1592/1576 1594/1923/1578
f 1595/1595/1580 1594/1923/1578 1592/1592/1576
f 1551/1551/1540 1559/1559/1579 1557/1557/1547
f 1558/1558/1568 1559/1559/1579 1581/1581/1569
f 1581/1581/1569 1559/1559/1579 1596/1596/1586
f 1559/1559/1579 1597/1597/1584 1596/1596/1586
f 1594/1594/1578 1559/1559/1579 1551/1551/1540
f 1559/1917/1579 1594/1923/1578 1595/1595/1580
f 1592/1592/1576 1593/1593/1581 1595/1595/1580
f 1598/1598/1582 1559/1917/1579 1595/1595/1580
f 1593/1593/1581 1598/1598/1582 1595/1595/1580
f 1599/1599/1588 1593/1593/1581 1198/1198/1583
f 1559/1917/1579 1598/1598/1582 1597/1924/1584
f 1598/1598/1582 1593/1593/1581 1600/1600/1585
f 1600/1600/1585 1593/1593/1581 1599/1599/1588
f 1601/1601/1596 1596/1596/1586 1597/1597/1584
f 1602/1602/1589 1601/1601/1596 1597/1597/1584
f 1603/1603/1587 1604/1604/1591 1599/1599/1588
f 1604/1604/1591 1600/1600/1585 1599/1599/1588
f 1598/1598/1582 1602/1927/1589 1597/1924/1584
f 1604/1604/1591 1598/1598/1582 1600/1600/1585
f 1605/1605/1590 1602/1927/1589 1598/1598/1582
f 1605/1605/1590 1598/1598/1582 1604/1604/1591
f 1606/1606/1592 1599/1599/1588 1198/1198/1583
f 1599/1599/1588 1607/1607/1593 1603/1603/1587
f 1599/1599/1588 1606/1606/1592 1607/1607/1593
f 1606/1606/1592 1198/1198/1583 1560/1560/1744
f 1606/1606/1592 1560/1560/1744 1608/1608/1594
f 1609/1609/1598 1606/1606/1592 1608/1608/1594
f 1608/1608/1594 1560/1560/1744 1562/1562/1549
f 1589/1589/1595 1608/1608/1594 1562/1562/1549
f 1581/1581/1569 1596/1596/1586 1576/1920/1562
f 1576/1920/1562 1596/1596/1586 1601/1601/1596
f 1610/1610/1597 1582/1582/1571 1580/1580/1572
f 1601/1925/1596 1580/1580/1572 1576/1576/1562
f 1610/1610/1597 1580/1580/1572 1605/1929/1590
f 1585/1585/1600 1582/1582/1571 1610/1610/1597
f 1607/1930/1593 1585/1585/1600 1603/1928/1587
f 1603/1928/1587 1585/1585/1600 1610/1610/1597
f 1605/1929/1590 1580/1580/1572 1601/1925/1596
f 1602/1926/1589 1605/1929/1590 1601/1925/1596
f 1604/1604/1591 1603/1603/1587 1605/1605/1590
f 1603/1928/1587 1610/1610/1597 1605/1929/1590
f 1609/1609/1598 1611/1611/1599 1607/1607/1593
f 1607/1607/1593 1606/1606/1592 1609/1609/1598
f 1607/1930/1593 1611/1931/1599 1585/1585/1600
f 1586/1586/1575 1585/1585/1600 1611/1931/1599
f 1608/1608/1594 1589/1589/1595 1609/1609/1598
f 1611/1611/1599 1609/1609/1598 1589/1589/1595
f 1589/1589/1595 1588/1588/1765 1611/1611/1599
f 1588/1921/1765 1586/1586/1575 1611/1931/1599
f 1406/1406/1392 1403/1403/1388 702/702/666
f 1416/1416/1405 1417/1417/1404 1414/1414/1401
f 1420/1420/1416 1416/1416/1405 1419/1419/1414
f 979/979/1605 1332/1332/1314 502/502/1308
f 985/985/960 986/986/976 984/984/1601
f 984/984/1601 986/986/976 1612/1612/1603
f 980/980/953 984/984/1601 1613/1613/1602
f 1613/1613/1602 984/984/1601 1614/1614/1610
f 1614/1614/1610 984/984/1601 1612/1612/1603
f 1332/1332/1314 979/979/1605 1615/1615/1604
f 1616/1616/1663 1615/1615/1604 979/979/1605
f 979/979/1605 1617/1617/1608 1616/1616/1663
f 1613/1613/1602 979/979/1605 980/980/953
f 1614/1614/1610 1617/1617/1608 1613/1613/1602
f 979/979/1605 1613/1613/1602 1617/1617/1608
f 1616/1616/1663 1617/1617/1608 1618/1618/1665
f 1619/1619/1606 1617/1617/1608 1620/1620/1607
f 1621/1621/1609 1620/1620/1607 1617/1617/1608
f 1619/1619/1606 1618/1618/1665 1617/1617/1608
f 1621/1621/1609 1617/1617/1608 1614/1614/1610
f 1621/1621/1609 1614/1614/1610 1622/1622/1611
f 1463/1463/1451 988/988/961 854/854/1450
f 1463/1463/1451 1464/1464/1452 988/988/961
f 1467/1467/1454 989/989/962 988/988/961
f 1623/1623/1612 1624/1624/1613 989/989/962
f 989/989/962 1467/1467/1454 1623/1623/1612
f 1464/1464/1452 1462/1462/1449 1467/1467/1454
f 988/988/961 1464/1464/1452 1467/1467/1454
f 1462/1462/1449 1466/1466/1453 1467/1467/1454
f 1625/1625/1614 1623/1623/1612 1467/1467/1454
f 990/990/1624 989/989/962 1624/1624/1613
f 1626/1626/1615 990/990/1624 1624/1624/1613
f 1624/1624/1613 1623/1623/1612 1626/1626/1615
f 993/993/965 991/991/963 990/990/1624
f 1623/1623/1612 1625/1625/1614 1626/1626/1615
f 1467/1467/1454 1465/1465/1455 1625/1625/1614
f 1469/1469/1458 1625/1625/1614 1465/1465/1455
f 1469/1469/1458 1468/1468/1457 1625/1625/1614
f 1470/1470/1617 1625/1625/1614 1468/1468/1457
f 1627/1627/1616 1626/1626/1615 1625/1625/1614
f 1627/1627/1616 990/990/1624 1626/1626/1615
f 1625/1625/1614 1470/1470/1617 1627/1627/1616
f 993/993/965 1628/1628/1618 992/992/964
f 1629/1629/1619 1628/1628/1618 993/993/965
f 1629/1629/1619 1630/1630/1621 1628/1628/1618
f 1631/1631/1620 1630/1630/1621 1629/1629/1619
f 992/992/964 1628/1628/1618 995/995/966
f 1630/1630/1621 995/995/966 1628/1628/1618
f 996/996/969 995/995/966 1632/1632/1622
f 995/995/966 1630/1630/1621 1632/1632/1622
f 1633/1633/1623 1630/1630/1621 1631/1631/1620
f 1634/1634/1631 996/996/969 1632/1632/1622
f 1633/1633/1623 1632/1632/1622 1630/1630/1621
f 1633/1633/1623 1634/1634/1631 1632/1632/1622
f 1629/1629/1619 993/993/965 990/990/1624
f 1635/1635/1625 1631/1631/1620 1629/1629/1619
f 1636/1636/1626 1629/1629/1619 990/990/1624
f 1635/1635/1625 1633/1633/1623 1631/1631/1620
f 1635/1635/1625 1637/1637/1630 1633/1633/1623
f 1635/1635/1625 1636/1636/1626 1638/1638/1634
f 1638/1638/1634 1637/1637/1630 1635/1635/1625
f 1635/1635/1625 1629/1629/1619 1636/1636/1626
f 1634/1634/1631 997/997/967 996/996/969
f 1634/1634/1631 1639/1639/1629 997/997/967
f 1640/1640/1628 998/998/968 997/997/967
f 998/998/968 1640/1640/1628 1009/1009/983
f 1641/1641/1627 1009/1009/983 1640/1640/1628
f 1640/1640/1628 997/997/967 1639/1639/1629
f 1639/1639/1629 1641/1641/1627 1640/1640/1628
f 1633/1633/1623 1637/1637/1630 1642/1642/1637
f 1634/1634/1631 1643/1643/1632 1639/1639/1629
f 1641/1641/1627 1639/1639/1629 1643/1643/1632
f 1644/1644/1636 1641/1641/1627 1643/1643/1632
f 1634/1634/1631 1644/1644/1636 1643/1643/1632
f 1633/1633/1623 1644/1644/1636 1634/1634/1631
f 1642/1642/1637 1644/1644/1636 1633/1633/1623
f 1009/1009/983 1641/1641/1627 1644/1644/1636
f 1627/1627/1616 1645/1645/1633 990/990/1624
f 1638/1638/1634 1646/1646/1635 1637/1637/1630
f 1646/1646/1635 1642/1642/1637 1637/1637/1630
f 1645/1645/1633 1636/1636/1626 990/990/1624
f 1646/1646/1635 1638/1638/1634 1636/1636/1626
f 1646/1646/1635 1636/1636/1626 1645/1645/1633
f 1647/1647/1640 1645/1645/1633 1627/1627/1616
f 1646/1646/1635 1645/1645/1633 1647/1647/1640
f 1648/1648/1638 1644/1644/1636 1642/1642/1637
f 1644/1644/1636 1648/1648/1638 1649/1649/1639
f 1649/1649/1639 1648/1648/1638 1642/1642/1637
f 1647/1647/1640 1009/1009/983 1649/1649/1639
f 1009/1009/983 1644/1644/1636 1649/1649/1639
f 1642/1642/1637 1647/1647/1640 1649/1649/1639
f 1646/1646/1635 1647/1647/1640 1642/1642/1637
f 1650/1650/1641 1627/1627/1616 1470/1470/1617
f 1470/1470/1617 1651/1651/1682 1650/1650/1641
f 1650/1650/1641 1647/1647/1640 1627/1627/1616
f 1650/1650/1641 1651/1651/1682 1647/1647/1640
f 1651/1651/1682 1652/1652/1651 1647/1647/1640
f 1612/1612/1603 986/986/976 1002/1002/975
f 1002/1002/975 999/999/970 1612/1612/1603
f 1612/1612/1603 999/999/970 1653/1653/1650
f 1654/1654/1642 1011/1011/1646 1013/1013/989
f 1655/1655/1643 1013/1013/989 1009/1009/983
f 1655/1655/1643 1654/1654/1642 1013/1013/989
f 1656/1656/1644 1011/1011/1646 1654/1654/1642
f 1655/1655/1643 1656/1656/1644 1654/1654/1642
f 1657/1657/1653 1655/1655/1643 1009/1009/983
f 1657/1657/1653 1656/1656/1644 1655/1655/1643
f 1005/1005/978 1653/1653/1650 999/999/970
f 1653/1653/1650 1005/1005/978 1658/1658/1645
f 1658/1658/1645 1005/1005/978 1011/1011/1646
f 1659/1659/1647 1656/1656/1644 1657/1657/1653
f 1659/1659/1647 1011/1011/1646 1656/1656/1644
f 1660/1660/1648 1658/1658/1645 1011/1011/1646
f 1661/1661/1652 1660/1660/1648 1011/1011/1646
f 1661/1661/1652 1011/1011/1646 1659/1659/1647
f 1614/1614/1610 1612/1612/1603 1622/1622/1611
f 1662/1662/1649 1612/1612/1603 1653/1653/1650
f 1653/1653/1650 1663/1663/1697 1662/1662/1649
f 1652/1652/1651 1009/1009/983 1647/1647/1640
f 1664/1664/1656 1657/1657/1653 1009/1009/983
f 1665/1665/1654 1661/1661/1652 1657/1657/1653
f 1665/1665/1654 1660/1660/1648 1661/1661/1652
f 1657/1657/1653 1661/1661/1652 1659/1659/1647
f 1665/1665/1654 1657/1657/1653 1664/1664/1656
f 1652/1652/1651 1664/1664/1656 1009/1009/983
f 1666/1666/1658 1653/1653/1650 1658/1658/1645
f 1667/1667/1655 1658/1658/1645 1660/1660/1648
f 1667/1667/1655 1660/1660/1648 1665/1665/1654
f 1665/1665/1654 1664/1664/1656 1668/1668/1657
f 1668/1668/1657 1667/1667/1655 1665/1665/1654
f 1663/1663/1697 1653/1653/1650 1666/1666/1658
f 1667/1667/1655 1666/1666/1658 1658/1658/1645
f 1669/1669/1659 1667/1667/1655 1668/1668/1657
f 1669/1669/1659 1668/1668/1657 1664/1664/1656
f 1670/1670/1698 1666/1666/1658 1667/1667/1655
f 1670/1670/1698 1667/1667/1655 1669/1669/1659
f 1671/1671/1660 1669/1669/1659 1664/1664/1656
f 1671/1671/1660 1670/1670/1698 1669/1669/1659
f 1615/1615/1604 1348/1348/1661 1332/1332/1314
f 1672/1672/1662 1615/1615/1604 1616/1616/1663
f 1673/1673/1664 1348/1348/1661 1615/1615/1604
f 1673/1673/1664 1615/1615/1604 1672/1672/1662
f 1618/1618/1665 1672/1672/1662 1616/1616/1663
f 1673/1673/1664 1672/1672/1662 1618/1618/1665
f 1674/1674/1729 1673/1673/1664 1618/1618/1665
f 1675/1675/1666 1618/1618/1665 1676/1676/1667
f 1676/1676/1667 1618/1618/1665 1619/1619/1606
f 1620/1620/1607 1676/1676/1667 1619/1619/1606
f 1676/1676/1667 1620/1620/1607 1677/1677/1669
f 1620/1620/1607 1621/1621/1609 1622/1622/1611
f 1677/1677/1669 1620/1620/1607 1678/1678/1674
f 1679/1679/1672 1677/1677/1669 1678/1678/1674
f 1620/1620/1607 1622/1622/1611 1678/1678/1674
f 1678/1678/1674 1622/1622/1611 1680/1680/1676
f 1676/1676/1667 1677/1677/1669 1681/1681/1668
f 1681/1681/1668 1677/1677/1669 1682/1682/1670
f 1682/1682/1670 1677/1677/1669 1683/1683/1671
f 1681/1681/1668 1675/1675/1666 1676/1676/1667
f 1684/1684/1675 1682/1682/1670 1683/1683/1671
f 1684/1684/1675 1681/1681/1668 1682/1682/1670
f 1683/1683/1671 1677/1677/1669 1679/1679/1672
f 1683/1683/1671 1679/1679/1672 1685/1685/1673
f 1685/1685/1673 1679/1679/1672 1678/1678/1674
f 1685/1685/1673 1678/1678/1674 1680/1680/1676
f 1683/1683/1671 1685/1685/1673 1686/1686/1735
f 1684/1684/1675 1683/1683/1671 1686/1686/1735
f 1686/1686/1735 1685/1685/1673 1680/1680/1676
f 1680/1680/1676 1687/1687/1708 1686/1686/1735
f 1688/1688/1677 1686/1686/1735 1687/1687/1708
f 1686/1686/1735 1688/1688/1677 1689/1689/1736
f 1690/1690/1678 1470/1470/1617 1474/1474/1485
f 1691/1691/1679 1651/1651/1682 1470/1470/1617
f 1690/1690/1678 1691/1691/1679 1470/1470/1617
f 1498/1498/1489 1690/1690/1678 1474/1474/1485
f 1692/1692/1680 1693/1693/1761 1690/1690/1678
f 1691/1691/1679 1690/1690/1678 1693/1693/1761
f 1652/1652/1651 1651/1651/1682 1694/1694/1694
f 1694/1694/1694 1695/1695/1686 1696/1696/1681
f 1691/1691/1679 1697/1697/1683 1651/1651/1682
f 1697/1697/1683 1694/1694/1694 1651/1651/1682
f 1698/1698/1684 1697/1697/1683 1691/1691/1679
f 1697/1697/1683 1698/1698/1684 1699/1699/1685
f 1694/1694/1694 1697/1697/1683 1695/1695/1686
f 1699/1699/1685 1695/1695/1686 1697/1697/1683
f 1695/1695/1686 1699/1699/1685 1696/1696/1681
f 1700/1700/1687 1693/1693/1761 1495/1495/1486
f 1701/1701/1689 1693/1693/1761 1702/1702/1688
f 1693/1693/1761 1701/1701/1689 1698/1698/1684
f 1693/1693/1761 1703/1703/1762 1702/1702/1688
f 1703/1703/1762 1701/1701/1689 1702/1702/1688
f 1698/1698/1684 1701/1701/1689 1704/1704/1690
f 1705/1705/1692 1706/1706/1691 1704/1704/1690
f 1705/1705/1692 1704/1704/1690 1701/1701/1689
f 1692/1692/1680 1690/1690/1678 1498/1498/1489
f 1495/1495/1486 1692/1692/1680 1498/1498/1489
f 1692/1692/1680 1495/1495/1486 1693/1693/1761
f 1698/1698/1684 1691/1691/1679 1693/1693/1761
f 1696/1696/1681 1699/1699/1685 1707/1707/1719
f 1699/1699/1685 1704/1704/1690 1707/1707/1719
f 1704/1704/1690 1699/1699/1685 1698/1698/1684
f 1622/1622/1611 1612/1612/1603 1662/1662/1649
f 1680/1680/1676 1622/1622/1611 1662/1662/1649
f 1680/1680/1676 1662/1662/1649 1663/1663/1697
f 1708/1708/1710 1663/1663/1697 1709/1709/1706
f 1663/1663/1697 1708/1708/1710 1680/1680/1676
f 1710/1710/1693 1680/1680/1676 1708/1708/1710
f 1694/1694/1694 1711/1711/1695 1652/1652/1651
f 1694/1694/1694 1696/1696/1681 1711/1711/1695
f 1664/1664/1656 1652/1652/1651 1711/1711/1695
f 1711/1711/1695 1712/1712/1721 1664/1664/1656
f 1713/1713/1699 1671/1671/1660 1664/1664/1656
f 1714/1714/1696 1663/1663/1697 1666/1666/1658
f 1714/1714/1696 1666/1666/1658 1670/1670/1698
f 1714/1714/1696 1670/1670/1698 1671/1671/1660
f 1713/1713/1699 1714/1714/1696 1671/1671/1660
f 1713/1713/1699 1715/1715/1702 1714/1714/1696
f 1716/1716/1703 1715/1715/1702 1713/1713/1699
f 1709/1709/1706 1663/1663/1697 1714/1714/1696
f 1716/1716/1703 1713/1713/1699 1664/1664/1656
f 1715/1715/1702 1709/1709/1706 1714/1714/1696
f 1717/1717/1700 1716/1716/1703 1664/1664/1656
f 1718/1718/1724 1717/1717/1700 1664/1664/1656
f 1719/1719/1701 1709/1709/1706 1715/1715/1702
f 1715/1715/1702 1716/1716/1703 1719/1719/1701
f 1720/1720/1704 1708/1708/1710 1709/1709/1706
f 1721/1721/1705 1709/1709/1706 1719/1719/1701
f 1719/1719/1701 1716/1716/1703 1721/1721/1705
f 1720/1720/1704 1709/1709/1706 1721/1721/1705
f 1717/1717/1700 1720/1720/1704 1721/1721/1705
f 1717/1717/1700 1721/1721/1705 1716/1716/1703
f 1722/1722/1723 1720/1720/1704 1717/1717/1700
f 1706/1706/1691 1723/1723/1707 1724/1724/1720
f 1725/1725/1793 1723/1723/1707 1706/1706/1691
f 1710/1710/1693 1687/1687/1708 1680/1680/1676
f 1689/1689/1736 1687/1687/1708 1710/1710/1693
f 1689/1689/1736 1688/1688/1677 1687/1687/1708
f 1726/1726/1709 1689/1689/1736 1710/1710/1693
f 1712/1712/1721 1725/1725/1793 1727/1727/1797
f 1726/1726/1709 1710/1710/1693 1708/1708/1710
f 1727/1727/1797 1728/1728/1711 1718/1718/1724
f 1729/1729/1713 1708/1708/1710 1722/1722/1723
f 1728/1728/1711 1729/1729/1713 1722/1722/1723
f 1728/1728/1711 1722/1722/1723 1730/1730/1712
f 1731/1731/1714 1708/1708/1710 1729/1729/1713
f 1731/1731/1714 1729/1729/1713 1732/1732/1717
f 1732/1732/1717 1729/1729/1713 1728/1728/1711
f 1733/1733/1715 1731/1731/1714 1732/1732/1717
f 1733/1733/1716 1732/1732/1717 1734/1734/1718
f 1734/1734/1718 1732/1732/1717 1728/1728/1711
f 1727/1727/1797 1734/1734/1718 1728/1728/1711
f 1724/1724/1720 1696/1696/1681 1707/1707/1719
f 1696/1696/1681 1724/1724/1720 1711/1711/1695
f 1724/1724/1720 1712/1712/1721 1711/1711/1695
f 1724/1724/1720 1723/1723/1707 1712/1712/1721
f 1707/1707/1719 1704/1704/1690 1724/1724/1720
f 1706/1706/1691 1724/1724/1720 1704/1704/1690
f 1725/1725/1793 1712/1712/1721 1723/1723/1707
f 1718/1718/1724 1664/1664/1656 1712/1712/1721
f 1720/1720/1704 1722/1722/1723 1708/1708/1710
f 1735/1735/1722 1717/1717/1700 1718/1718/1724
f 1735/1735/1722 1722/1722/1723 1717/1717/1700
f 1735/1735/1722 1718/1718/1724 1736/1736/1725
f 1735/1735/1722 1736/1736/1725 1722/1722/1723
f 1736/1736/1725 1718/1718/1724 1730/1730/1712
f 1730/1730/1712 1722/1722/1723 1736/1736/1725
f 1727/1727/1797 1718/1718/1724 1712/1712/1721
f 1718/1718/1724 1728/1728/1711 1730/1730/1712
f 1737/1737/1727 1348/1348/1661 1673/1673/1664
f 1347/1347/1327 1348/1348/1661 1358/1358/1339
f 1358/1358/1339 1348/1348/1661 1737/1737/1727
f 1738/1738/1726 1737/1737/1727 1673/1673/1664
f 1738/1738/1726 1358/1358/1339 1737/1737/1727
f 1674/1674/1729 1618/1618/1665 1675/1675/1666
f 1366/1366/1728 1738/1738/1726 1673/1673/1664
f 1673/1673/1664 1674/1674/1729 1366/1366/1728
f 1739/1739/1734 1366/1366/1728 1674/1674/1729
f 1739/1739/1734 1674/1674/1729 1675/1675/1666
f 1681/1681/1668 1740/1740/1738 1675/1675/1666
f 1739/1739/1734 1675/1675/1666 1740/1740/1738
f 1358/1358/1339 1738/1738/1726 1363/1363/1345
f 1363/1363/1345 1738/1738/1726 1366/1366/1728
f 1741/1741/1730 1366/1366/1728 1742/1742/1731
f 1365/1365/1347 1366/1366/1728 1741/1741/1730
f 1368/1368/1349 1365/1365/1347 1743/1743/1815
f 1743/1743/1815 1365/1365/1347 1741/1741/1730
f 1366/1366/1728 1739/1739/1734 1742/1742/1731
f 1744/1744/1732 1742/1742/1731 1739/1739/1734
f 1745/1745/1733 1744/1744/1732 1739/1739/1734
f 1740/1740/1738 1745/1745/1733 1739/1739/1734
f 1686/1686/1735 1681/1681/1668 1684/1684/1675
f 1746/1746/1737 1681/1681/1668 1686/1686/1735
f 1746/1746/1737 1686/1686/1735 1689/1689/1736
f 1746/1746/1737 1740/1740/1738 1681/1681/1668
f 1726/1726/1709 1746/1746/1737 1689/1689/1736
f 1708/1708/1710 1747/1747/1825 1726/1726/1709
f 1747/1747/1825 1708/1708/1710 1731/1731/1714
f 1748/1748/1739 1385/1385/1367 1387/1387/1370
f 1560/1560/1744 1523/1523/1512 1385/1385/1367
f 1560/1560/1744 1385/1385/1367 1748/1748/1739
f 1388/1388/1742 1749/1749/1740 1387/1387/1370
f 1387/1387/1370 1749/1749/1740 1750/1750/1741
f 1748/1748/1739 1387/1387/1370 1750/1750/1741
f 1750/1750/1741 1749/1749/1740 1388/1388/1742
f 1388/1388/1742 1382/1382/1371 1750/1750/1741
f 1748/1748/1739 1750/1750/1741 1751/1751/1748
f 1752/1752/1743 1561/1561/1548 1560/1560/1744
f 1752/1752/1743 1753/1753/1747 1561/1561/1548
f 1748/1748/1739 1752/1752/1743 1560/1560/1744
f 1748/1748/1739 1754/1754/1745 1752/1752/1743
f 1754/1754/1745 1748/1748/1739 1755/1755/1746
f 1752/1752/1743 1754/1754/1745 1753/1753/1747
f 1751/1751/1748 1755/1755/1746 1748/1748/1739
f 1756/1756/1757 1755/1755/1746 1751/1751/1748
f 1757/1757/1770 1754/1754/1745 1755/1755/1746
f 1750/1750/1741 1382/1382/1371 1399/1399/1381
f 1750/1750/1741 1399/1399/1381 1751/1751/1748
f 1751/1751/1748 1399/1399/1381 1758/1758/1749
f 1758/1758/1749 1759/1759/1750 1751/1751/1748
f 1758/1758/1749 1760/1760/1755 1761/1761/1751
f 1762/1762/1754 1401/1401/1753 1349/1349/1328
f 1402/1402/1386 1399/1399/1381 1400/1400/1383
f 1402/1402/1386 1763/1763/1752 1399/1399/1381
f 1402/1402/1386 1401/1401/1753 1763/1763/1752
f 1760/1760/1755 1399/1399/1381 1763/1763/1752
f 1760/1760/1755 1758/1758/1749 1399/1399/1381
f 1762/1762/1754 1763/1763/1752 1401/1401/1753
f 1762/1762/1754 1760/1760/1755 1763/1763/1752
f 1759/1759/1750 1758/1758/1749 1761/1761/1751
f 1761/1761/1751 1764/1764/1759 1759/1759/1750
f 1764/1764/1759 1761/1761/1751 1765/1765/1756
f 1765/1765/1756 1766/1766/1813 1764/1764/1759
f 1760/1760/1755 1762/1762/1754 1761/1761/1751
f 1761/1761/1751 1762/1762/1754 1765/1765/1756
f 1759/1759/1750 1767/1767/1758 1751/1751/1748
f 1756/1756/1757 1751/1751/1748 1767/1767/1758
f 1766/1766/1813 1768/1768/1777 1756/1756/1757
f 1766/1766/1813 1756/1756/1757 1767/1767/1758
f 1767/1767/1758 1759/1759/1750 1764/1764/1759
f 1767/1767/1758 1764/1764/1759 1766/1766/1813
f 1572/1572/1760 1700/1700/1687 1495/1495/1486
f 1572/1572/1760 1693/1693/1761 1700/1700/1687
f 1693/1693/1761 1572/1572/1760 1703/1703/1762
f 1769/1769/1763 1701/1701/1689 1703/1703/1762
f 1572/1572/1760 1574/1574/1560 1769/1769/1763
f 1769/1769/1763 1703/1703/1762 1572/1572/1760
f 1769/1769/1763 1705/1705/1692 1701/1701/1689
f 1770/1770/1775 1771/1771/1783 1769/1769/1763
f 1584/1584/1574 1587/1587/1764 1770/1770/1775
f 1584/1584/1574 1769/1769/1763 1574/1574/1560
f 1588/1921/1765 1772/1772/1767 1587/1587/1764
f 1590/1590/1768 1589/1589/1595 1561/1561/1548
f 1590/1590/1768 1561/1561/1548 1753/1753/1747
f 1588/1588/1765 1590/1590/1768 1773/1773/1766
f 1773/1932/1766 1772/1772/1767 1588/1921/1765
f 1754/1754/1745 1774/1774/1771 1590/1590/1768
f 1773/1773/1766 1590/1590/1768 1775/1775/1769
f 1773/1932/1766 1776/1776/1772 1772/1772/1767
f 1775/1775/1769 1590/1590/1768 1774/1774/1771
f 1757/1757/1770 1774/1774/1771 1754/1754/1745
f 1772/1772/1767 1776/1776/1772 1587/1587/1764
f 1587/1587/1764 1777/1777/1773 1770/1770/1775
f 1590/1590/1768 1753/1753/1747 1754/1754/1745
f 1778/1778/1782 1779/1779/1778 1773/1773/1766
f 1777/1777/1773 1780/1780/1774 1770/1770/1775
f 1781/1781/1779 1770/1770/1775 1780/1780/1774
f 1778/1778/1782 1757/1757/1770 1782/1782/1776
f 1782/1782/1776 1755/1755/1746 1756/1756/1757
f 1782/1782/1776 1783/1783/1810 1778/1778/1782
f 1757/1757/1770 1755/1755/1746 1782/1782/1776
f 1778/1778/1782 1783/1783/1810 1779/1779/1778
f 1756/1756/1757 1768/1768/1777 1782/1782/1776
f 1782/1782/1776 1768/1768/1777 1784/1784/1812
f 1777/1777/1773 1773/1932/1766 1779/1933/1778
f 1777/1777/1773 1781/1781/1779 1780/1780/1774
f 1779/1933/1778 1781/1781/1779 1777/1777/1773
f 1783/1934/1810 1785/1785/1781 1779/1933/1778
f 1779/1933/1778 1785/1785/1781 1781/1781/1779
f 1786/1786/1780 1781/1781/1779 1785/1785/1781
f 1786/1786/1780 1770/1770/1775 1781/1781/1779
f 1584/1584/1574 1770/1770/1775 1769/1769/1763
f 1778/1778/1782 1775/1775/1769 1774/1774/1771
f 1757/1757/1770 1778/1778/1782 1774/1774/1771
f 1775/1775/1769 1778/1778/1782 1773/1773/1766
f 1776/1776/1772 1777/1777/1773 1587/1587/1764
f 1776/1776/1772 1773/1932/1766 1777/1777/1773
f 1771/1771/1783 1706/1706/1691 1705/1705/1692
f 1706/1706/1691 1771/1771/1783 1787/1787/1784
f 1706/1706/1691 1787/1787/1784 1725/1725/1793
f 1771/1771/1783 1705/1705/1692 1769/1769/1763
f 1788/1788/1801 1789/1789/1785 1771/1771/1783
f 1787/1787/1784 1771/1771/1783 1789/1789/1785
f 1790/1790/1786 1791/1791/1787 1792/1792/1788
f 1791/1791/1792 1789/1938/1785 1792/1792/1789
f 1789/1938/1790 1790/1790/1786 1792/1792/1788
f 1788/1936/1801 1790/1940/1791 1789/1939/1785
f 1790/1790/1791 1788/1788/1801 1787/1787/1784
f 1787/1935/1784 1789/1937/1785 1791/1941/1792
f 1790/1790/1791 1787/1787/1784 1791/1791/1792
f 1725/1725/1793 1787/1787/1784 1793/1793/1794
f 1788/1788/1801 1793/1793/1794 1787/1787/1784
f 1793/1793/1794 1794/1794/1796 1725/1725/1793
f 1771/1771/1783 1770/1770/1775 1788/1788/1801
f 1786/1786/1780 1788/1788/1801 1770/1770/1775
f 1795/1795/1795 1788/1788/1801 1786/1786/1780
f 1794/1794/1796 1727/1727/1797 1725/1725/1793
f 1727/1727/1797 1794/1794/1796 1796/1796/1798
f 1796/1796/1798 1734/1734/1718 1727/1727/1797
f 1734/1734/1718 1797/1797/1799 1733/1733/1716
f 1798/1798/1804 1797/1797/1799 1734/1734/1718
f 1734/1734/1718 1796/1796/1798 1798/1798/1804
f 1799/1799/1814 1765/1765/1756 1800/1800/1800
f 1800/1800/1800 1762/1762/1754 1801/1801/1828
f 1800/1800/1800 1765/1765/1756 1762/1762/1754
f 1788/1788/1801 1802/1802/1805 1794/1794/1796
f 1795/1795/1795 1802/1802/1805 1788/1788/1801
f 1793/1793/1794 1788/1788/1801 1794/1794/1796
f 1795/1795/1795 1803/1803/1802 1802/1802/1805
f 1803/1803/1802 1795/1795/1795 1804/1804/1803
f 1803/1803/1802 1805/1805/1807 1802/1802/1805
f 1806/1806/1811 1807/1807/1808 1805/1805/1807
f 1807/1807/1808 1800/1943/1800 1801/1944/1828
f 1798/1798/1804 1802/1802/1805 1808/1808/1806
f 1802/1802/1805 1809/1809/1809 1808/1808/1806
f 1805/1805/1807 1807/1807/1808 1809/1809/1809
f 1802/1802/1805 1805/1805/1807 1809/1809/1809
f 1802/1802/1805 1796/1796/1798 1794/1794/1796
f 1802/1802/1805 1798/1798/1804 1796/1796/1798
f 1783/1934/1810 1799/1942/1814 1806/1806/1811
f 1783/1934/1810 1806/1806/1811 1804/1804/1803
f 1803/1803/1802 1804/1804/1803 1806/1806/1811
f 1806/1806/1811 1799/1942/1814 1800/1943/1800
f 1805/1805/1807 1803/1803/1802 1806/1806/1811
f 1806/1806/1811 1800/1943/1800 1807/1807/1808
f 1784/1784/1812 1768/1768/1777 1766/1766/1813
f 1783/1783/1810 1782/1782/1776 1784/1784/1812
f 1784/1784/1812 1766/1766/1813 1799/1799/1814
f 1765/1765/1756 1799/1799/1814 1766/1766/1813
f 1784/1784/1812 1799/1799/1814 1783/1783/1810
f 1785/1785/1781 1783/1934/1810 1804/1804/1803
f 1785/1785/1781 1795/1795/1795 1786/1786/1780
f 1795/1795/1795 1785/1785/1781 1804/1804/1803
f 1369/1369/1387 1368/1368/1349 1743/1743/1815
f 1369/1369/1387 1810/1810/1816 1811/1811/1817
f 1369/1369/1387 1811/1811/1817 1349/1349/1328
f 1741/1741/1730 1742/1742/1731 1744/1744/1732
f 1810/1810/1816 1743/1743/1815 1741/1741/1730
f 1810/1810/1816 1741/1741/1730 1744/1744/1732
f 1812/1812/1818 1744/1744/1732 1745/1745/1733
f 1743/1743/1815 1810/1810/1816 1369/1369/1387
f 1810/1810/1816 1744/1744/1732 1812/1812/1818
f 1811/1811/1817 1810/1810/1816 1812/1812/1818
f 1740/1740/1738 1746/1746/1737 1745/1745/1733
f 1811/1811/1817 1762/1762/1754 1349/1349/1328
f 1813/1813/1819 1811/1811/1817 1812/1812/1818
f 1813/1813/1819 1812/1812/1818 1745/1745/1733
f 1814/1814/1820 1745/1745/1733 1746/1746/1737
f 1813/1813/1819 1745/1745/1733 1814/1814/1820
f 1813/1813/1819 1814/1814/1820 1811/1811/1817
f 1815/1815/1823 1811/1811/1817 1816/1816/1821
f 1814/1814/1820 1746/1746/1737 1817/1817/1822
f 1811/1811/1817 1814/1814/1820 1816/1816/1821
f 1816/1816/1821 1814/1814/1820 1817/1817/1822
f 1815/1815/1823 1762/1762/1754 1811/1811/1817
f 1726/1726/1709 1817/1817/1822 1746/1746/1737
f 1747/1747/1825 1817/1817/1822 1726/1726/1709
f 1797/1797/1824 1731/1731/1714 1733/1733/1715
f 1798/1798/1804 1731/1731/1714 1797/1797/1824
f 1747/1747/1825 1731/1731/1714 1818/1818/1826
f 1731/1731/1714 1798/1798/1804 1818/1818/1826
f 1798/1798/1804 1819/1819/1827 1818/1818/1826
f 1815/1815/1823 1801/1801/1828 1762/1762/1754
f 1816/1816/1821 1817/1817/1822 1820/1820/1829
f 1821/1821/1832 1816/1816/1821 1820/1820/1829
f 1821/1821/1832 1815/1815/1823 1816/1816/1821
f 1821/1821/1832 1801/1801/1828 1815/1815/1823
f 1820/1820/1829 1817/1817/1822 1747/1747/1825
f 1808/1808/1806 1819/1819/1827 1798/1798/1804
f 1822/1822/1830 1819/1819/1827 1808/1808/1806
f 1823/1823/1831 1818/1818/1826 1819/1819/1827
f 1818/1818/1826 1820/1820/1829 1747/1747/1825
f 1820/1820/1829 1818/1818/1826 1823/1823/1831
f 1819/1819/1827 1822/1822/1830 1823/1823/1831
f 1808/1808/1806 1809/1809/1809 1822/1822/1830
f 1809/1809/1809 1807/1807/1808 1801/1944/1828
f 1801/1944/1828 1821/1821/1832 1809/1809/1809
f 1822/1822/1830 1809/1809/1809 1821/1821/1832
f 1821/1821/1832 1820/1820/1829 1823/1823/1831
f 1821/1821/1832 1823/1823/1831 1822/1822/1830
