# Copyright 2020 Google LLC.
# 
# This work is licensed under the Creative Commons Attribution 4.0
# International License. To view a copy of this license, visit
# http://creativecommons.org/licenses/by/4.0/ or send a letter
# to Creative Commons, PO Box 1866, Mountain View, CA 94042, USA.
# Generated by Katamari OBJ encoder.
# Vertices: 1998
# Faces: 3992
mtllib model.mtl
v -0.043891 -0.004127 0.001025
v -0.044485 -0.016983 0.001027
v -0.044963 -0.005323 0.001284
v -0.045564 -0.004728 0.001917
v -0.045151 -0.017488 0.001487
v -0.045732 -0.010811 0.002745
v -0.041696 -0.014553 0.000683
v -0.036468 0.000458 0.000681
v -0.037685 -0.019449 0.000510
v -0.028274 -0.011228 0.000702
v -0.033803 -0.017566 0.000915
v -0.044951 0.028658 0.001271
v -0.045574 0.027417 0.001739
v -0.045316 0.029691 0.001877
v -0.044939 0.024881 0.001187
v -0.045581 0.022853 0.001784
v -0.043524 0.025996 0.000920
v -0.043487 0.028375 0.001466
v -0.042618 0.026178 0.000955
v -0.045854 0.016418 0.002577
v -0.045839 0.024568 0.003651
v -0.043332 0.017598 0.001005
v -0.045028 0.018370 0.001284
v -0.045499 0.010479 0.001704
v -0.045594 0.028411 0.002339
v -0.045223 0.029950 0.004440
v -0.044708 0.030796 0.003036
v -0.043996 0.031060 0.004744
v -0.043224 0.031228 0.002397
v -0.044758 0.030692 0.005577
v -0.045430 0.027359 0.006461
v -0.042006 0.030766 0.001585
v -0.043311 0.030275 0.001459
v -0.043625 0.031000 0.002001
v -0.044278 0.029718 0.001521
v -0.044517 0.030462 0.001786
v -0.032562 0.029238 0.001297
v -0.040003 0.031249 0.002660
v -0.037242 0.031086 0.002047
v -0.042021 0.026965 0.001428
v -0.044835 0.030709 0.006289
v -0.044028 0.030976 0.008094
v -0.045140 0.029967 0.009976
v -0.044842 0.030445 0.007928
v -0.045321 0.027927 0.010554
v -0.045726 0.022477 0.009231
v -0.045819 0.015924 0.006992
v -0.043727 0.031007 0.013604
v -0.044743 0.030537 0.012445
v -0.031872 0.031278 0.013081
v -0.045109 0.029819 0.014589
v -0.045147 0.029953 0.016059
v -0.044543 0.030633 0.019047
v -0.045426 0.022634 0.021598
v -0.045185 0.028310 0.019273
v -0.045027 0.029840 0.018223
v -0.045028 0.029903 0.020616
v -0.044948 0.029991 0.023768
v -0.043290 0.031022 0.021870
v -0.044216 0.030775 0.024166
v -0.044834 0.030181 0.026066
v -0.044956 0.029940 0.027964
v -0.045680 0.016390 0.017230
v -0.045732 0.012889 0.012472
v -0.045824 0.006374 0.009251
v -0.045656 0.009871 0.017545
v -0.045733 0.006361 0.014995
v -0.045593 0.015255 0.024659
v -0.045579 0.009168 0.022011
v -0.045539 0.008117 0.019317
v -0.045680 0.008812 0.019698
v -0.045612 0.007474 0.019501
v -0.045559 0.006906 0.023832
v -0.045484 0.016836 0.027520
v -0.045508 0.011085 0.026825
v -0.045538 0.010551 0.029418
v -0.045324 0.009302 0.028203
v -0.045370 0.012123 0.030323
v -0.045637 0.005909 0.018744
v -0.045639 0.005645 0.020140
v -0.045559 0.004638 0.022337
v -0.045437 0.004216 0.024400
v -0.045507 0.001592 0.024201
v -0.045474 0.007737 0.027200
v -0.045476 0.005600 0.024316
v -0.045392 0.003940 0.028899
v -0.045524 0.004726 0.025117
v -0.045412 0.003006 0.026861
v -0.045357 0.009865 0.032950
v -0.045309 0.004579 0.033235
v -0.045126 -0.001642 0.033134
v -0.045263 -0.001520 0.028529
v -0.045101 0.000965 0.034776
v -0.045030 -0.002964 0.031506
v -0.037166 0.030470 0.001490
v -0.032949 0.030288 0.001352
v -0.025114 0.030816 0.001717
v -0.024127 0.031074 0.002343
v -0.023386 0.030226 0.001367
v -0.019928 0.027357 0.000927
v -0.027224 0.027597 0.000962
v -0.040678 0.022603 0.000948
v -0.040454 0.024062 0.001068
v -0.038798 0.022586 0.001033
v -0.037141 0.020410 0.000889
v -0.030890 0.014361 0.000663
v -0.038494 0.025092 0.001635
v -0.039429 0.024152 0.001520
v -0.035498 0.024060 0.001037
v -0.036650 0.023322 0.001086
v -0.037803 0.023931 0.001525
v -0.031216 0.027614 0.000957
v -0.032006 0.018565 0.001097
v -0.019301 0.015859 0.001151
v -0.024937 0.011619 0.001201
v -0.019203 0.031237 0.009083
v -0.015066 0.030696 0.001564
v -0.012155 0.030018 0.001172
v -0.012755 0.027199 0.000739
v -0.010611 0.028369 0.001001
v -0.009532 0.025384 0.000671
v -0.008959 0.018528 0.000765
v -0.001777 0.031198 0.008167
v -0.008562 0.030794 0.001723
v -0.003326 0.029031 0.000904
v -0.044499 0.010316 0.001102
v -0.045807 0.002044 0.002708
v -0.044936 0.002253 0.001255
v -0.045731 -0.001731 0.011029
v -0.045151 -0.016272 0.009526
v -0.045703 -0.000036 0.016242
v -0.045550 -0.001937 0.015473
v -0.045391 -0.004727 0.018687
v -0.045522 -0.006539 0.012903
v -0.044911 -0.010788 0.022114
v -0.023137 0.005738 0.000482
v -0.023704 -0.005359 0.000514
v -0.022131 0.006361 0.000637
v -0.020920 0.006586 0.001083
v -0.015225 0.002303 0.001147
v -0.017715 0.001428 0.000457
v -0.021290 -0.004197 0.000780
v -0.024037 -0.007726 0.001402
v -0.023840 -0.009146 0.001539
v -0.034051 -0.018905 0.001097
v -0.028135 -0.021308 0.000967
v -0.045576 0.001716 0.019060
v -0.045650 0.002389 0.020214
v -0.045417 -0.003276 0.021746
v -0.045501 0.001073 0.021607
v -0.045598 0.000696 0.022667
v -0.045484 -0.001873 0.022998
v -0.045240 -0.003567 0.024090
v -0.045371 -0.000095 0.023930
v -0.045311 -0.002987 0.026232
v -0.045016 -0.006326 0.027628
v -0.044964 -0.005488 0.030466
v -0.044850 -0.006421 0.035898
v -0.044086 0.030866 0.027808
v -0.043417 0.030973 0.029564
v -0.044984 0.027560 0.029822
v -0.045025 0.028385 0.030680
v -0.044167 0.030742 0.030338
v -0.044038 0.030944 0.032022
v -0.043158 0.030992 0.034952
v -0.044775 0.029991 0.030873
v -0.044691 0.029975 0.039964
v -0.044932 0.027392 0.036577
v -0.033408 0.031348 0.035679
v -0.044016 0.030897 0.038166
v -0.044199 0.030646 0.035072
v -0.044112 0.030660 0.039838
v -0.043256 0.030979 0.040376
v -0.043940 0.030882 0.041124
v -0.043406 0.030919 0.043420
v -0.044023 0.030687 0.042691
v -0.039511 0.031122 0.043895
v -0.042663 0.031022 0.048203
v -0.035256 0.031368 0.055287
v -0.026634 0.031582 0.054484
v -0.045253 0.022099 0.031425
v -0.045199 0.020093 0.034551
v -0.045347 0.016747 0.033057
v -0.045341 0.015864 0.029076
v -0.044751 0.027462 0.040840
v -0.044888 0.022029 0.046334
v -0.045208 0.013031 0.037650
v -0.045064 0.016005 0.041291
v -0.044855 0.016149 0.048744
v -0.045333 0.010712 0.038151
v -0.045100 0.009265 0.040089
v -0.045008 0.006917 0.045443
v -0.045107 0.001903 0.038856
v -0.044812 -0.004018 0.042458
v -0.045104 0.011210 0.041490
v -0.044850 -0.000559 0.043491
v -0.044717 -0.001357 0.046252
v -0.044390 0.029631 0.056113
v -0.044338 0.029876 0.051799
v -0.044571 0.028480 0.052798
v -0.043925 0.030724 0.054309
v -0.044089 0.030372 0.056832
v -0.043665 0.030790 0.057369
v -0.043083 0.030968 0.056323
v -0.044683 0.017865 0.061401
v -0.044713 0.028526 0.045631
v -0.044161 0.030567 0.047819
v -0.043497 0.030899 0.045921
v -0.044445 0.030013 0.048553
v -0.044724 0.028660 0.048734
v -0.043352 0.030836 0.050153
v -0.044079 0.030354 0.050014
v -0.044688 0.009633 0.058368
v -0.024785 0.031490 0.031816
v -0.018402 0.031486 0.022900
v -0.012663 0.031663 0.032317
v -0.006604 0.031643 0.030294
v -0.007109 0.031433 0.016371
v -0.003602 0.031542 0.023578
v -0.020438 0.031650 0.037508
v -0.022148 0.031699 0.048820
v -0.017914 0.031709 0.046763
v -0.015155 0.031750 0.044909
v -0.016672 0.031612 0.036936
v -0.011213 0.031813 0.041484
v -0.001950 0.031627 0.026547
v 0.002354 0.031562 0.028724
v -0.001276 0.031698 0.034305
v 0.000460 0.031635 0.031126
v -0.005410 0.031761 0.038382
v -0.004752 0.031878 0.040378
v -0.002007 0.031746 0.037321
v -0.000663 0.031663 0.036762
v -0.000642 0.031589 0.035080
v 0.001222 0.031661 0.035087
v 0.000537 0.031770 0.037012
v -0.000930 0.031731 0.040432
v -0.003510 0.031755 0.041674
v -0.002043 0.031888 0.044164
v -0.005554 0.031850 0.043453
v 0.001923 0.031669 0.039257
v -0.000556 0.031819 0.039790
v 0.001421 0.031801 0.042729
v -0.043912 0.030686 0.059404
v -0.044285 0.029726 0.062768
v -0.043780 0.030692 0.061946
v -0.042960 0.030930 0.063996
v -0.043843 0.030518 0.064655
v -0.044370 0.029149 0.068010
v -0.043837 0.030649 0.066233
v -0.039086 0.031146 0.067215
v -0.040617 0.031040 0.081278
v -0.043820 0.030396 0.068487
v -0.043025 0.030849 0.067693
v -0.043836 0.030553 0.070910
v -0.043417 0.030777 0.069181
v -0.043244 0.030793 0.072979
v -0.044196 0.029456 0.072973
v -0.044331 0.026103 0.073356
v -0.044363 0.021217 0.074669
v -0.044477 0.014710 0.071014
v -0.033850 0.031428 0.071617
v -0.020123 0.031730 0.063240
v -0.044282 0.001209 0.073694
v -0.043862 0.030245 0.072682
v -0.043647 0.030674 0.074396
v -0.043536 0.030803 0.076430
v -0.044186 0.029402 0.079004
v -0.043715 0.030593 0.078501
v -0.043451 0.030766 0.080276
v -0.043614 0.030604 0.084561
v -0.043555 0.030637 0.082698
v -0.044138 0.029480 0.082894
v -0.044072 0.029432 0.086255
v -0.043397 0.030727 0.086223
v -0.043256 0.030792 0.083509
v -0.043423 0.030723 0.088121
v -0.043516 0.030809 0.081247
v -0.044183 0.023379 0.084299
v -0.044176 0.020939 0.081441
v -0.043827 0.004925 0.100051
v -0.044171 0.017809 0.085925
v -0.043934 0.029424 0.094926
v -0.012458 0.032036 0.076990
v -0.020067 0.031853 0.092925
v -0.019638 0.031704 0.056555
v -0.013475 0.031847 0.052192
v -0.012556 0.031883 0.058020
v -0.010003 0.031961 0.054575
v -0.007677 0.031821 0.048502
v -0.006150 0.031862 0.045709
v -0.004699 0.031948 0.044599
v -0.003692 0.031915 0.046347
v -0.005163 0.031899 0.048436
v -0.005898 0.031932 0.051715
v -0.004577 0.031844 0.050916
v -0.001832 0.031891 0.050229
v -0.000198 0.031790 0.045018
v 0.002074 0.031719 0.045876
v -0.001856 0.031971 0.046371
v -0.000448 0.031880 0.048060
v -0.002820 0.032011 0.048988
v 0.004387 0.031863 0.050246
v 0.001701 0.031839 0.051011
v -0.003177 0.031857 0.054295
v -0.006774 0.031892 0.054190
v -0.003037 0.031986 0.051616
v -0.005580 0.031948 0.057486
v -0.005752 0.032060 0.055880
v -0.006191 0.031962 0.061395
v -0.000066 0.031873 0.053013
v 0.004456 0.031820 0.053368
v 0.002375 0.031906 0.052642
v -0.001003 0.031966 0.055943
v 0.002751 0.031896 0.054751
v 0.002619 0.031823 0.055767
v -0.010760 0.031994 0.062923
v -0.005313 0.032057 0.076369
v -0.005318 0.031872 0.058906
v -0.004229 0.032000 0.059715
v -0.000972 0.031960 0.060878
v -0.004055 0.031901 0.062044
v -0.002635 0.032056 0.062844
v -0.002182 0.031916 0.061247
v -0.001232 0.031991 0.067573
v -0.001553 0.031989 0.064895
v -0.000135 0.031891 0.057716
v 0.004407 0.031940 0.057107
v 0.002064 0.031873 0.059818
v 0.005686 0.031833 0.057299
v 0.006659 0.031872 0.060125
v 0.005831 0.032022 0.062093
v 0.007934 0.031910 0.066291
v 0.004174 0.031947 0.063734
v 0.003960 0.032012 0.079541
v 0.009234 0.031846 0.062153
v 0.006591 0.032012 0.068209
v 0.010471 0.031836 0.072035
v -0.045479 -0.018701 0.002370
v -0.044970 -0.023270 0.001261
v -0.044706 -0.022789 0.007507
v -0.045283 -0.021790 0.002739
v -0.044934 -0.025485 0.001334
v -0.044689 -0.027365 0.002053
v -0.044523 -0.025906 0.004179
v -0.043788 -0.028179 0.007588
v -0.043776 -0.025703 0.000719
v -0.039811 -0.024198 0.001022
v -0.024804 -0.028221 0.000837
v -0.044165 -0.026563 0.000888
v -0.044537 -0.025339 0.000883
v -0.044621 -0.027108 0.001488
v -0.044076 -0.027554 0.001335
v -0.043282 -0.027500 0.001301
v -0.042418 -0.026199 0.001054
v -0.041234 -0.028230 0.001043
v -0.044184 -0.028078 0.001738
v -0.043843 -0.028915 0.002628
v -0.042035 -0.028974 0.001333
v -0.042580 -0.029140 0.001706
v -0.042248 -0.029403 0.001908
v -0.043747 -0.028825 0.005036
v -0.043127 -0.029416 0.003143
v -0.035956 -0.028804 0.001105
v -0.041653 -0.029688 0.003289
v -0.038934 -0.029462 0.001760
v -0.036398 -0.029762 0.003432
v -0.043158 -0.029387 0.004432
v -0.042726 -0.029637 0.006459
v -0.043229 -0.029150 0.008219
v -0.042105 -0.029866 0.009408
v -0.033094 -0.029770 0.002622
v -0.035980 -0.029243 0.001430
v -0.032823 -0.029482 0.001654
v -0.027169 -0.029299 0.001254
v -0.027894 -0.029848 0.002892
v -0.029421 -0.030281 0.012490
v -0.043987 -0.026289 0.010589
v -0.044636 -0.019315 0.014393
v -0.043589 -0.027188 0.016384
v -0.044393 -0.019404 0.018125
v -0.043999 -0.021816 0.021662
v -0.043503 -0.025887 0.021208
v -0.043319 -0.028938 0.014077
v -0.042950 -0.029166 0.024043
v -0.042862 -0.029508 0.017186
v -0.042650 -0.029632 0.023711
v -0.041957 -0.030058 0.019298
v -0.036130 -0.030193 0.016522
v -0.042969 -0.029461 0.010904
v -0.040254 -0.030168 0.024179
v -0.043939 -0.020104 0.032459
v -0.044043 -0.019446 0.025798
v -0.044845 -0.009004 0.028532
v -0.043783 -0.021935 0.024583
v -0.043569 -0.023761 0.024793
v -0.043074 -0.028578 0.028652
v -0.045085 -0.007542 0.030564
v -0.044902 -0.006560 0.029372
v -0.044700 -0.009250 0.034726
v -0.044930 -0.007575 0.034610
v -0.041868 -0.030157 0.024747
v -0.042621 -0.029777 0.028479
v -0.041915 -0.030047 0.030484
v -0.040273 -0.030162 0.031928
v -0.043018 -0.029107 0.031176
v -0.042454 -0.029740 0.032259
v -0.043147 -0.027975 0.040947
v -0.042925 -0.029381 0.034307
v -0.041864 -0.030020 0.034148
v -0.042890 -0.029096 0.037145
v -0.042200 -0.029954 0.037549
v -0.042775 -0.029314 0.043018
v -0.040686 -0.030193 0.037504
v -0.038690 -0.030212 0.036077
v -0.041896 -0.030030 0.040106
v -0.034133 -0.030480 0.026089
v -0.020672 -0.031048 0.032124
v -0.030996 -0.030810 0.043455
v -0.044703 -0.006374 0.041461
v -0.044845 -0.007685 0.039065
v -0.044610 -0.009313 0.043318
v -0.044661 -0.002964 0.044045
v -0.044609 -0.005361 0.048309
v -0.044698 -0.001010 0.051062
v -0.044392 -0.012605 0.048310
v -0.043967 -0.017869 0.055927
v -0.044059 -0.009083 0.065360
v -0.043518 -0.019678 0.071812
v -0.043244 -0.025239 0.063775
v -0.043794 -0.021594 0.043970
v -0.044083 -0.017310 0.048528
v -0.043737 -0.021488 0.050913
v -0.043180 -0.028089 0.047161
v -0.042075 -0.029962 0.043040
v -0.040148 -0.030275 0.043689
v -0.042570 -0.029589 0.045111
v -0.041732 -0.030149 0.045331
v -0.042879 -0.028934 0.047659
v -0.042324 -0.029661 0.047592
v -0.041121 -0.030185 0.046481
v -0.040365 -0.030293 0.046653
v -0.042574 -0.029489 0.049750
v -0.042820 -0.028958 0.052964
v -0.043147 -0.027297 0.056451
v -0.042155 -0.029796 0.052519
v -0.042380 -0.029691 0.053888
v -0.041517 -0.030094 0.053215
v -0.033096 -0.030770 0.046995
v -0.039599 -0.030249 0.048028
v -0.034861 -0.030633 0.056755
v -0.043437 -0.023693 0.060393
v -0.042840 -0.028682 0.058515
v -0.026013 -0.031194 0.061195
v -0.016797 -0.031471 0.053545
v -0.014989 -0.031611 0.062972
v -0.042204 -0.029801 0.058221
v -0.041410 -0.030154 0.063537
v -0.042712 -0.028965 0.062753
v -0.041967 -0.029992 0.062525
v -0.038118 -0.030311 0.058653
v -0.034081 -0.030696 0.063349
v -0.042938 -0.027740 0.065780
v -0.042595 -0.029095 0.065883
v -0.041978 -0.030016 0.064233
v -0.042004 -0.029831 0.065766
v -0.042025 -0.029980 0.067927
v -0.039624 -0.030335 0.067946
v -0.042752 -0.027727 0.075426
v -0.042672 -0.028815 0.069907
v -0.041847 -0.030000 0.070512
v -0.041490 -0.030176 0.071144
v -0.030464 -0.031109 0.083414
v -0.043824 -0.008736 0.074685
v -0.043736 -0.011817 0.073354
v -0.043589 -0.016204 0.075122
v -0.043559 -0.014115 0.075088
v -0.043830 -0.010646 0.076023
v -0.043511 -0.019470 0.075641
v -0.043561 -0.009923 0.090695
v -0.043361 -0.019456 0.077594
v -0.043050 -0.024544 0.076480
v -0.042753 -0.026993 0.082707
v -0.042832 -0.023593 0.087214
v -0.042841 -0.023993 0.091383
v -0.042772 -0.022303 0.095812
v -0.042259 -0.028692 0.095520
v -0.042209 -0.029375 0.085347
v -0.041803 -0.029803 0.095149
v -0.041463 -0.030082 0.089001
v -0.040824 -0.030406 0.095085
v -0.040301 -0.030328 0.088741
v -0.043131 -0.011660 0.114361
v -0.042704 -0.020973 0.107287
v -0.042731 -0.023869 0.094767
v -0.042688 -0.024256 0.098003
v -0.042678 -0.023024 0.100328
v -0.042587 -0.023539 0.106957
v -0.042165 -0.028555 0.109006
v -0.041927 -0.029619 0.100086
v -0.041657 -0.029935 0.102619
v -0.041011 -0.030304 0.099702
v -0.036065 -0.030771 0.101597
v -0.040795 -0.030336 0.105937
v -0.020916 -0.031496 0.065767
v -0.014806 -0.031686 0.065690
v -0.023546 -0.031278 0.072578
v -0.015483 -0.031685 0.068569
v -0.042293 -0.029576 0.074173
v -0.041482 -0.030177 0.080087
v -0.040939 -0.030242 0.079022
v -0.042378 -0.029261 0.078432
v -0.029823 -0.031018 0.099328
v -0.018338 -0.031644 0.072505
v -0.020687 -0.031482 0.080886
v -0.014732 -0.031663 0.071461
v -0.017723 -0.031577 0.079083
v -0.013543 -0.031847 0.075203
v -0.021394 -0.031469 0.102378
v -0.020413 -0.031549 0.088169
v -0.011728 -0.031799 0.086947
v -0.012299 -0.031734 0.096261
v 0.024898 0.029738 0.000730
v 0.015301 0.029833 0.000873
v 0.016559 0.030423 0.001443
v -0.009624 0.007657 0.000947
v -0.007551 0.007400 0.001321
v -0.000190 0.030908 0.002677
v -0.004121 0.030658 0.001597
v -0.005939 0.030369 0.001266
v -0.003954 0.029703 0.000990
v -0.002349 0.030400 0.001290
v 0.001332 0.030666 0.001669
v 0.002457 0.030027 0.001077
v -0.007384 0.025280 0.001028
v -0.006736 0.023248 0.001033
v 0.005622 0.029063 0.000739
v 0.007709 0.020678 0.000696
v 0.007435 0.030310 0.001221
v 0.007077 0.030768 0.002280
v -0.000774 0.000934 0.001081
v 0.023194 0.028672 0.000501
v 0.018801 0.030616 0.002541
v 0.027747 0.014652 0.000603
v 0.010401 0.000698 0.000784
v -0.015797 0.001542 0.001042
v -0.017238 0.000411 0.000564
v -0.015100 0.000691 0.001490
v -0.016497 0.000469 0.000864
v -0.013955 0.001283 0.001507
v -0.014679 -0.000600 0.001902
v -0.017507 -0.000527 0.000742
v -0.019046 -0.002287 0.001576
v -0.017685 -0.000950 0.001693
v -0.018282 -0.002675 0.001886
v -0.016629 -0.000261 0.001678
v -0.012405 -0.012538 0.001143
v 0.001163 -0.000985 0.001362
v -0.008669 -0.022832 0.000625
v 0.002959 -0.009724 0.001034
v 0.007475 -0.008604 0.000549
v 0.007145 -0.012331 0.000449
v 0.005254 -0.009010 0.001011
v -0.007308 -0.028773 0.000644
v 0.005325 -0.019150 0.000676
v 0.002646 -0.028533 0.000552
v 0.011697 -0.000937 0.001207
v 0.012424 -0.001562 0.001137
v 0.012834 -0.002783 0.000707
v 0.034855 0.029093 0.000393
v 0.036675 0.020959 0.000140
v 0.028516 0.012818 0.000165
v 0.013073 0.000938 0.000722
v 0.014582 0.000321 0.000611
v 0.016129 0.000086 0.000248
v 0.020360 -0.003549 0.000209
v 0.035134 -0.001978 0.000107
v 0.041510 0.014517 0.000193
v 0.023462 -0.008603 0.000119
v 0.042479 -0.003992 0.000191
v 0.042778 0.006564 0.000358
v 0.043471 -0.001110 0.000718
v 0.043614 0.005738 0.000989
v 0.017960 -0.008541 0.000549
v 0.018096 -0.020460 0.000262
v 0.007193 -0.023339 0.000186
v 0.005588 -0.025184 0.000549
v 0.008956 -0.026930 0.000124
v 0.007480 -0.027727 0.000494
v 0.009121 -0.029484 0.000680
v 0.013653 -0.030129 0.001127
v 0.006564 -0.029977 0.001229
v 0.010990 -0.028128 0.000177
v 0.022129 -0.027816 0.000098
v 0.019218 -0.029884 0.000747
v 0.022855 -0.029705 0.000599
v 0.004697 -0.030275 0.002333
v 0.023671 -0.030565 0.001707
v 0.025143 -0.030331 0.001044
v 0.013118 -0.003931 0.000603
v 0.025973 -0.013039 0.000309
v 0.030583 -0.016264 0.000087
v 0.033798 -0.019135 0.000060
v 0.018796 -0.030922 0.010938
v 0.032030 -0.024165 -0.000013
v 0.030157 -0.027737 0.000050
v 0.034926 -0.022822 0.000120
v 0.035893 -0.023373 0.000518
v 0.030864 -0.028306 0.000368
v 0.032031 -0.029439 0.000448
v 0.028342 -0.029867 0.000575
v 0.031609 -0.030616 0.001540
v 0.031254 -0.030225 0.000808
v 0.030357 -0.030870 0.007349
v 0.030426 -0.031186 0.017585
v 0.043054 -0.008880 0.000335
v 0.043888 -0.006503 0.001736
v 0.043865 0.003110 0.001749
v 0.043660 -0.008621 0.000908
v 0.036310 -0.022150 0.000091
v 0.037833 -0.022379 0.000002
v 0.041274 -0.026120 0.000038
v 0.041683 -0.018014 0.000116
v 0.042592 -0.017819 0.000208
v 0.043483 -0.016966 0.000605
v 0.044204 -0.007118 0.008890
v 0.043888 -0.015807 0.001253
v 0.042845 -0.023506 0.000240
v 0.044019 -0.020425 0.006307
v 0.044097 -0.021226 0.002325
v 0.043134 -0.027662 0.000322
v 0.043954 -0.024556 0.001129
v 0.044025 -0.024453 0.005091
v 0.037715 -0.024144 0.000487
v 0.036220 -0.024474 0.000633
v 0.042283 -0.029403 0.000432
v 0.036214 -0.030101 0.000622
v 0.040538 -0.030433 0.000946
v 0.039235 -0.030777 0.001584
v 0.041705 -0.030718 0.001590
v 0.035333 -0.030651 0.001290
v 0.035628 -0.030776 0.002164
v 0.036184 -0.030720 0.003589
v 0.037742 -0.030837 0.004747
v 0.042766 -0.030115 0.000909
v 0.042730 -0.030587 0.001559
v 0.043528 -0.028645 0.000791
v 0.043137 -0.029356 0.000689
v 0.042119 -0.030833 0.006914
v 0.041431 -0.030898 0.014128
v 0.043845 -0.027621 0.001144
v 0.044088 -0.027831 0.002678
v 0.043611 -0.029912 0.001694
v 0.043534 -0.030254 0.003509
v 0.043908 -0.029523 0.004083
v 0.043175 -0.030561 0.005558
v 0.043778 -0.029927 0.007850
v 0.043997 -0.028270 0.010198
v 0.043426 -0.030441 0.010862
v 0.028596 0.030345 0.001498
v 0.021646 0.030882 0.009677
v 0.030528 0.029871 0.000796
v 0.030724 0.030325 0.001648
v 0.032080 0.030399 0.011323
v 0.035975 0.029903 0.000813
v 0.035699 0.030171 0.001680
v 0.038996 0.029931 0.001034
v 0.039354 0.029268 0.000361
v 0.039654 0.029958 0.002057
v 0.040714 0.029666 0.005282
v 0.039043 0.029830 0.008441
v 0.039259 0.029830 0.010556
v 0.041108 0.029436 0.000395
v 0.041353 0.029628 0.000803
v 0.042408 0.029083 0.000651
v 0.042250 0.028142 0.000201
v 0.039914 0.026946 0.000455
v 0.042635 0.028620 0.000437
v 0.042087 0.029426 0.001939
v 0.043147 0.027072 0.000592
v 0.043381 0.027928 0.001296
v 0.043211 0.028496 0.002131
v 0.042627 0.029078 0.003806
v 0.042799 0.023214 0.000333
v 0.043585 0.027936 0.004608
v 0.043551 0.025678 0.001759
v 0.041629 0.029456 0.008710
v 0.043266 0.028661 0.005754
v 0.042985 0.028966 0.009832
v 0.043244 0.028736 0.014085
v 0.043529 0.027844 0.013620
v 0.043708 0.024187 0.009254
v 0.040766 0.029485 0.012141
v 0.041109 0.029569 0.015805
v 0.043027 0.029030 0.014974
v 0.043149 0.028895 0.017662
v 0.002685 0.031416 0.018931
v 0.008144 0.031245 0.014202
v 0.004083 0.031467 0.025152
v 0.008773 0.031334 0.023713
v 0.010353 0.031229 0.018677
v 0.012404 0.031311 0.020837
v 0.003024 0.031522 0.030056
v 0.005329 0.031578 0.031925
v 0.004516 0.031480 0.031792
v 0.009490 0.031548 0.033182
v 0.004424 0.031645 0.034735
v 0.004558 0.031576 0.036197
v 0.006656 0.031531 0.033830
v 0.004156 0.031684 0.037989
v 0.002305 0.031600 0.036481
v 0.006097 0.031716 0.038315
v 0.008644 0.031587 0.037067
v 0.008480 0.031608 0.035701
v 0.014031 0.031486 0.037865
v 0.015915 0.031308 0.026547
v 0.027238 0.030776 0.019540
v 0.026411 0.030962 0.037666
v 0.034584 0.030306 0.026639
v 0.043440 0.017444 0.000978
v 0.043714 0.019743 0.002351
v 0.042822 0.015767 0.000406
v 0.043315 0.010882 0.000686
v 0.043762 0.011832 0.001596
v 0.043903 0.015015 0.006248
v 0.044033 0.007379 0.006882
v 0.043994 0.015945 0.010581
v 0.044058 0.011229 0.010531
v 0.043747 0.020829 0.012413
v 0.043710 0.023149 0.015240
v 0.044001 0.016863 0.016092
v 0.043979 0.014276 0.012305
v 0.044137 0.001222 0.007473
v 0.044140 -0.004022 0.007903
v 0.044171 -0.001651 0.012011
v 0.044227 0.006047 0.015413
v 0.044293 0.000552 0.011890
v 0.044276 0.002415 0.014836
v 0.044363 -0.000722 0.020527
v 0.044301 -0.003063 0.012454
v 0.044352 -0.005852 0.015578
v 0.044407 0.000680 0.017196
v 0.044433 -0.005547 0.020944
v 0.044396 -0.002891 0.018309
v 0.041578 0.029580 0.026157
v 0.043030 0.029011 0.022785
v 0.043341 0.028743 0.024903
v 0.043552 0.028155 0.021290
v 0.043672 0.027927 0.028489
v 0.043773 0.024090 0.014933
v 0.043671 0.025068 0.019406
v 0.043866 0.024132 0.021496
v 0.044005 0.019463 0.018225
v 0.044108 0.014080 0.018845
v 0.044233 0.012253 0.017477
v 0.044080 0.015748 0.018638
v 0.043867 0.020737 0.021181
v 0.044162 0.016598 0.019001
v 0.044055 0.017033 0.022102
v 0.044221 0.015124 0.023681
v 0.043824 0.023820 0.024384
v 0.044062 0.019530 0.023133
v 0.043992 0.020366 0.025421
v 0.044205 0.016582 0.024108
v 0.044112 0.019544 0.029642
v 0.044179 0.019096 0.026779
v 0.044136 0.017873 0.027900
v 0.044241 0.012871 0.022506
v 0.044351 0.011568 0.023366
v 0.044251 0.010771 0.020231
v 0.044082 0.011337 0.015348
v 0.044431 0.006354 0.024072
v 0.044422 0.002776 0.020359
v 0.044533 0.000506 0.024890
v 0.044398 0.002505 0.023724
v 0.044379 0.011541 0.028536
v 0.044468 0.013756 0.031021
v 0.044286 0.015180 0.030073
v 0.044572 0.007243 0.032508
v 0.044475 0.004416 0.028809
v 0.044656 0.003390 0.030748
v 0.044477 0.004742 0.032693
v 0.044499 0.000530 0.029326
v 0.044518 -0.003293 0.023267
v 0.044400 -0.012799 0.022873
v 0.044580 -0.002379 0.029176
v 0.044589 -0.010442 0.030899
v 0.044743 0.001359 0.038537
v 0.044533 -0.015247 0.028506
v 0.044640 -0.015596 0.036450
v 0.044642 -0.015117 0.034200
v 0.044408 -0.022033 0.033118
v 0.044652 -0.019358 0.041881
v 0.007640 0.031572 0.039153
v 0.007503 0.031642 0.041841
v 0.010428 0.031675 0.041889
v 0.012363 0.031595 0.044563
v 0.014762 0.031530 0.048515
v 0.020218 0.031292 0.042886
v 0.004077 0.031729 0.042090
v 0.004326 0.031611 0.039715
v 0.005288 0.031786 0.040351
v 0.005985 0.031866 0.042838
v 0.003440 0.031720 0.044918
v 0.005787 0.031719 0.044021
v 0.005768 0.031849 0.045085
v 0.004620 0.031741 0.047293
v 0.006947 0.031787 0.046318
v 0.006214 0.031876 0.047409
v 0.009223 0.031639 0.043448
v 0.010609 0.031656 0.048256
v 0.007982 0.031737 0.049532
v 0.010663 0.031758 0.056011
v 0.015944 0.031568 0.056184
v 0.025548 0.031043 0.051482
v 0.008212 0.031833 0.058500
v 0.009295 0.031852 0.057171
v 0.008761 0.031937 0.059931
v 0.016075 0.031596 0.063663
v 0.017005 0.031527 0.067577
v 0.024242 0.031231 0.068783
v 0.034580 0.030338 0.053214
v 0.038835 0.029954 0.044462
v 0.035243 0.030402 0.060683
v 0.039080 0.030003 0.056001
v 0.040742 0.029739 0.035932
v 0.043225 0.028948 0.030941
v 0.043584 0.028595 0.033688
v 0.043790 0.027512 0.034399
v 0.044342 0.016410 0.036123
v 0.043229 0.029048 0.035624
v 0.041982 0.029434 0.041887
v 0.043492 0.028911 0.038498
v 0.043728 0.028275 0.037141
v 0.043870 0.027358 0.039811
v 0.043362 0.029042 0.039574
v 0.043426 0.028942 0.041429
v 0.043893 0.028083 0.042737
v 0.043469 0.028981 0.043550
v 0.044411 0.016343 0.041209
v 0.044532 0.014598 0.034469
v 0.044470 0.013302 0.035045
v 0.044603 0.015250 0.038051
v 0.044687 0.004348 0.035891
v 0.044590 0.009481 0.039469
v 0.044696 0.006999 0.039867
v 0.044632 0.004084 0.039353
v 0.044488 0.015073 0.040836
v 0.044631 0.012903 0.046034
v 0.044628 0.010917 0.042604
v 0.044721 0.008836 0.042664
v 0.044798 0.008484 0.040775
v 0.044785 0.005306 0.043948
v 0.044673 0.013053 0.043528
v 0.044710 0.009223 0.047161
v 0.041319 0.029654 0.051764
v 0.043377 0.029037 0.045892
v 0.043800 0.028645 0.047555
v 0.044005 0.027908 0.048863
v 0.043688 0.028854 0.050288
v 0.044391 0.020548 0.052352
v 0.043592 0.028882 0.052431
v 0.043475 0.028899 0.054087
v 0.043700 0.028919 0.058147
v 0.044093 0.028182 0.054562
v 0.044036 0.028226 0.056599
v 0.044125 0.028178 0.059366
v 0.044256 0.025318 0.060143
v 0.044083 0.027869 0.053071
v 0.044877 0.007729 0.051462
v 0.044877 0.008751 0.054601
v 0.044602 0.018558 0.065647
v 0.044905 0.010193 0.058087
v 0.044787 -0.000109 0.042871
v 0.044748 -0.005676 0.040516
v 0.044708 -0.011578 0.037906
v 0.044743 -0.013752 0.039636
v 0.044824 0.001621 0.043148
v 0.044703 -0.001804 0.042948
v 0.044830 -0.002737 0.043417
v 0.044854 -0.012327 0.049106
v 0.044592 -0.014693 0.037384
v 0.044492 -0.028118 0.051769
v 0.044624 -0.021093 0.053063
v 0.044936 0.009404 0.064564
v 0.044957 0.005478 0.065056
v 0.044894 0.002961 0.054156
v 0.044887 0.001034 0.054024
v 0.044951 0.004609 0.055525
v 0.044820 0.003685 0.054590
v 0.044931 0.002084 0.055470
v 0.044998 0.002876 0.055313
v 0.044879 -0.002281 0.054405
v 0.044890 -0.007011 0.054066
v 0.044962 -0.001527 0.055356
v 0.044917 -0.000233 0.055466
v 0.045038 0.001059 0.055098
v 0.044946 -0.000074 0.060956
v 0.044953 -0.004474 0.055166
v 0.044950 -0.008669 0.054926
v 0.044954 -0.008906 0.058747
v 0.044719 -0.021744 0.056749
v 0.044673 -0.022138 0.060600
v 0.045077 -0.002025 0.069687
v 0.044897 -0.016068 0.066396
v 0.044183 -0.017741 0.012453
v 0.044214 -0.017556 0.017482
v 0.044322 -0.019585 0.021578
v 0.044077 -0.028126 0.020374
v 0.043158 -0.030657 0.014306
v 0.042260 -0.030884 0.017410
v 0.043840 -0.030070 0.014672
v 0.043615 -0.030326 0.016460
v 0.043883 -0.029719 0.018623
v 0.043791 -0.029966 0.011803
v 0.035907 -0.031183 0.024665
v 0.042874 -0.030838 0.020358
v 0.043315 -0.030605 0.019073
v 0.042016 -0.030963 0.026048
v 0.043736 -0.030060 0.020581
v 0.043342 -0.030598 0.022178
v 0.043835 -0.030100 0.023881
v 0.043881 -0.029627 0.022322
v 0.043470 -0.030524 0.025800
v 0.044096 -0.029151 0.030934
v 0.042787 -0.030848 0.027790
v 0.043915 -0.029637 0.028066
v 0.043597 -0.030356 0.028417
v 0.043597 -0.030346 0.030553
v 0.044374 -0.028471 0.041444
v -0.025034 -0.029797 0.002029
v -0.017156 -0.029276 0.000984
v -0.021309 -0.029628 0.001482
v -0.019520 -0.030330 0.010123
v -0.015228 -0.029920 0.002050
v -0.013033 -0.030656 0.015559
v -0.010077 -0.030528 0.011617
v -0.007315 -0.029638 0.001142
v -0.006777 -0.030007 0.001930
v -0.001162 -0.029256 0.000757
v 0.002380 -0.029985 0.001292
v -0.004744 -0.030445 0.008286
v 0.001512 -0.030749 0.013060
v -0.013217 -0.031034 0.026105
v -0.012365 -0.030684 0.017773
v -0.002675 -0.031186 0.024342
v 0.000957 -0.031043 0.019207
v 0.008393 -0.031092 0.018890
v 0.007847 -0.030864 0.013607
v 0.002560 -0.030914 0.018048
v 0.007842 -0.031242 0.023971
v -0.003055 -0.031531 0.037874
v -0.003254 -0.031696 0.048320
v 0.011893 -0.031457 0.028650
v 0.004739 -0.031389 0.029328
v 0.004659 -0.031386 0.029226
v 0.011205 -0.031693 0.045648
v -0.008161 -0.031632 0.055810
v -0.006157 -0.031679 0.061502
v 0.001039 -0.031786 0.058416
v 0.004672 -0.031726 0.044718
v 0.007205 -0.031696 0.052972
v 0.007965 -0.031645 0.048546
v 0.011611 -0.031697 0.051983
v 0.026985 -0.031473 0.035177
v 0.029008 -0.031389 0.051368
v 0.038951 -0.031072 0.030994
v 0.042444 -0.030970 0.034269
v 0.037959 -0.031082 0.039453
v 0.041899 -0.030881 0.038914
v -0.010160 -0.031614 0.064647
v -0.008309 -0.031681 0.065961
v -0.010745 -0.031810 0.068467
v 0.002170 -0.031821 0.065950
v -0.010580 -0.031804 0.072503
v -0.004359 -0.031801 0.071573
v 0.001977 -0.031824 0.073439
v 0.009425 -0.031668 0.058781
v 0.008460 -0.031774 0.060229
v 0.006215 -0.031760 0.063340
v 0.018008 -0.031738 0.057217
v 0.013192 -0.031809 0.061002
v 0.014343 -0.031644 0.060441
v 0.015470 -0.031694 0.060330
v 0.008859 -0.031804 0.072484
v 0.009457 -0.031732 0.070128
v 0.005630 -0.031804 0.073588
v 0.013471 -0.031735 0.070297
v 0.009824 -0.031735 0.063357
v 0.013230 -0.031691 0.062390
v 0.014373 -0.031826 0.062929
v 0.015203 -0.031693 0.064383
v 0.012390 -0.031681 0.067597
v -0.001194 -0.031878 0.078265
v 0.002887 -0.031841 0.078419
v 0.004090 -0.031910 0.081103
v 0.005069 -0.031866 0.085651
v 0.004019 -0.031896 0.076164
v 0.005355 -0.031776 0.078912
v 0.008804 -0.031795 0.076342
v 0.023971 -0.031597 0.063983
v 0.020410 -0.031637 0.071994
v 0.016444 -0.031743 0.070864
v 0.018968 -0.031705 0.073990
v 0.018668 -0.031780 0.072241
v 0.015994 -0.031668 0.075498
v 0.011089 -0.031708 0.075131
v 0.015638 -0.031756 0.077890
v 0.006538 -0.031877 0.081894
v 0.011484 -0.031801 0.082777
v 0.014246 -0.031708 0.079063
v 0.016538 -0.031651 0.079902
v 0.020535 -0.031624 0.082007
v 0.018913 -0.031693 0.081631
v 0.013626 -0.031780 0.083902
v 0.014482 -0.031675 0.082201
v 0.017745 -0.031826 0.080130
v -0.009239 -0.031877 0.078247
v -0.006749 -0.031878 0.080869
v -0.003226 -0.031842 0.081439
v -0.002564 -0.031925 0.089143
v 0.003213 -0.031894 0.091428
v 0.023738 -0.031579 0.059335
v 0.042739 -0.030904 0.043852
v 0.042252 -0.030892 0.053698
v 0.043627 -0.030489 0.043459
v 0.043334 -0.030718 0.047124
v 0.044090 -0.029983 0.042819
v 0.044214 -0.029570 0.048820
v 0.043743 -0.030445 0.049941
v 0.043493 -0.030706 0.052982
v 0.035685 -0.031182 0.057854
v 0.044286 -0.029950 0.055871
v 0.037677 -0.030999 0.060963
v 0.043511 -0.030764 0.059510
v 0.032682 -0.031326 0.087602
v 0.032945 -0.031176 0.068723
v 0.021926 -0.031748 0.076237
v 0.023992 -0.031587 0.076799
v 0.023490 -0.031720 0.079579
v 0.036291 -0.031109 0.066177
v 0.042511 -0.030943 0.078444
v 0.044647 -0.028380 0.061547
v 0.043950 -0.030433 0.059156
v 0.044334 -0.029857 0.060649
v 0.043597 -0.030742 0.066989
v 0.044350 -0.030034 0.063596
v 0.044644 -0.028415 0.065868
v 0.044365 -0.029990 0.068344
v 0.044747 -0.027953 0.070589
v 0.043827 -0.030750 0.077546
v 0.044434 -0.030067 0.077558
v 0.039521 -0.031056 0.026339
v 0.040179 -0.030974 0.029664
v 0.042987 -0.030891 0.030103
v 0.043295 -0.030766 0.029494
v 0.043388 -0.030800 0.031714
v 0.042900 -0.030903 0.032590
v 0.043977 -0.029978 0.033550
v 0.043526 -0.030461 0.034508
v 0.044062 -0.029779 0.035529
v 0.043460 -0.030540 0.038715
v 0.044063 -0.030046 0.037043
v -0.042511 0.030816 0.116186
v -0.042940 0.030686 0.116340
v -0.042935 0.030602 0.120248
v -0.043363 0.029460 0.125238
v -0.043610 0.029431 0.110570
v -0.042838 0.030723 0.122801
v -0.043386 0.022365 0.130895
v -0.042840 0.030653 0.125785
v -0.035450 0.031165 0.126235
v -0.042746 0.030673 0.128043
v -0.042711 0.030657 0.133085
v -0.041955 0.030741 0.138585
v -0.042492 0.030872 0.091443
v -0.039156 0.031038 0.103111
v -0.043417 0.030611 0.089997
v -0.043380 0.030732 0.092116
v -0.043304 0.030612 0.096115
v -0.042754 0.030805 0.096948
v -0.043867 0.019740 0.104753
v -0.043206 0.030585 0.101923
v -0.042392 0.030890 0.105242
v -0.025422 0.031645 0.101577
v -0.008267 0.032110 0.092101
v -0.018366 0.031777 0.095554
v -0.043029 0.030758 0.107669
v -0.041462 0.030933 0.109212
v -0.042340 0.030864 0.110046
v -0.043096 0.030601 0.110979
v -0.038953 0.031113 0.113208
v -0.035812 0.031118 0.109301
v -0.032437 0.031332 0.105463
v -0.035846 0.031157 0.105696
v -0.034962 0.031291 0.106034
v -0.034764 0.031215 0.107832
v -0.032236 0.031342 0.107996
v -0.028968 0.031475 0.105874
v -0.031440 0.031274 0.106720
v -0.029591 0.031509 0.107842
v -0.035350 0.031134 0.116647
v -0.034510 0.031236 0.111635
v -0.035157 0.031213 0.120282
v -0.031951 0.031291 0.110237
v -0.031896 0.031353 0.111377
v -0.026676 0.031522 0.110191
v -0.033326 0.031368 0.117689
v -0.031950 0.031309 0.114492
v -0.027767 0.031623 0.111550
v -0.029344 0.031473 0.113848
v -0.028767 0.031423 0.112687
v -0.026557 0.031619 0.112669
v -0.026125 0.031596 0.105748
v -0.025691 0.031696 0.103569
v -0.022142 0.031726 0.104668
v -0.024421 0.031671 0.105463
v -0.020554 0.031802 0.101897
v -0.017824 0.031799 0.098779
v -0.018467 0.031792 0.101569
v -0.018779 0.031614 0.103431
v -0.015446 0.031867 0.103202
v -0.011385 0.032017 0.099673
v -0.021346 0.031776 0.107032
v -0.024623 0.031758 0.107810
v -0.021213 0.031628 0.105333
v -0.022889 0.031731 0.111757
v -0.020986 0.031746 0.110539
v -0.019811 0.031853 0.104844
v -0.018825 0.031769 0.106279
v -0.020231 0.031702 0.106852
v -0.017046 0.031864 0.104942
v -0.015674 0.031869 0.106153
v -0.010456 0.032057 0.106697
v -0.019551 0.031876 0.107955
v -0.018256 0.031544 0.107593
v -0.018412 0.031861 0.109219
v -0.016319 0.031914 0.108893
v -0.016934 0.031604 0.107344
v -0.017665 0.031810 0.111012
v -0.015432 0.031900 0.109400
v -0.014666 0.031993 0.108325
v -0.013499 0.031948 0.107901
v -0.028758 0.031425 0.107197
v -0.026339 0.031594 0.108034
v -0.025328 0.031644 0.108654
v -0.024818 0.031771 0.110641
v -0.024370 0.031885 0.109468
v -0.025721 0.031635 0.113819
v 0.010995 0.031839 0.081719
v 0.010464 0.031837 0.092865
v 0.002964 0.032058 0.096182
v 0.018547 0.031632 0.088260
v 0.014316 0.031684 0.081969
v -0.006150 0.032061 0.109817
v -0.032456 0.031291 0.120611
v -0.029853 0.031431 0.117525
v -0.025332 0.031591 0.115104
v -0.024785 0.031694 0.116803
v -0.027014 0.031536 0.120520
v -0.032319 0.031283 0.125151
v -0.034259 0.031194 0.135738
v -0.034161 0.031152 0.131649
v -0.031373 0.031303 0.129482
v -0.033872 0.031127 0.129527
v -0.030143 0.031469 0.123553
v -0.025822 0.031571 0.123296
v -0.028460 0.031406 0.125946
v -0.024147 0.031695 0.125077
v -0.030764 0.031426 0.126446
v -0.026558 0.031526 0.127926
v -0.029112 0.031362 0.129974
v -0.031345 0.031300 0.132433
v -0.026290 0.031610 0.129024
v -0.024035 0.031628 0.130656
v -0.019485 0.031815 0.112904
v -0.016850 0.031779 0.111893
v -0.014794 0.031926 0.113368
v -0.014804 0.031922 0.118394
v -0.024411 0.031858 0.114139
v -0.020548 0.031764 0.116940
v -0.020125 0.031719 0.114307
v -0.020927 0.031733 0.123515
v -0.019677 0.031772 0.121535
v -0.021161 0.031677 0.129066
v -0.021437 0.031602 0.126265
v -0.019720 0.031795 0.124549
v -0.017085 0.031850 0.124977
v -0.018835 0.031731 0.126383
v -0.019133 0.031773 0.127978
v -0.015442 0.031931 0.121520
v -0.014757 0.031904 0.123959
v -0.013991 0.031908 0.130753
v -0.002529 0.032034 0.129610
v -0.033926 0.031106 0.132789
v -0.028304 0.031428 0.133277
v -0.033211 0.031234 0.139731
v -0.031085 0.031278 0.136727
v -0.027589 0.031450 0.137054
v -0.025603 0.031498 0.131663
v -0.028559 0.031507 0.134901
v -0.026470 0.031426 0.135107
v -0.024883 0.031555 0.136385
v -0.024349 0.031621 0.134755
v -0.019605 0.031714 0.131823
v -0.034328 0.031188 0.143459
v -0.029629 0.031437 0.143264
v -0.029614 0.031484 0.141733
v -0.034388 0.031256 0.147069
v -0.030350 0.031468 0.147715
v -0.024373 0.031671 0.142502
v -0.025721 0.031586 0.138074
v -0.024741 0.031581 0.139803
v -0.024207 0.031742 0.137419
v -0.019726 0.031709 0.136085
v -0.021350 0.031678 0.139412
v -0.018811 0.031777 0.145039
v -0.015340 0.031789 0.125911
v -0.014610 0.031948 0.127388
v -0.016244 0.031775 0.128503
v -0.017449 0.031833 0.134321
v -0.011791 0.031910 0.138979
v -0.015035 0.031853 0.135368
v -0.018762 0.031775 0.139544
v -0.017349 0.031884 0.138384
v -0.016351 0.031743 0.139258
v -0.015109 0.031851 0.140579
v -0.014061 0.031944 0.139762
v 0.009601 0.031878 0.116688
v 0.014890 0.031825 0.106857
v 0.017397 0.031747 0.099803
v 0.021881 0.031452 0.116984
v 0.011900 0.031753 0.142466
v -0.023916 0.031722 0.147816
v -0.024030 0.031738 0.151020
v -0.025582 0.031629 0.149710
v -0.019792 0.031718 0.149401
v -0.015374 0.031760 0.152303
v -0.014469 0.031875 0.145860
v -0.004738 0.031855 0.149020
v -0.010109 0.031343 0.158372
v -0.007940 0.031593 0.154346
v -0.020154 0.031452 0.158708
v -0.011596 0.030862 0.159221
v -0.015232 0.031435 0.158144
v -0.017853 0.030652 0.159583
v -0.007687 0.030483 0.159392
v -0.007416 0.031186 0.158427
v -0.002969 0.031248 0.157866
v -0.003958 0.031114 0.158462
v 0.003073 0.030203 0.159268
v -0.008369 0.029659 0.159774
v -0.003445 0.029136 0.159756
v 0.003108 0.030809 0.158516
v 0.008769 0.031496 0.152000
v 0.028876 0.031027 0.146890
v 0.004849 0.031066 0.157547
v 0.004809 0.029255 0.159631
v 0.006627 0.026741 0.159845
v 0.010655 0.030915 0.157913
v 0.018083 0.031263 0.152235
v 0.014109 0.030858 0.157470
v 0.015580 0.029502 0.159285
v 0.016688 0.030379 0.158556
v 0.025788 0.031072 0.150387
v 0.020276 0.030694 0.157692
v 0.024927 0.030795 0.156332
v 0.024040 0.030488 0.158047
v 0.023438 0.030718 0.157444
v 0.026125 0.029683 0.158859
v 0.022780 0.028449 0.159319
v 0.016292 0.023535 0.159747
v 0.030527 0.030667 0.156962
v 0.029226 0.030421 0.158032
v 0.031792 0.022951 0.159449
v 0.021920 0.018108 0.159710
v 0.033683 0.028249 0.159064
v 0.035115 0.029174 0.158831
v -0.043224 0.029365 0.135185
v -0.042712 0.030520 0.138738
v -0.042991 0.029075 0.145669
v -0.042563 0.030609 0.142308
v -0.043062 0.015280 0.142616
v -0.042550 0.030545 0.146703
v -0.042066 0.030746 0.148124
v -0.042416 0.030511 0.153030
v -0.042541 0.030196 0.153800
v -0.042677 0.028483 0.152013
v -0.035605 0.031247 0.150224
v -0.042520 0.019107 0.151208
v -0.042372 0.006820 0.152717
v -0.041750 0.020310 0.157114
v -0.043487 0.008916 0.126418
v -0.043190 -0.005603 0.125558
v -0.042631 -0.020110 0.120180
v -0.042197 -0.027399 0.120691
v -0.041870 -0.029676 0.106091
v -0.041283 -0.030145 0.110537
v -0.041981 -0.029340 0.111866
v -0.040607 -0.030359 0.124325
v -0.037660 -0.030498 0.111999
v -0.041682 -0.029765 0.117589
v -0.042503 -0.018463 0.134574
v -0.041854 -0.029408 0.123116
v -0.041099 -0.030174 0.124198
v -0.042356 -0.020804 0.140033
v -0.041423 -0.029949 0.128102
v -0.032582 -0.030910 0.126070
v -0.041825 -0.028790 0.139085
v -0.041768 -0.029356 0.131474
v -0.041330 -0.029957 0.134182
v -0.029995 -0.031139 0.113369
v -0.022385 -0.031396 0.119342
v -0.007506 -0.031788 0.110383
v -0.014450 -0.031759 0.110958
v 0.001145 -0.031882 0.099168
v -0.016781 -0.031562 0.131428
v -0.014109 -0.031651 0.121456
v -0.001385 -0.031824 0.128625
v -0.042940 -0.005976 0.140119
v -0.042905 0.002977 0.145014
v -0.042391 -0.008737 0.151120
v -0.042365 -0.017446 0.145443
v -0.041685 -0.029016 0.151707
v -0.041497 -0.029686 0.142651
v -0.040634 -0.030346 0.138831
v -0.030047 -0.031073 0.145719
v -0.038922 -0.030508 0.146942
v -0.040708 -0.030269 0.145698
v -0.041737 -0.002494 0.158157
v -0.041629 0.005451 0.158217
v -0.042047 0.000493 0.158849
v -0.041773 -0.007627 0.157782
v -0.041835 -0.012035 0.157065
v -0.042794 -0.002883 0.159316
v -0.042194 -0.002852 0.159001
v -0.042723 -0.004244 0.159241
v -0.042019 -0.004892 0.158962
v -0.042090 -0.004127 0.159026
v -0.042576 -0.004005 0.159550
v -0.042887 -0.005415 0.159588
v -0.042003 -0.006209 0.158790
v -0.042218 -0.006006 0.159022
v -0.042966 -0.006379 0.159206
v -0.042641 -0.007453 0.159197
v -0.041848 -0.007495 0.159066
v -0.042607 -0.007587 0.159560
v -0.042757 -0.008405 0.159262
v -0.041337 -0.006804 0.159694
v -0.041809 -0.008377 0.158854
v -0.042333 -0.008647 0.158951
v -0.041594 -0.009509 0.158834
v -0.042306 -0.009065 0.159491
v -0.040636 -0.009490 0.160086
v -0.040403 -0.005635 0.160101
v -0.042199 -0.017627 0.150750
v -0.041932 -0.016976 0.155901
v -0.041728 -0.025769 0.157323
v -0.041800 -0.021664 0.157503
v -0.041769 -0.016154 0.157491
v -0.041504 -0.011750 0.157966
v -0.041265 -0.015777 0.158185
v -0.041439 -0.009709 0.158227
v -0.040589 -0.011280 0.158746
v -0.040483 -0.013041 0.158694
v -0.042266 -0.009218 0.159228
v -0.041344 -0.010200 0.159143
v -0.041512 -0.009898 0.159492
v -0.041012 -0.010772 0.159589
v -0.040688 -0.011109 0.159978
v -0.040700 -0.012443 0.159915
v -0.039828 -0.012716 0.160076
v -0.040578 -0.015664 0.158653
v -0.040745 -0.014672 0.159879
v -0.041624 -0.017309 0.157878
v -0.040877 -0.017759 0.158679
v -0.040823 -0.016743 0.159792
v -0.040381 -0.018144 0.159971
v -0.021302 -0.021161 0.160125
v -0.041632 -0.018904 0.157861
v -0.040933 -0.020126 0.158651
v -0.041351 -0.021510 0.158314
v -0.041319 -0.024669 0.158643
v -0.041061 -0.021607 0.159656
v -0.041079 -0.019840 0.159613
v -0.041125 -0.024472 0.159577
v -0.040922 -0.027914 0.159631
v -0.040441 -0.022505 0.159856
v -0.023163 -0.031379 0.139030
v -0.022038 -0.031469 0.131662
v -0.018796 -0.031507 0.133303
v -0.015053 -0.031568 0.131630
v -0.020704 -0.031463 0.135942
v -0.018752 -0.031459 0.134360
v -0.020247 -0.031390 0.140022
v -0.021596 -0.031477 0.142102
v -0.017588 -0.031661 0.135727
v -0.017953 -0.031555 0.136826
v -0.014873 -0.031564 0.137046
v -0.012393 -0.031628 0.134554
v -0.014156 -0.031747 0.133494
v -0.013252 -0.031611 0.136601
v -0.014466 -0.031555 0.140192
v -0.016350 -0.031588 0.141723
v 0.007651 -0.031845 0.115107
v -0.013452 -0.031668 0.130430
v -0.007737 -0.031761 0.130212
v -0.009896 -0.031633 0.131035
v -0.008305 -0.031806 0.134470
v -0.009207 -0.031634 0.135634
v -0.007117 -0.031647 0.135210
v -0.012156 -0.031473 0.141218
v -0.010036 -0.031619 0.140357
v -0.007387 -0.031724 0.136563
v -0.005734 -0.031639 0.140114
v -0.004405 -0.031750 0.135470
v -0.002371 -0.031734 0.132623
v -0.000397 -0.031811 0.131428
v -0.001931 -0.031739 0.135743
v -0.001392 -0.031670 0.133190
v -0.000635 -0.031870 0.133805
v 0.000514 -0.031724 0.134160
v 0.005225 -0.031786 0.133155
v 0.001240 -0.031687 0.139868
v -0.020419 -0.031310 0.146606
v -0.018683 -0.031381 0.144648
v -0.021101 -0.031228 0.151219
v -0.016833 -0.031243 0.149602
v -0.016885 -0.031487 0.143081
v -0.014042 -0.031392 0.145836
v -0.012726 -0.031510 0.144051
v -0.010841 -0.031441 0.145988
v -0.015955 -0.031358 0.147312
v -0.014961 -0.031511 0.148666
v -0.014347 -0.031291 0.150958
v -0.012652 -0.031357 0.148170
v -0.012273 -0.031324 0.146002
v -0.030675 -0.030885 0.156787
v -0.018491 -0.030869 0.157885
v -0.005179 -0.031445 0.147509
v -0.003551 -0.031316 0.149803
v -0.005898 -0.031344 0.151088
v -0.008640 -0.031575 0.142711
v -0.005329 -0.031546 0.141347
v -0.002542 -0.031616 0.140078
v -0.005971 -0.031517 0.144671
v -0.006005 -0.031541 0.143035
v -0.003152 -0.031695 0.141803
v -0.001505 -0.031548 0.143931
v 0.003454 -0.031616 0.140875
v 0.002067 -0.030897 0.157901
v -0.004007 -0.030908 0.157414
v 0.002225 -0.031459 0.146512
v 0.002286 -0.031473 0.148315
v 0.004512 -0.031515 0.146043
v 0.006945 -0.031365 0.148848
v 0.008202 -0.031347 0.150500
v -0.040592 -0.030335 0.151670
v -0.041340 -0.029714 0.154296
v -0.041629 -0.027910 0.157409
v -0.041509 -0.029145 0.156818
v -0.041126 -0.030020 0.156426
v -0.039908 -0.030446 0.154344
v -0.041129 -0.029797 0.157576
v -0.040550 -0.030374 0.157151
v -0.038630 -0.030581 0.157430
v -0.041416 -0.027694 0.158458
v -0.041301 -0.028048 0.159285
v -0.027207 -0.028852 0.159573
v -0.040256 -0.030048 0.159328
v -0.041217 -0.030101 0.158553
v -0.040753 -0.030497 0.158658
v -0.041322 -0.029628 0.158883
v -0.040966 -0.030162 0.159100
v -0.039955 -0.030637 0.158312
v -0.038088 -0.030566 0.158837
v -0.034717 -0.030553 0.158879
v -0.035518 -0.030096 0.159246
v -0.031022 -0.030762 0.158323
v -0.032035 -0.030316 0.159080
v -0.027843 -0.030791 0.158440
v -0.028242 -0.030193 0.159183
v -0.024817 -0.030790 0.158237
v -0.025104 -0.030269 0.159129
v -0.023232 -0.030621 0.158746
v -0.021906 -0.030127 0.159199
v -0.042478 0.029068 0.154681
v -0.041895 0.030890 0.157360
v -0.041453 0.030811 0.152993
v -0.042361 0.030304 0.157232
v -0.042119 0.027548 0.156057
v -0.041973 0.028763 0.157939
v -0.041739 0.027047 0.157522
v -0.042403 0.030971 0.159013
v -0.042373 0.030322 0.159083
v -0.042195 0.029800 0.158400
v -0.041422 0.028648 0.158626
v -0.041160 0.027675 0.158711
v -0.042217 0.027245 0.159843
v -0.041494 0.024502 0.158979
v -0.042227 0.024802 0.159673
v -0.042210 0.024755 0.159988
v -0.039903 0.031198 0.157738
v -0.035305 0.031435 0.155158
v -0.031793 0.031547 0.151018
v -0.041266 0.024904 0.158481
v -0.041327 0.020850 0.158407
v -0.042350 0.022472 0.159801
v -0.042035 0.022432 0.160082
v -0.041880 0.025181 0.160173
v -0.041838 0.031342 0.159032
v -0.042246 0.031067 0.159680
v -0.041767 0.031085 0.159969
v -0.038575 0.031440 0.158589
v -0.039747 0.031318 0.159805
v -0.041098 0.030591 0.160364
v -0.042462 0.030366 0.160009
v -0.042392 0.029512 0.159903
v -0.042100 0.030362 0.160278
v -0.042118 0.028974 0.160293
v -0.038721 0.029953 0.160304
v -0.042231 0.027793 0.160139
v -0.038221 0.031230 0.159832
v -0.035940 0.031614 0.158567
v -0.037205 0.031038 0.160043
v -0.035742 0.031569 0.159109
v -0.025179 0.029895 0.160078
v -0.033998 0.031147 0.159815
v -0.032127 0.031472 0.159165
v -0.022886 0.022114 0.160180
v -0.028870 0.031627 0.157690
v -0.027250 0.030945 0.159736
v -0.041499 0.015896 0.158146
v -0.041768 0.022209 0.159245
v -0.042476 0.019999 0.159567
v -0.042316 0.019411 0.159968
v -0.041681 0.019870 0.158999
v -0.041679 0.015699 0.158711
v -0.042576 0.017482 0.159578
v -0.042445 0.014478 0.159361
v -0.042531 0.015643 0.159681
v -0.042186 0.014717 0.159815
v -0.037370 0.013587 0.159872
v -0.041545 0.012125 0.158260
v -0.042475 0.010781 0.159344
v -0.042668 0.012545 0.159453
v -0.042036 0.012742 0.158971
v -0.042472 0.010969 0.159698
v -0.041874 0.011223 0.158945
v -0.041924 0.008857 0.158904
v -0.042628 0.008564 0.159251
v -0.042595 0.009029 0.159614
v -0.041063 0.009299 0.159795
v -0.042593 0.007813 0.159608
v -0.042749 0.008649 0.159353
v -0.042801 0.007026 0.159337
v -0.041988 0.006973 0.158943
v -0.042425 0.012860 0.159764
v -0.039997 0.011816 0.159789
v -0.039280 0.010681 0.160260
v -0.041885 0.004320 0.158829
v -0.042801 0.003105 0.159248
v -0.042745 0.004505 0.159555
v -0.041331 0.000757 0.159699
v -0.042924 0.000876 0.159530
v -0.025123 0.031620 0.157791
v -0.027650 0.031602 0.158632
v -0.026660 0.031364 0.159118
v -0.037328 0.011930 0.160297
v -0.032717 0.012269 0.160389
v -0.032437 0.013413 0.159937
v -0.040325 0.006537 0.160179
v -0.040165 0.001478 0.160213
v -0.029509 -0.002565 0.160443
v -0.024871 0.013413 0.160057
v -0.027112 0.012044 0.160457
v -0.021834 0.012118 0.160493
v -0.018928 0.008181 0.160572
v -0.020074 0.013149 0.160093
v -0.020227 0.011205 0.160494
v -0.018778 0.010817 0.160114
v -0.017923 0.009033 0.160067
v -0.012862 0.008824 0.160007
v -0.017995 0.003453 0.160608
v -0.017594 0.007074 0.160550
v -0.015797 0.007924 0.160053
v -0.014095 0.007023 0.160530
v -0.011857 0.011279 0.160068
v -0.010048 0.013154 0.160105
v -0.010415 0.011805 0.160453
v -0.011923 0.007648 0.160600
v -0.001616 0.002909 0.160629
v -0.008259 0.022972 0.160171
v 0.004581 0.019423 0.160083
v -0.002453 0.013243 0.160041
v -0.009036 0.011942 0.160600
v -0.000750 0.011783 0.160558
v -0.042918 -0.000270 0.159213
v -0.042773 -0.001370 0.159262
v -0.042699 -0.001851 0.159550
v -0.011733 -0.009230 0.160407
v 0.007809 0.013017 0.159963
v 0.011591 0.011749 0.160350
v 0.015652 0.012759 0.159806
v 0.015407 0.011404 0.160244
v 0.017675 0.010148 0.159689
v 0.017324 0.005104 0.160265
v 0.025111 0.012616 0.159565
v 0.022748 0.008275 0.159547
v 0.017373 0.007796 0.160096
v 0.018156 0.007912 0.159744
v 0.018583 0.006575 0.160193
v 0.020398 0.007437 0.159640
v 0.024164 0.007405 0.160034
v 0.022240 0.007529 0.159603
v 0.022060 0.006847 0.159944
v 0.022609 0.006017 0.160100
v 0.013539 -0.008260 0.160199
v 0.031977 -0.001892 0.159919
v 0.010628 -0.020412 0.160029
v -0.018776 -0.030490 0.158875
v -0.015910 -0.029614 0.159456
v -0.014471 -0.030525 0.158864
v -0.006583 -0.028484 0.159655
v -0.010686 -0.030877 0.158080
v -0.011981 -0.030373 0.158990
v -0.002966 -0.029785 0.159377
v -0.006076 -0.030643 0.158629
v 0.002541 -0.030474 0.158813
v 0.010979 -0.029221 0.159539
v 0.011149 -0.030106 0.159206
v 0.011163 -0.030721 0.158439
v 0.021829 0.031460 0.077878
v 0.027037 0.031113 0.076835
v 0.034440 0.030418 0.066487
v 0.042036 0.029500 0.066862
v 0.041917 0.029639 0.071877
v 0.026354 0.031134 0.090877
v 0.039720 0.029959 0.083965
v 0.042385 0.029518 0.080668
v 0.034699 0.030509 0.091009
v 0.042467 0.029626 0.086822
v 0.043767 0.029089 0.083241
v 0.043955 0.029091 0.086849
v 0.042117 0.029788 0.091637
v 0.043893 0.029061 0.091897
v 0.043706 0.028960 0.064758
v 0.044023 0.028462 0.063860
v 0.044267 0.025995 0.065340
v 0.044141 0.028387 0.067385
v 0.043719 0.028927 0.069988
v 0.043802 0.029026 0.068227
v 0.044177 0.028203 0.070818
v 0.044375 0.024798 0.073712
v 0.043935 0.028856 0.072180
v 0.043844 0.028868 0.075124
v 0.044285 0.028218 0.075349
v 0.044623 0.020012 0.077131
v 0.044937 0.012769 0.071225
v 0.043861 0.028895 0.077913
v 0.044489 0.025586 0.082653
v 0.044336 0.028008 0.078829
v 0.043756 0.029108 0.079886
v 0.044206 0.028741 0.081186
v 0.044326 0.028325 0.083863
v 0.044383 0.028502 0.091653
v 0.044577 0.026202 0.096798
v 0.044980 0.014732 0.084830
v 0.045048 0.008384 0.067121
v 0.044942 0.009203 0.068400
v 0.045028 0.003954 0.070553
v 0.045086 0.007977 0.074211
v 0.044982 0.001686 0.066684
v 0.045046 0.003837 0.067012
v 0.045084 0.005305 0.076135
v 0.045194 0.002189 0.081266
v 0.045177 -0.007278 0.080054
v 0.045033 -0.019129 0.080680
v 0.045323 0.002779 0.091087
v 0.045131 0.013068 0.094685
v 0.045352 -0.007238 0.095315
v 0.045236 0.004571 0.095281
v 0.045377 -0.000641 0.095026
v 0.023103 0.031325 0.102288
v 0.029897 0.030965 0.105087
v 0.038531 0.030215 0.098775
v 0.038485 0.030265 0.093998
v 0.042506 0.029739 0.101889
v 0.044019 0.029087 0.097274
v 0.037411 0.030323 0.114308
v 0.044000 0.029118 0.101000
v 0.043742 0.029330 0.104826
v 0.044388 0.028583 0.100374
v 0.044475 0.028482 0.103849
v 0.042317 0.029929 0.110717
v 0.044442 0.028556 0.105878
v 0.044194 0.029006 0.109704
v 0.044532 0.028589 0.108287
v 0.024760 0.031179 0.103923
v 0.031119 0.030852 0.115115
v 0.045075 0.014788 0.097589
v 0.044794 0.020410 0.095298
v 0.044835 0.022331 0.108330
v 0.045470 0.010231 0.119001
v 0.033423 0.030747 0.134439
v 0.038071 0.030308 0.130191
v 0.044636 0.028075 0.111377
v 0.044819 0.025169 0.119227
v 0.043997 0.029186 0.117363
v 0.044640 0.028518 0.116654
v 0.041557 0.030017 0.120894
v 0.042933 0.029747 0.121032
v 0.044799 0.028165 0.123258
v 0.045283 0.018938 0.132274
v 0.045295 0.012904 0.096023
v 0.045386 0.008362 0.096122
v 0.045319 0.006420 0.097015
v 0.045555 -0.001209 0.110385
v 0.045462 -0.011483 0.105185
v 0.041999 0.030044 0.142713
v 0.042562 0.029970 0.131504
v 0.044339 0.029125 0.124883
v 0.044930 0.028383 0.131086
v 0.045215 0.023442 0.142456
v 0.043154 0.029789 0.135012
v 0.044314 0.029153 0.131861
v 0.044564 0.029119 0.138485
v 0.045011 0.028288 0.140552
v 0.045741 0.005955 0.137756
v 0.045435 0.017602 0.142840
v 0.042914 0.029995 0.153591
v 0.043347 0.029772 0.146271
v 0.044814 0.029022 0.151225
v 0.044455 0.029243 0.146917
v 0.037819 0.030417 0.156656
v 0.044612 0.029067 0.143530
v 0.044765 0.029057 0.145602
v 0.045129 0.028469 0.149832
v 0.045747 0.006966 0.143174
v 0.045502 0.014331 0.151469
v 0.045212 0.025920 0.155888
v 0.045129 0.028631 0.155335
v 0.035081 0.030133 0.158204
v 0.037142 0.030363 0.157721
v 0.041640 0.029494 0.158670
v 0.043758 0.025353 0.159048
v 0.042540 0.030115 0.157745
v 0.044357 0.029376 0.155988
v 0.045064 0.028299 0.156858
v 0.045096 0.025349 0.156892
v 0.043682 0.028778 0.158858
v 0.043837 0.029587 0.158589
v 0.044417 0.029563 0.157845
v 0.044341 0.029251 0.158500
v 0.044152 0.025713 0.158815
v 0.044380 0.025111 0.158067
v 0.044009 0.018876 0.158900
v 0.043369 0.019210 0.159091
v 0.044311 0.020109 0.158046
v 0.044979 0.022216 0.157110
v 0.045438 0.010052 0.156059
v 0.045078 0.018465 0.157084
v 0.044098 0.011447 0.158134
v 0.045172 0.011999 0.156957
v 0.012591 -0.031777 0.089494
v 0.016857 -0.031730 0.088675
v 0.014703 -0.031762 0.094550
v 0.017561 -0.031741 0.084563
v 0.023033 -0.031726 0.083281
v 0.022907 -0.031634 0.085130
v 0.019521 -0.031691 0.090524
v 0.022652 -0.031630 0.093742
v 0.021653 -0.031690 0.096146
v 0.021449 -0.031792 0.093440
v 0.025816 -0.031571 0.099530
v 0.011894 -0.031829 0.099293
v 0.025073 -0.031618 0.114958
v 0.024399 -0.031535 0.081775
v 0.025285 -0.031566 0.082031
v 0.044744 -0.028273 0.083655
v 0.044594 -0.030037 0.090849
v 0.043979 -0.030712 0.087951
v 0.045247 -0.016856 0.096318
v 0.045341 -0.012949 0.096614
v 0.045323 -0.010369 0.097372
v 0.042406 -0.030999 0.099899
v 0.043047 -0.030943 0.112939
v 0.043997 -0.030833 0.101030
v 0.044984 -0.024347 0.094523
v 0.045068 -0.021524 0.094324
v 0.044812 -0.023035 0.095412
v 0.045109 -0.022497 0.096585
v 0.044993 -0.023804 0.095779
v 0.045121 -0.021138 0.098353
v 0.044109 -0.030732 0.093706
v 0.044902 -0.028292 0.097483
v 0.044101 -0.030712 0.096771
v 0.044639 -0.030220 0.102286
v 0.044832 -0.030035 0.106511
v 0.007734 -0.031757 0.132210
v 0.010651 -0.031760 0.129829
v 0.009003 -0.031830 0.130647
v 0.014168 -0.031801 0.131089
v 0.010607 -0.031690 0.133318
v 0.015451 -0.031726 0.129047
v 0.018380 -0.031730 0.129844
v 0.015639 -0.031606 0.131468
v 0.006518 -0.031699 0.134948
v 0.021872 -0.031640 0.129425
v 0.032462 -0.031430 0.137247
v 0.036415 -0.031284 0.124609
v 0.006943 -0.031761 0.136451
v 0.014265 -0.031764 0.134325
v 0.010351 -0.031735 0.138656
v 0.012593 -0.031721 0.136190
v 0.017899 -0.031713 0.133645
v 0.015029 -0.031601 0.135452
v 0.016953 -0.031597 0.139026
v 0.014310 -0.031596 0.141968
v 0.019192 -0.031686 0.135967
v 0.017382 -0.031519 0.142756
v 0.017960 -0.031641 0.141118
v 0.021780 -0.031581 0.138928
v 0.018800 -0.031478 0.141563
v 0.018887 -0.031524 0.143232
v 0.020748 -0.031492 0.140725
v 0.021602 -0.031407 0.146251
v 0.020911 -0.031542 0.142426
v 0.007850 -0.031584 0.139860
v 0.006796 -0.031625 0.141622
v 0.012128 -0.031605 0.140739
v 0.006557 -0.031653 0.144249
v 0.010541 -0.031381 0.148624
v 0.009880 -0.031584 0.142469
v 0.013247 -0.031456 0.144253
v 0.012354 -0.031633 0.144715
v 0.012329 -0.031561 0.146419
v 0.014785 -0.031504 0.146155
v 0.018420 -0.031509 0.145640
v 0.019528 -0.031655 0.131995
v 0.022206 -0.031740 0.132581
v 0.018849 -0.031554 0.132500
v 0.023442 -0.031543 0.132638
v 0.021637 -0.031582 0.135295
v 0.025797 -0.031457 0.145142
v 0.025853 -0.031422 0.140692
v 0.045193 -0.023620 0.109692
v 0.045556 -0.014045 0.117286
v 0.045538 -0.007330 0.109857
v 0.045212 -0.027712 0.116089
v 0.044796 -0.030154 0.111450
v 0.044278 -0.030761 0.113591
v 0.044275 -0.030679 0.106889
v 0.045016 -0.030073 0.118794
v 0.044433 -0.030713 0.123191
v 0.045822 -0.003590 0.132218
v 0.045712 -0.016286 0.133153
v 0.045392 -0.028006 0.125392
v 0.045462 -0.025364 0.132246
v 0.045440 -0.027766 0.134648
v 0.043794 -0.030919 0.132456
v 0.045045 -0.030132 0.128291
v 0.045197 -0.030002 0.134272
v 0.044502 -0.030695 0.130681
v 0.044495 -0.030802 0.132870
v 0.044703 -0.030624 0.135723
v 0.045872 -0.012592 0.142186
v 0.045848 -0.000464 0.143247
v 0.029803 0.012758 0.159436
v 0.027050 0.011498 0.159951
v 0.035371 0.012615 0.159275
v 0.025799 0.010126 0.159995
v 0.035112 -0.017955 0.159760
v 0.045684 -0.001216 0.152291
v 0.045354 0.006452 0.156842
v 0.044705 0.008989 0.157670
v 0.044882 0.007101 0.157608
v 0.045438 0.002139 0.156652
v 0.044865 0.002425 0.157598
v 0.044930 0.002780 0.157853
v 0.045514 -0.001480 0.156801
v 0.045576 0.000202 0.155921
v 0.045583 -0.003471 0.155886
v 0.045268 -0.000061 0.156983
v 0.044717 -0.002215 0.157759
v 0.044941 -0.000382 0.158052
v 0.045856 -0.000330 0.159367
v 0.045323 0.000403 0.159430
v 0.045585 -0.006078 0.159471
v 0.046002 -0.002185 0.159085
v 0.045852 -0.003750 0.158760
v 0.045976 0.000990 0.158785
v 0.045778 -0.016160 0.150135
v 0.045660 -0.016317 0.154723
v 0.045613 -0.005397 0.155946
v 0.045378 -0.003455 0.156785
v 0.045570 -0.007331 0.156176
v 0.045451 -0.006385 0.156868
v 0.045487 -0.008981 0.156753
v 0.045218 -0.007565 0.157100
v 0.045465 -0.011936 0.156753
v 0.044749 -0.008079 0.157691
v 0.044782 -0.009933 0.157647
v 0.044830 -0.009336 0.158134
v 0.044822 -0.005814 0.157719
v 0.044945 -0.005518 0.158017
v 0.045884 -0.007974 0.159293
v 0.045752 -0.010620 0.158935
v 0.045262 -0.016296 0.159495
v 0.044689 -0.012613 0.157850
v 0.044753 -0.015599 0.157912
v 0.045507 -0.017962 0.156681
v 0.044802 -0.018390 0.157713
v 0.044930 -0.018301 0.158070
v 0.045674 -0.016536 0.158715
v 0.045816 -0.015246 0.159230
v 0.021330 -0.031334 0.151214
v 0.017558 -0.031025 0.157419
v 0.016833 -0.031391 0.147952
v 0.018690 -0.031493 0.148283
v 0.031592 -0.029517 0.159304
v 0.027336 -0.030400 0.158994
v 0.020281 -0.030825 0.158286
v 0.025193 -0.031130 0.157419
v 0.037312 -0.031190 0.150475
v 0.034815 -0.031177 0.157645
v 0.038845 -0.031160 0.157238
v 0.038546 -0.030879 0.158503
v 0.040091 -0.030413 0.158999
v 0.040771 -0.031032 0.158049
v 0.043024 -0.030547 0.158894
v 0.044706 -0.020946 0.157914
v 0.045089 -0.025550 0.159228
v 0.031250 -0.031062 0.158114
v 0.045531 -0.025341 0.141019
v 0.045727 -0.022182 0.142877
v 0.045597 -0.025623 0.143591
v 0.044451 -0.030832 0.143066
v 0.045609 -0.027744 0.143564
v 0.045207 -0.029979 0.138091
v 0.044759 -0.030683 0.139081
v 0.045339 -0.029978 0.143465
v 0.045494 -0.029674 0.147311
v 0.045678 -0.024907 0.150600
v 0.045624 -0.026317 0.153535
v 0.044115 -0.030914 0.148415
v 0.044959 -0.030567 0.149375
v 0.045274 -0.030293 0.151385
v 0.044651 -0.030819 0.152590
v 0.045565 -0.029493 0.152652
v 0.045749 -0.027697 0.152258
v 0.045462 -0.020052 0.156878
v 0.045478 -0.024999 0.156871
v 0.045580 -0.028463 0.155683
v 0.044882 -0.024245 0.157766
v 0.044935 -0.026124 0.157654
v 0.044986 -0.025975 0.157932
v 0.042945 -0.031003 0.156277
v 0.044423 -0.030889 0.155926
v 0.045372 -0.030213 0.155853
v 0.045010 -0.030643 0.155842
v 0.044437 -0.029899 0.159222
v 0.045450 -0.027395 0.156723
v 0.044922 -0.027161 0.157748
v 0.045145 -0.028285 0.157670
v 0.045630 -0.026852 0.158697
v 0.045060 -0.029136 0.157531
v 0.045518 -0.029020 0.158799
v 0.042673 -0.031052 0.157918
v 0.043691 -0.030868 0.158021
v 0.044652 -0.030946 0.157425
v 0.045239 -0.030773 0.158188
v 0.045316 -0.030443 0.158925
v 0.045370 -0.029480 0.156639
v 0.045373 -0.030237 0.157296
v 0.045629 -0.030311 0.158777
v 0.045070 -0.022557 0.157586
v 0.045615 -0.020963 0.158726
v 0.045716 -0.021192 0.159088
v 0.045134 -0.022512 0.157942
v 0.045643 -0.024333 0.158662
v 0.045611 -0.025432 0.159040
v 0.045220 -0.029296 0.159170
v 0.040068 0.012884 0.159095
v 0.043319 0.012321 0.158984
v 0.043068 0.011096 0.159396
v 0.043886 0.011840 0.158732
v 0.043746 0.011573 0.158966
v 0.044376 0.010842 0.158957
v 0.044775 0.010101 0.159300
v 0.044446 0.010360 0.158273
v 0.045042 0.007763 0.158015
v 0.045821 0.008777 0.158997
v 0.045676 0.008688 0.158697
v 0.045541 0.007495 0.159329
v 0.045986 0.005329 0.158773
v 0.045941 0.005053 0.159160
v 0.046011 0.001737 0.159171
vn -0.294791 0.010929 -0.955499
vn -0.841869 -0.007058 -0.539635
vn -0.036976 0.011076 -0.999255
vn -0.086612 0.009110 -0.996201
vn -0.027015 0.005036 -0.999622
vn 0.285406 -0.262162 -0.921854
vn -0.332320 -0.004555 -0.943156
vn -0.240029 0.126087 -0.962543
vn -0.812926 -0.002523 -0.582361
vn -0.051407 0.021304 -0.998451
vn 0.194487 0.195584 -0.961208
vn 0.091956 0.155480 -0.983550
vn -0.999565 0.028810 0.006253
vn -0.953024 0.023818 -0.301956
vn -0.042006 0.004109 -0.999109
vn -0.393762 -0.002600 -0.919209
vn -0.998618 -0.000022 -0.052548
vn -0.067281 0.983313 -0.169021
vn -0.973173 0.228896 0.023244
vn -0.670132 0.742215 -0.006362
vn -0.995271 0.089397 0.038006
vn -0.993530 0.109469 0.030232
vn -0.005867 0.505510 -0.862801
vn -0.024250 0.139916 -0.989866
vn -0.012515 0.010820 -0.999863
vn -0.415542 0.582250 -0.698791
vn -0.894916 0.360175 -0.263437
vn -0.611918 0.787053 -0.078129
vn -0.236873 0.789837 -0.565728
vn 0.132988 0.105718 -0.985463
vn -0.692224 0.721118 0.028538
vn -0.008542 0.999856 -0.014665
vn -0.123425 0.991939 0.028694
vn -0.177203 0.984093 0.012656
vn -0.979074 0.202945 0.015102
vn -0.642781 0.765427 0.030883
vn -0.997624 0.066660 0.017387
vn -0.999059 0.036825 0.022895
vn -0.999890 0.004281 0.014210
vn -0.057055 0.998343 0.007460
vn -0.012205 0.999902 -0.006909
vn -0.640936 0.767569 0.006237
vn -0.932086 0.361692 0.019842
vn -0.990787 0.135286 0.006230
vn -0.998053 0.060740 0.014152
vn -0.962731 0.269001 0.028071
vn -0.963630 0.267158 0.006602
vn -0.568306 0.822730 0.011951
vn -0.041853 0.999122 -0.001658
vn -0.535320 0.844649 0.000977
vn -0.923254 0.384056 0.010136
vn -0.730318 0.683063 0.007748
vn -0.999802 0.011715 0.016053
vn -0.999866 0.002448 0.016160
vn -0.999808 0.008460 0.017648
vn -0.999873 -0.000784 0.015892
vn -0.998371 -0.046025 -0.033714
vn -0.999712 -0.023291 -0.005816
vn -0.999804 -0.004977 0.019140
vn -0.999765 0.006659 0.020635
vn -0.999320 0.021042 0.030267
vn -0.999562 -0.005053 0.029159
vn -0.999487 0.017925 0.026544
vn -0.999790 -0.004482 0.019976
vn -0.999568 -0.007676 0.028378
vn -0.999807 -0.004404 0.019165
vn -0.999735 -0.008610 0.021336
vn -0.999704 0.001333 0.024283
vn -0.999673 -0.002784 0.025416
vn -0.999829 -0.016069 0.009107
vn -0.999515 -0.018893 0.024735
vn -0.999216 -0.012683 0.037514
vn -0.999379 -0.025278 0.024538
vn -0.999257 -0.021405 0.032060
vn -0.999377 -0.030047 0.018522
vn -0.999188 -0.036422 0.017247
vn -0.999162 -0.032157 0.025325
vn -0.998270 -0.044498 0.038430
vn -0.998279 -0.055485 0.019000
vn -0.004573 0.366195 -0.930527
vn 0.004441 0.812063 -0.583553
vn 0.001763 0.796523 -0.604606
vn -0.004324 0.397318 -0.917671
vn -0.008203 0.213061 -0.977004
vn 0.006219 0.010558 -0.999925
vn 0.200596 0.192412 -0.960593
vn 0.041968 0.186396 -0.981578
vn 0.003957 0.031449 -0.999498
vn -0.009001 -0.019286 -0.999774
vn 0.201865 0.225505 -0.953099
vn -0.036894 0.016847 -0.999177
vn -0.052998 0.098440 -0.993731
vn -0.133378 0.171018 -0.976198
vn -0.040687 0.077274 -0.996179
vn 0.008690 0.038784 -0.999210
vn -0.016706 0.017910 -0.999700
vn 0.017609 0.006881 -0.999821
vn -0.000997 -0.002138 -0.999997
vn -0.016809 -0.013900 -0.999762
vn 0.045189 0.043075 -0.998049
vn 0.004920 0.998761 -0.049525
vn -0.000279 0.700538 -0.713615
vn -0.010143 0.221112 -0.975196
vn -0.013493 0.043231 -0.998974
vn 0.009151 0.085809 -0.996270
vn 0.067252 0.033245 -0.997182
vn -0.026789 -0.002382 -0.999638
vn 0.009437 0.999286 -0.036587
vn 0.005738 0.902695 -0.430242
vn -0.808719 -0.003236 -0.588187
vn -0.108019 0.000693 -0.994149
vn -0.999351 -0.005750 -0.035571
vn -0.488837 -0.001357 -0.872374
vn -0.470360 -0.000578 -0.882475
vn -0.844090 -0.006367 -0.536164
vn -0.999658 -0.025938 -0.003330
vn -0.999545 -0.022237 0.020402
vn -0.999962 -0.002327 0.008414
vn -0.999824 -0.000728 0.018757
vn -0.998728 -0.041971 0.027930
vn -0.999376 -0.022776 0.026984
vn -0.997763 -0.054100 0.039266
vn -0.008447 0.006846 -0.999941
vn 0.174866 0.184885 -0.967078
vn 0.195610 0.196505 -0.960793
vn -0.000277 -0.007403 -0.999973
vn 0.066659 0.054077 -0.996309
vn 0.480333 -0.465942 -0.743087
vn 0.293895 -0.284722 -0.912447
vn 0.332254 -0.283438 -0.899594
vn -0.003164 0.046090 -0.998932
vn 0.025879 -0.002421 -0.999662
vn -0.998383 -0.050598 0.025915
vn -0.999581 -0.019132 0.021717
vn -0.999768 -0.016538 0.013768
vn -0.999495 -0.020549 0.024253
vn -0.998470 -0.046306 0.030214
vn -0.999541 -0.019528 0.023171
vn -0.997876 -0.044513 0.047550
vn -0.997839 -0.048857 0.043940
vn -0.998064 -0.052732 0.032973
vn -0.998670 -0.046757 0.021719
vn -0.998231 -0.051597 0.029537
vn -0.050559 0.998719 0.002163
vn -0.993753 0.109586 0.021088
vn -0.998938 0.041049 0.020918
vn -0.998915 0.043133 0.017569
vn -0.458673 0.888551 0.009865
vn -0.639364 0.768882 0.005865
vn -0.055233 0.998473 0.000426
vn -0.929458 0.368522 0.017289
vn -0.591363 0.806328 0.011151
vn -0.996824 0.077788 0.017058
vn -0.962196 0.271799 0.017413
vn -0.533222 0.845932 0.008499
vn -0.576439 0.816926 0.018699
vn -0.049593 0.998769 0.000597
vn -0.471931 0.881629 0.003324
vn -0.511707 0.859127 0.007511
vn -0.038614 0.999251 -0.002529
vn -0.057434 0.998347 -0.002104
vn -0.028288 0.999594 -0.003481
vn -0.037834 0.999283 -0.001479
vn -0.023513 0.999718 -0.003245
vn -0.998947 0.041415 0.019741
vn -0.999696 0.006006 0.023898
vn -0.999652 -0.009605 0.024581
vn -0.999734 -0.001423 0.023019
vn -0.999355 0.029389 0.020644
vn -0.999018 0.037919 0.022914
vn -0.999661 0.017043 0.019658
vn -0.999393 0.022933 0.026206
vn -0.999481 -0.008758 0.031000
vn -0.999551 -0.017510 0.024330
vn -0.999159 -0.030663 0.027209
vn -0.999226 -0.031492 0.023564
vn -0.999571 0.008289 0.028078
vn -0.999336 0.006152 0.035920
vn -0.999657 -0.009996 0.024192
vn -0.999680 0.006427 0.024460
vn -0.999332 0.018495 0.031532
vn -0.999213 -0.021909 0.033063
vn -0.998755 -0.032878 0.037504
vn -0.999369 -0.027117 0.022925
vn -0.960458 0.278309 0.008011
vn -0.948549 0.316278 0.014940
vn -0.506304 0.862320 0.007749
vn -0.999787 0.011309 0.017250
vn -0.999171 0.037145 0.016661
vn -0.602370 0.798106 0.013307
vn -0.619869 0.784275 0.025964
vn -0.318591 0.947659 0.021030
vn -0.227330 0.973698 0.015290
vn -0.999067 0.040515 0.014933
vn -0.990308 0.137376 0.020425
vn -0.967465 0.251188 0.030279
vn -0.724486 0.689122 0.015190
vn -0.685094 0.728426 -0.006399
vn -0.361852 0.932213 -0.006521
vn -0.999791 -0.003311 0.020187
vn -0.002106 0.999763 -0.021658
vn -0.006359 0.999881 -0.014087
vn 0.005417 0.999820 -0.018164
vn -0.001353 0.999887 -0.014939
vn -0.017028 0.999827 -0.007422
vn -0.017349 0.999815 -0.008354
vn -0.018673 0.999822 -0.002623
vn -0.016262 0.999817 -0.010063
vn -0.013598 0.999861 -0.009657
vn -0.011646 0.999901 -0.007917
vn -0.009477 0.999905 -0.009986
vn 0.009459 0.999847 -0.014717
vn -0.010165 0.999867 -0.012750
vn 0.007782 0.999900 -0.011845
vn 0.015905 0.999657 -0.020783
vn 0.007849 0.999965 -0.002722
vn 0.001456 0.999790 -0.020454
vn 0.006026 0.999786 -0.019811
vn 0.011328 0.999868 0.011678
vn 0.006906 0.999899 -0.012451
vn 0.005765 0.999970 -0.005106
vn 0.022525 0.999627 -0.015455
vn 0.006988 0.999935 -0.008998
vn 0.013760 0.999729 -0.018787
vn 0.014410 0.999756 -0.016733
vn -0.851217 0.524777 0.006112
vn -0.807697 0.589437 0.013759
vn -0.077046 0.997022 0.003264
vn -0.533074 0.845755 0.023028
vn -0.820486 0.571553 0.011386
vn -0.998820 0.045933 0.015751
vn -0.955632 0.294192 0.014752
vn -0.687710 0.725673 0.021304
vn -0.102380 0.994733 0.005031
vn -0.054607 0.998506 0.001981
vn -0.202240 0.979333 -0.002602
vn -0.793210 0.608905 0.007318
vn -0.186543 0.982442 -0.003043
vn -0.851489 0.524219 0.012665
vn -0.999589 0.023591 0.016305
vn -0.214233 0.976636 0.016920
vn -0.999770 -0.005449 0.020744
vn -0.999507 -0.023643 0.020675
vn -0.814274 0.579980 0.024120
vn -0.814332 0.580195 -0.015362
vn -0.985077 0.171412 0.015546
vn -0.470893 0.882190 0.000505
vn -0.997673 0.066841 0.013423
vn -0.889280 0.456721 0.024221
vn -0.499304 0.866403 0.006402
vn -0.860077 0.509610 0.023762
vn -0.066386 0.997789 0.003005
vn -0.374532 0.927025 0.018728
vn -0.992151 0.124498 0.011650
vn -0.345885 0.938269 -0.003950
vn -0.140382 0.989920 0.018740
vn -0.831859 0.554905 0.009483
vn -0.999833 0.003143 0.018018
vn -0.999700 -0.017475 0.017131
vn -0.999776 0.005693 0.020359
vn -0.525207 0.850956 0.005628
vn -0.993630 0.111222 0.018167
vn -0.022215 0.999747 -0.003462
vn -0.027208 0.999628 0.001932
vn -0.015729 0.999859 -0.005909
vn -0.020462 0.999791 0.000006
vn -0.022111 0.999739 -0.005810
vn -0.025078 0.999670 -0.005520
vn -0.002778 0.999357 -0.035746
vn -0.011072 0.999933 -0.003511
vn -0.009194 0.999926 -0.008024
vn -0.010456 0.999786 0.017833
vn -0.012748 0.999918 -0.001429
vn 0.006398 0.999950 -0.007697
vn -0.009001 0.999904 -0.010555
vn -0.009174 0.999922 -0.008495
vn 0.010220 0.999925 0.006789
vn 0.006751 0.999958 -0.006244
vn -0.002285 0.999985 -0.004963
vn 0.036078 0.999032 -0.025153
vn 0.017218 0.998636 -0.049299
vn 0.003879 0.999989 -0.002704
vn 0.006047 0.999956 -0.007193
vn 0.027095 0.999463 -0.018412
vn 0.028045 0.999575 -0.007934
vn 0.004921 0.999984 -0.002788
vn -0.008860 0.999946 0.005338
vn -0.005476 0.999979 -0.003428
vn 0.011966 0.999894 -0.008265
vn 0.002632 0.999934 -0.011213
vn 0.010143 0.999733 -0.020780
vn 0.009265 0.999907 -0.009954
vn 0.001310 0.999994 0.003105
vn 0.009352 0.999916 -0.008920
vn 0.008711 0.999892 -0.011836
vn 0.012026 0.999908 -0.006200
vn -0.013524 0.999881 -0.007439
vn 0.002181 0.999989 -0.004109
vn -0.015533 0.999879 -0.000198
vn -0.025746 0.999641 -0.007464
vn 0.002443 0.999975 -0.006654
vn -0.021849 0.999700 0.011045
vn -0.005514 0.999973 0.004890
vn 0.037160 0.999162 -0.017157
vn 0.009220 0.999897 -0.011025
vn 0.007988 0.999958 -0.004596
vn 0.002379 0.999994 -0.002296
vn 0.003625 0.999981 0.005044
vn 0.004237 0.999917 -0.012133
vn 0.010608 0.999935 -0.004258
vn 0.021756 0.999758 -0.003336
vn 0.005283 0.999524 -0.030403
vn 0.008539 0.999852 -0.014933
vn 0.004554 0.999945 -0.009388
vn 0.014039 0.999897 -0.002947
vn 0.007256 0.999970 0.002664
vn 0.029220 0.999555 -0.006022
vn 0.037305 0.999304 0.000552
vn 0.030858 0.999517 -0.003570
vn 0.010138 0.999915 0.008251
vn -0.997018 -0.055911 0.053190
vn -0.990494 -0.115460 0.074770
vn -0.998346 -0.054675 0.017794
vn -0.862896 -0.019455 -0.505007
vn -0.992280 -0.103609 0.068155
vn -0.966012 -0.107251 -0.235198
vn -0.979189 -0.168107 0.113710
vn 0.020400 -0.021496 -0.999561
vn 0.029311 -0.038854 -0.998815
vn -0.204638 -0.279391 -0.938117
vn -0.039429 -0.028062 -0.998828
vn -0.764321 -0.312117 -0.564267
vn -0.256040 -0.470665 -0.844345
vn -0.433058 -0.005769 -0.901348
vn 0.030405 -0.116315 -0.992747
vn -0.113441 -0.227425 -0.967166
vn -0.022250 -0.047499 -0.998623
vn -0.497229 -0.537754 -0.680870
vn -0.103469 -0.504015 -0.857475
vn -0.429846 -0.701338 -0.568645
vn -0.134559 -0.940931 -0.310714
vn -0.903672 -0.417439 0.095505
vn -0.971152 -0.211901 0.109369
vn -0.302977 -0.947374 -0.103380
vn -0.710468 -0.692071 -0.127565
vn -0.013962 -0.443309 -0.896260
vn -0.053273 -0.996258 -0.068063
vn -0.017531 -0.936604 -0.349952
vn -0.434781 -0.900536 -0.000547
vn -0.054327 -0.998128 -0.028085
vn -0.756655 -0.653431 0.022397
vn -0.418856 -0.908038 -0.005234
vn -0.013614 -0.995777 -0.090794
vn -0.011769 -0.853158 -0.521519
vn -0.021107 -0.901165 -0.432962
vn -0.019275 -0.998621 -0.048823
vn -0.987786 -0.145780 0.055025
vn -0.972152 -0.226753 0.059185
vn -0.994765 -0.086952 0.053685
vn -0.993697 -0.098674 0.053203
vn -0.968878 -0.246332 0.024397
vn -0.990171 -0.131848 0.046662
vn -0.693318 -0.720580 0.008666
vn -0.634285 -0.773088 -0.004206
vn -0.951360 -0.306556 0.030609
vn -0.021433 -0.999217 -0.033265
vn -0.577596 -0.816290 -0.007257
vn -0.133347 -0.990966 -0.014287
vn -0.038379 -0.999208 -0.010537
vn -0.996199 -0.086724 0.008169
vn -0.996770 -0.072769 0.033987
vn -0.994966 -0.099188 0.014293
vn -0.996794 -0.076950 0.021911
vn -0.993814 -0.100735 0.046763
vn -0.990456 -0.124738 0.058629
vn -0.995274 -0.095584 0.017154
vn -0.997780 -0.058926 0.031016
vn -0.997979 0.060063 0.020724
vn -0.999665 -0.019018 0.017546
vn -0.997583 -0.063997 0.027082
vn -0.999157 -0.039690 0.010443
vn -0.996922 -0.077718 0.010341
vn -0.992010 -0.120322 0.037935
vn -0.993119 -0.117073 0.002904
vn -0.181231 -0.983440 -0.000847
vn -0.212645 -0.977000 0.015925
vn -0.739906 -0.672702 0.003223
vn -0.867391 -0.497497 -0.011402
vn -0.597890 -0.801402 0.016820
vn -0.993594 -0.113008 0.000488
vn -0.889710 -0.456436 0.009085
vn -0.240113 -0.970742 -0.002484
vn -0.518738 -0.854911 0.006178
vn -0.888786 -0.457937 0.018783
vn -0.875684 -0.482883 0.000925
vn -0.059883 -0.998204 -0.001581
vn -0.057645 -0.998290 -0.009665
vn -0.066908 -0.997654 -0.014507
vn -0.273716 -0.961801 0.004163
vn -0.031657 -0.999280 -0.020900
vn -0.039511 -0.999085 -0.016367
vn -0.026123 -0.999429 -0.021448
vn -0.999538 -0.015204 0.026302
vn -0.999159 -0.030524 0.027372
vn -0.999349 -0.019946 0.030071
vn -0.999238 -0.032694 0.021323
vn -0.998498 -0.050148 0.022063
vn -0.999195 -0.032731 0.023189
vn -0.997891 -0.061719 0.020088
vn -0.998699 -0.044453 0.024989
vn -0.996935 -0.078090 0.004739
vn -0.998279 -0.057513 0.011483
vn -0.998818 -0.043610 0.021445
vn -0.990128 -0.140063 0.005296
vn -0.045370 -0.998916 -0.010432
vn -0.704806 -0.709072 0.021560
vn -0.367539 -0.929865 -0.016323
vn -0.299416 -0.954055 0.011342
vn -0.522765 -0.852314 0.016667
vn -0.073653 -0.997206 -0.012439
vn -0.257324 -0.966281 0.009266
vn -0.997563 -0.069573 0.005204
vn -0.996158 -0.087187 0.008253
vn -0.889411 -0.456765 0.017680
vn -0.992629 -0.120287 0.014763
vn -0.930308 -0.366495 0.014429
vn -0.656311 -0.754465 -0.006167
vn -0.786900 -0.617060 0.005076
vn -0.068660 -0.997539 0.014236
vn -0.063143 -0.998004 -0.000835
vn -0.074889 -0.997166 0.007179
vn -0.996222 -0.085842 0.013139
vn -0.068327 -0.997663 -0.000269
vn -0.047227 -0.998850 -0.008232
vn -0.656311 -0.754465 -0.006168
vn -0.142997 -0.989721 0.001882
vn -0.696236 -0.717791 0.005666
vn -0.938038 -0.346385 0.010101
vn -0.962103 -0.272371 0.013111
vn -0.674016 -0.738715 -0.001293
vn -0.110682 -0.993806 -0.009983
vn -0.076279 -0.997081 -0.003270
vn -0.061382 -0.998098 -0.005778
vn -0.995420 -0.093392 0.020394
vn -0.993795 -0.109611 0.018878
vn -0.905549 -0.424131 0.009726
vn -0.717512 -0.696266 0.019782
vn -0.667524 -0.744588 -0.001022
vn -0.992485 -0.121314 0.015988
vn -0.938729 -0.344242 0.016873
vn -0.759151 -0.650845 0.009552
vn -0.693903 -0.720051 0.004952
vn -0.077510 -0.996978 -0.005123
vn -0.998990 -0.042269 0.015250
vn -0.999000 -0.037667 0.024083
vn -0.999161 -0.031513 0.026146
vn -0.999025 -0.040556 -0.017464
vn -0.997786 -0.059647 0.029415
vn -0.999274 -0.030628 0.022658
vn -0.999036 -0.041621 0.013953
vn -0.998082 -0.056704 0.024835
vn -0.998970 -0.041410 0.018542
vn -0.994104 -0.106659 0.019537
vn -0.996392 -0.082970 0.017873
vn -0.998197 -0.056973 0.018883
vn -0.997217 -0.071678 0.020482
vn -0.752799 -0.658209 0.007370
vn -0.912900 -0.408001 0.012194
vn -0.475274 -0.879838 0.000438
vn -0.998397 -0.055259 0.012235
vn -0.996516 -0.081015 0.019804
vn -0.998266 -0.055806 0.018704
vn -0.986576 -0.162664 0.014461
vn -0.996681 -0.080636 0.011177
vn -0.997935 -0.063307 0.010857
vn -0.796798 -0.604227 0.004877
vn -0.068527 -0.997649 0.000395
vn -0.696196 -0.717821 0.006633
vn -0.217646 -0.976013 0.005342
vn -0.023005 -0.999651 -0.012945
vn -0.050627 -0.998703 -0.005489
vn -0.033433 -0.999426 -0.005428
vn -0.841192 -0.540608 0.011783
vn -0.227040 -0.973885 -0.000330
vn -0.936773 -0.349532 0.016864
vn -0.080044 -0.996789 0.002068
vn -0.502637 -0.864453 0.008781
vn -0.055956 -0.998431 -0.002044
vn -0.050130 -0.998742 -0.000829
vn -0.059819 -0.998208 -0.001866
vn -0.031559 -0.999483 -0.006131
vn -0.037902 -0.999281 0.000694
vn -0.042311 -0.999102 -0.002045
vn -0.044032 -0.999014 -0.005694
vn -0.072294 -0.997342 -0.009106
vn -0.099136 -0.994998 -0.012269
vn -0.034743 -0.999396 0.000245
vn -0.033787 -0.999426 -0.002239
vn -0.002222 0.568066 -0.822980
vn -0.007926 0.408421 -0.912759
vn 0.006938 0.890700 -0.454539
vn 0.008008 0.870722 -0.491710
vn -0.005311 0.443826 -0.896097
vn 0.009675 0.996589 -0.081956
vn 0.008677 0.893737 -0.448508
vn -0.003887 0.401932 -0.915661
vn -0.009559 0.335835 -0.941872
vn -0.005985 0.597635 -0.801746
vn 0.028454 0.015322 -0.999478
vn 0.014091 -0.017245 -0.999752
vn -0.018318 -0.006989 -0.999808
vn -0.019753 0.022623 -0.999549
vn -0.000360 0.691700 -0.722185
vn 0.014168 0.993455 -0.113337
vn 0.000035 -0.013894 -0.999904
vn -0.007219 -0.014781 -0.999865
vn -0.014475 0.053017 -0.998489
vn -0.009579 0.014117 -0.999855
vn 0.016921 0.998174 -0.057976
vn 0.001252 -0.010321 -0.999946
vn 0.235208 0.141317 -0.961617
vn 0.230542 -0.310462 -0.922206
vn 0.005942 -0.031371 -0.999490
vn 0.487226 -0.515467 -0.704915
vn 0.166980 -0.115800 -0.979136
vn 0.480802 -0.439875 -0.758511
vn 0.569423 -0.527132 -0.630785
vn 0.482753 -0.541385 -0.688369
vn 0.236898 -0.385238 -0.891892
vn 0.008542 0.033687 -0.999396
vn -0.019224 0.049856 -0.998571
vn -0.032549 -0.028411 -0.999066
vn 0.006073 -0.075801 -0.997104
vn -0.029094 0.004030 -0.999569
vn -0.014439 0.038283 -0.999163
vn -0.063150 0.067455 -0.995722
vn -0.042661 0.029639 -0.998650
vn -0.011141 0.025563 -0.999611
vn -0.013433 0.038545 -0.999167
vn -0.019829 -0.017272 -0.999654
vn -0.023373 0.010090 -0.999676
vn -0.199426 0.141879 -0.969587
vn -0.156977 0.123191 -0.979889
vn -0.137452 0.075202 -0.987650
vn -0.025342 0.011570 -0.999612
vn -0.020722 0.022771 -0.999526
vn -0.014661 -0.018754 -0.999717
vn -0.045755 0.000268 -0.998953
vn -0.144210 0.099583 -0.984524
vn -0.077531 0.048995 -0.995785
vn -0.022616 0.017124 -0.999598
vn 0.001340 0.003014 -0.999995
vn -0.023671 -0.010985 -0.999659
vn -0.017065 -0.004804 -0.999843
vn 0.032706 0.000533 -0.999465
vn 0.057927 0.002949 -0.998317
vn 0.364858 0.005496 -0.931047
vn -0.031087 0.025172 -0.999200
vn -0.007908 0.022580 -0.999714
vn -0.026885 0.019453 -0.999449
vn -0.030462 0.006030 -0.999518
vn -0.042772 -0.037836 -0.998368
vn -0.049480 -0.071089 -0.996242
vn -0.018693 -0.375388 -0.926679
vn -0.008728 -0.038673 -0.999214
vn -0.016312 -0.213856 -0.976729
vn -0.014027 -0.517876 -0.855341
vn -0.016902 -0.369862 -0.928933
vn -0.020675 -0.882199 -0.470422
vn -0.018556 0.006288 -0.999808
vn -0.036464 -0.012189 -0.999261
vn -0.034432 0.003492 -0.999401
vn -0.014280 0.007212 -0.999872
vn -0.014064 -0.996457 -0.082920
vn -0.010291 -0.999198 -0.038706
vn -0.004890 0.001879 -0.999986
vn -0.001323 0.001568 -0.999998
vn 0.094834 -0.085363 -0.991826
vn 0.062039 -0.131464 -0.989378
vn -0.000217 -0.315169 -0.949035
vn -0.018845 -0.813667 -0.581025
vn -0.012116 -0.710452 -0.703641
vn 0.098423 -0.122946 -0.987521
vn 0.012595 -0.044480 -0.998931
vn -0.011224 -0.995540 -0.093666
vn 0.996853 0.002968 -0.079219
vn 0.750481 0.007598 -0.660849
vn 0.849454 0.009462 -0.527577
vn 0.034124 0.005700 -0.999401
vn 0.392742 0.003505 -0.919642
vn 0.641181 0.003906 -0.767380
vn 0.260644 0.002532 -0.965432
vn 0.211570 0.002567 -0.977359
vn 0.996811 0.003924 -0.079701
vn 0.999752 0.012037 -0.018732
vn 0.922062 -0.004484 -0.387015
vn 0.110483 -0.154353 -0.981819
vn -0.022235 -0.118419 -0.992715
vn -0.169390 -0.165174 -0.971609
vn -0.004978 -0.010521 -0.999932
vn -0.003309 0.010911 -0.999935
vn -0.008763 -0.054143 -0.998495
vn -0.020529 -0.079936 -0.996589
vn 0.000443 -0.565352 -0.824849
vn 0.032140 -0.700976 -0.712460
vn -0.041282 -0.999095 0.010287
vn -0.011758 -0.906067 -0.422970
vn -0.004003 -0.999634 -0.026742
vn -0.027585 -0.999246 -0.027310
vn 0.468489 -0.032773 -0.882861
vn -0.004264 -0.999393 -0.034587
vn 0.006994 -0.992917 -0.118605
vn 0.033229 -0.999281 -0.018248
vn 0.006534 -0.999749 -0.021446
vn 0.040112 -0.999180 -0.005423
vn 0.935040 -0.075121 -0.346493
vn 0.999931 -0.011736 0.000523
vn 0.998653 -0.040208 -0.032785
vn 0.801977 -0.177800 -0.570280
vn 0.515174 -0.320983 -0.794711
vn 0.912728 -0.345726 -0.217719
vn 0.274535 -0.637343 -0.720017
vn 0.329265 -0.923745 -0.195652
vn 0.740397 -0.671103 -0.037848
vn 0.387434 -0.921776 -0.014974
vn 0.086924 -0.993815 -0.069109
vn 0.928061 -0.372426 -0.000900
vn 0.995596 -0.093744 -0.000441
vn 0.545289 -0.838160 -0.012138
vn 0.017505 0.988183 -0.152273
vn 0.038204 0.998302 -0.043971
vn 0.028630 0.999241 -0.026415
vn -0.006413 0.553000 -0.833157
vn 0.063257 0.997946 -0.010088
vn 0.008056 0.779647 -0.626167
vn 0.047663 0.933521 -0.355340
vn 0.117104 0.992866 0.022459
vn -0.022353 0.183131 -0.982834
vn 0.094354 0.995529 0.004383
vn 0.100791 0.994903 -0.003068
vn 0.217965 0.965533 -0.142259
vn 0.627946 0.736342 -0.251960
vn 0.083463 0.519956 -0.850106
vn 0.579269 0.314691 -0.751942
vn 0.025333 0.018673 -0.999505
vn -0.005062 0.016933 -0.999844
vn -0.045486 0.024032 -0.998676
vn 0.769788 0.634888 -0.065905
vn 0.353959 0.935208 0.009909
vn 0.996453 0.021611 -0.081329
vn 0.966487 0.188780 -0.173967
vn 0.818237 0.025165 -0.574330
vn 0.151477 0.988178 0.023648
vn 0.416713 0.909028 -0.004257
vn 0.226675 0.973960 0.004410
vn 0.771389 0.636156 -0.016230
vn 0.900154 0.435566 -0.002130
vn 0.494728 0.869036 -0.004549
vn 0.999614 0.027177 -0.005751
vn 0.990539 0.136896 -0.009589
vn 0.164390 0.986390 -0.003203
vn 0.152691 0.988263 -0.004552
vn 0.364417 0.931235 0.000813
vn 0.000710 0.999791 -0.020433
vn 0.018055 0.999653 -0.019198
vn 0.013515 0.999770 -0.016633
vn 0.018136 0.999715 -0.015547
vn 0.014390 0.999621 -0.023479
vn -0.000682 0.999956 -0.009356
vn 0.012757 0.999859 -0.010927
vn -0.008189 0.999957 0.004373
vn 0.008328 0.999746 0.020937
vn 0.016905 0.999366 -0.031344
vn -0.003267 0.999917 -0.012432
vn 0.005536 0.999967 -0.005856
vn 0.011955 0.999846 -0.012826
vn 0.016678 0.999610 -0.022388
vn 0.021915 0.999585 -0.018706
vn 0.035457 0.998397 -0.044113
vn 0.011606 0.999896 0.008533
vn -0.008408 0.999894 -0.011887
vn 0.011638 0.999893 -0.008797
vn 0.032315 0.999412 -0.011431
vn 0.033825 0.999371 -0.010646
vn 0.016652 0.999726 -0.016455
vn 0.051984 0.998602 -0.009579
vn 0.062679 0.998021 -0.005039
vn 0.085312 0.996348 -0.003665
vn 0.061940 0.998042 -0.008650
vn 0.892655 0.010616 -0.450616
vn 0.371880 0.001400 -0.928280
vn 0.374253 -0.004902 -0.927314
vn 0.995008 0.012585 -0.099001
vn 0.737959 0.007887 -0.674799
vn 0.996089 0.007014 -0.088072
vn 0.831199 0.007022 -0.555931
vn 0.999506 0.013995 -0.028124
vn 0.999597 0.019462 -0.020639
vn 0.999422 0.013397 -0.031247
vn 0.999039 0.028101 -0.033633
vn 0.998797 0.048362 -0.008097
vn 0.999950 0.001516 -0.009826
vn 0.999451 0.006875 -0.032412
vn 0.999740 0.003866 -0.022481
vn 0.999443 -0.022539 -0.024603
vn 0.999294 0.027984 -0.025071
vn 0.999600 -0.013668 -0.024754
vn 0.999597 0.015248 -0.023942
vn 0.999497 0.004842 -0.031324
vn 0.999776 -0.005290 -0.020504
vn 0.999417 0.026108 -0.021986
vn 0.181012 0.983461 -0.006324
vn 0.524941 0.851102 -0.007875
vn 0.880530 0.473903 -0.009097
vn 0.996769 0.079045 -0.014263
vn 0.990390 0.137724 -0.012615
vn 0.998774 0.047865 -0.012636
vn 0.549696 0.835338 -0.006619
vn 0.997616 0.068770 -0.005714
vn 0.995274 0.097105 0.000586
vn 0.999528 0.030387 -0.004581
vn 0.998574 0.051267 -0.014861
vn 0.999616 0.019930 -0.019246
vn 0.999447 0.027216 -0.019115
vn 0.996518 0.080245 -0.022646
vn 0.999373 0.032162 -0.014824
vn 0.998720 0.046733 -0.019338
vn 0.999642 0.021084 -0.016451
vn 0.999519 0.024898 -0.018476
vn 0.999532 0.027804 -0.012724
vn 0.999086 0.040343 -0.014087
vn 0.998306 0.055744 -0.016636
vn 0.998060 0.060157 -0.016015
vn 0.999355 0.031736 -0.016817
vn 0.998764 0.048862 -0.009119
vn 0.998129 0.058550 -0.017645
vn 0.999626 0.026983 -0.004494
vn 0.998739 0.048385 -0.013359
vn 0.998242 0.054473 -0.023359
vn 0.999632 0.021693 -0.016318
vn 0.999381 0.027446 -0.022014
vn 0.999409 -0.027162 -0.021060
vn 0.999551 0.017574 -0.024266
vn 0.999755 0.014000 -0.017145
vn 0.999629 0.015148 -0.022623
vn 0.999622 0.021317 -0.017342
vn 0.999746 0.015028 -0.016798
vn 0.998434 0.044774 -0.033524
vn 0.999542 0.025888 -0.015634
vn 0.999712 0.017174 -0.016789
vn 0.999488 0.004090 -0.031738
vn 0.999590 0.026474 -0.010893
vn 0.999612 0.012023 -0.025121
vn 0.999866 0.009430 -0.013397
vn 0.999726 0.015204 -0.017808
vn 0.999826 -0.007124 -0.017221
vn 0.999779 0.002268 -0.020917
vn 0.999800 -0.007400 -0.018569
vn 0.999863 -0.002715 -0.016350
vn 0.999658 -0.019069 -0.017888
vn 0.999833 -0.005644 -0.017384
vn 0.999355 -0.021187 -0.028975
vn 0.999426 -0.028319 -0.018591
vn 0.022536 0.999630 -0.015207
vn 0.015069 0.999841 -0.009530
vn 0.000763 0.999617 -0.027651
vn -0.005509 0.999885 -0.014110
vn 0.025854 0.999535 -0.016198
vn 0.014410 0.999247 -0.036009
vn 0.033551 0.999359 -0.012466
vn -0.011631 0.999932 -0.001163
vn -0.009072 0.999654 -0.024707
vn 0.021278 0.999709 -0.011372
vn 0.030086 0.999538 0.004215
vn 0.032673 0.999104 -0.026915
vn 0.003909 0.999956 0.008555
vn 0.016233 0.999523 -0.026279
vn 0.015954 0.999809 -0.011284
vn 0.027735 0.999600 -0.005498
vn 0.024390 0.999683 -0.006265
vn 0.028365 0.999539 -0.010862
vn 0.030269 0.999494 -0.009769
vn 0.036517 0.999297 -0.008491
vn 0.045125 0.998960 -0.006501
vn 0.062581 0.998026 -0.005328
vn 0.007379 0.999717 -0.022617
vn -0.010752 0.999872 -0.011842
vn 0.032782 0.999416 -0.009655
vn 0.026046 0.999658 -0.002180
vn 0.046075 0.998932 -0.003424
vn 0.041638 0.999132 -0.000784
vn 0.043813 0.999024 -0.005684
vn 0.059688 0.998194 -0.006754
vn 0.086025 0.996292 -0.001617
vn 0.084174 0.996433 -0.006002
vn 0.604195 0.796741 -0.012324
vn 0.998345 0.055157 -0.016255
vn 0.094143 0.995558 -0.000675
vn 0.142132 0.989846 -0.001738
vn 0.369856 0.929086 -0.002272
vn 0.811744 0.583752 -0.017465
vn 0.998151 0.058949 -0.014815
vn 0.927105 0.374389 -0.017580
vn 0.958432 0.285249 -0.006435
vn 0.322160 0.946681 -0.002895
vn 0.223781 0.974637 -0.002361
vn 0.623720 0.781643 0.002705
vn 0.997631 0.066740 -0.016660
vn 0.997693 0.066006 -0.015856
vn 0.998687 0.049416 -0.013468
vn 0.998308 0.050954 -0.028029
vn 0.998185 0.052090 -0.030233
vn 0.999936 0.005370 -0.009927
vn 0.998934 0.046160 -0.000287
vn 0.999637 0.023314 -0.013503
vn 0.999839 0.011573 -0.013689
vn 0.999755 0.020293 -0.008853
vn 0.999467 0.028129 -0.016558
vn 0.998739 0.037424 -0.033453
vn 0.999809 -0.002066 -0.019436
vn 0.999588 0.028177 -0.005396
vn 0.999509 0.026748 -0.016301
vn 0.999592 0.020912 -0.019468
vn 0.192153 0.981356 -0.004123
vn 0.342252 0.939606 0.001904
vn 0.898993 0.437752 -0.013602
vn 0.638951 0.768913 -0.022678
vn 0.996941 0.076495 -0.016041
vn 0.117474 0.993070 -0.003264
vn 0.567231 0.823549 0.003931
vn 0.479914 0.877193 -0.014663
vn 0.436587 0.899602 -0.010361
vn 0.959677 0.280989 -0.008117
vn 0.979307 0.202354 -0.003326
vn 0.988769 0.149313 -0.006435
vn 0.601956 0.798486 0.008300
vn 0.997303 0.072272 -0.012790
vn 0.999243 0.037303 -0.010993
vn 0.999361 0.031903 -0.016140
vn 0.998997 0.042899 -0.012838
vn 0.999000 0.043862 -0.008625
vn 0.998808 0.048235 -0.007523
vn 0.999890 0.001015 -0.014764
vn 0.999997 -0.001933 -0.001247
vn 0.999892 -0.001701 -0.014627
vn 0.999853 -0.008433 -0.014896
vn 0.999836 -0.005678 -0.017184
vn 0.999954 0.002125 -0.009365
vn 0.999879 0.007276 -0.013722
vn 0.999274 0.008723 -0.037092
vn 0.999773 0.002006 -0.021224
vn 0.999575 -0.006321 -0.028457
vn 0.999723 -0.018237 -0.014861
vn 0.999599 -0.025857 -0.011524
vn 0.999153 -0.040406 -0.007833
vn 0.999520 0.029348 -0.009875
vn 0.999636 0.026047 -0.007077
vn 0.999531 0.026258 -0.015744
vn 0.999889 0.000305 -0.014881
vn 0.999319 -0.004224 -0.036652
vn 0.999878 0.015372 0.002619
vn 0.996836 0.027389 -0.074621
vn 0.999856 0.012869 -0.011086
vn 0.999864 0.009515 -0.013469
vn 0.999935 0.000459 -0.011367
vn 0.999943 0.000595 -0.010602
vn 0.999463 -0.003884 -0.032539
vn 0.999645 -0.005694 -0.026029
vn 0.999996 0.001488 0.002505
vn 0.999970 0.004255 -0.006455
vn 0.999772 0.006147 -0.020433
vn 0.999950 -0.002609 -0.009654
vn 0.999896 -0.012630 -0.006903
vn 0.999920 0.004373 -0.011864
vn 0.999595 -0.025158 -0.013264
vn 0.999650 -0.024570 -0.009771
vn 0.999800 -0.018142 -0.008434
vn 0.999919 -0.010720 -0.006920
vn 0.999537 -0.004153 -0.030126
vn 0.999802 -0.010445 -0.016926
vn 0.999787 -0.001043 -0.020625
vn 0.999822 -0.008256 -0.016987
vn 0.999755 -0.012573 -0.018193
vn 0.999468 -0.030968 -0.010230
vn 0.053248 -0.998511 -0.011843
vn 0.600431 -0.799626 0.008959
vn 0.295061 -0.955469 -0.004308
vn 0.936629 -0.350240 -0.007626
vn 0.984955 -0.172530 -0.009806
vn 0.998567 -0.053103 -0.006586
vn 0.602690 -0.797866 -0.013204
vn 0.960209 -0.279178 0.007603
vn 0.806692 -0.590962 0.003294
vn 0.107932 -0.994136 -0.006611
vn 0.550679 -0.834695 -0.006009
vn 0.950817 -0.309607 -0.009538
vn 0.964297 -0.264682 -0.008639
vn 0.082677 -0.996555 -0.006537
vn 0.999702 -0.021083 -0.012261
vn 0.962100 -0.272669 -0.004009
vn 0.766560 -0.641941 -0.017222
vn 0.570498 -0.821298 0.001344
vn 0.998537 -0.051625 -0.016048
vn -0.012812 -0.021802 -0.999680
vn -0.018276 -0.586342 -0.809858
vn -0.013301 -0.997984 -0.062059
vn -0.011892 -0.993137 -0.116348
vn -0.010776 -0.860234 -0.509785
vn -0.018424 -0.999206 -0.035330
vn -0.014768 -0.998975 -0.042783
vn -0.013437 -0.995115 -0.097803
vn -0.016506 -0.570935 -0.820829
vn -0.014109 -0.464167 -0.885635
vn -0.011076 -0.073993 -0.997197
vn -0.007013 -0.029470 -0.999541
vn -0.017940 -0.759251 -0.650550
vn -0.017145 -0.998801 -0.045850
vn -0.017193 -0.993472 -0.112772
vn -0.015399 -0.998375 -0.054867
vn -0.016551 -0.997641 -0.066623
vn -0.004671 -0.999343 -0.035954
vn -0.015357 -0.999347 -0.032720
vn -0.010515 -0.999032 -0.042714
vn -0.020541 -0.999282 -0.031842
vn -0.012617 -0.998885 -0.045496
vn -0.015597 -0.998828 -0.045811
vn -0.008549 -0.998784 -0.048555
vn -0.013059 -0.999217 -0.037350
vn -0.008283 -0.999382 -0.034175
vn -0.016029 -0.851824 -0.523582
vn -0.018153 -0.882107 -0.470699
vn -0.012695 -0.999699 -0.020989
vn -0.010774 -0.999595 -0.026352
vn -0.001711 -0.999765 -0.021612
vn -0.011682 -0.999660 -0.023288
vn -0.017011 -0.999852 -0.002469
vn -0.029017 -0.999511 -0.011672
vn -0.016118 -0.999806 -0.011357
vn -0.000200 -0.999956 -0.009412
vn 0.007030 -0.999946 -0.007622
vn 0.002856 -0.999995 0.001283
vn 0.014401 -0.999841 -0.010520
vn 0.002548 -0.999995 -0.001586
vn 0.028396 -0.999552 -0.009453
vn 0.016958 -0.999838 -0.006042
vn 0.036035 -0.999349 -0.001435
vn 0.038303 -0.999250 0.005607
vn 0.028469 -0.999595 -0.000345
vn 0.058244 -0.998300 0.002119
vn -0.005164 -0.999910 -0.012377
vn -0.012425 -0.999757 -0.018230
vn -0.008723 -0.999789 -0.018597
vn -0.013840 -0.999891 -0.005217
vn -0.010191 -0.999938 -0.004565
vn -0.004918 -0.999780 -0.020369
vn -0.001872 -0.999950 -0.009837
vn -0.003330 -0.999978 -0.005720
vn 0.012320 -0.999856 -0.011627
vn 0.006373 -0.999979 -0.001056
vn 0.055202 -0.996995 -0.054339
vn 0.007732 -0.999938 -0.008003
vn -0.001708 -0.999951 0.009783
vn 0.012713 -0.999901 -0.006106
vn 0.013287 -0.999906 -0.003335
vn -0.022698 -0.999719 0.006817
vn 0.014430 -0.999895 -0.001044
vn -0.001122 -0.999985 -0.005280
vn -0.007935 -0.999558 -0.028641
vn 0.013129 -0.999910 0.002903
vn 0.018199 -0.999831 0.002667
vn 0.009573 -0.999941 -0.005170
vn 0.002936 -0.999993 0.002291
vn -0.000405 -0.999990 -0.004371
vn -0.007069 -0.999932 -0.009256
vn 0.007569 -0.999958 -0.005187
vn 0.008228 -0.999966 0.000240
vn 0.017028 -0.999834 -0.006397
vn 0.026728 -0.999606 -0.008527
vn 0.021551 -0.999757 -0.004710
vn 0.013462 -0.999456 -0.030092
vn 0.030200 -0.999463 -0.012681
vn 0.005205 -0.999984 0.002347
vn 0.004699 -0.999973 -0.005649
vn 0.007379 -0.999959 -0.005260
vn 0.016037 -0.999871 0.000843
vn 0.014962 -0.999867 -0.006495
vn 0.017719 -0.999843 0.000663
vn -0.007408 -0.999906 0.011491
vn 0.014448 -0.999878 -0.005906
vn -0.029688 -0.999551 0.004015
vn -0.008299 -0.999965 -0.000151
vn 0.018133 -0.999785 -0.010054
vn 0.016373 -0.999855 -0.004673
vn 0.014482 -0.999893 -0.002209
vn -0.009589 -0.999944 -0.004512
vn -0.003478 -0.999992 -0.002178
vn -0.002042 -0.999987 -0.004639
vn -0.004355 -0.999990 0.000682
vn -0.000640 -0.999987 -0.005097
vn 0.023330 -0.999605 -0.015691
vn 0.009661 -0.999946 -0.003750
vn 0.031847 -0.999493 -0.000009
vn 0.061081 -0.998129 -0.002870
vn 0.558667 -0.829341 -0.009206
vn 0.393526 -0.919308 -0.003225
vn 0.954832 -0.296832 -0.013675
vn 0.783040 -0.621846 -0.012481
vn 0.422719 -0.906232 -0.007227
vn 0.037139 -0.999303 0.003859
vn 0.051405 -0.998673 0.003155
vn 0.930970 -0.364662 -0.017763
vn 0.045882 -0.998947 -0.000612
vn 0.009780 -0.999928 -0.006906
vn 0.066474 -0.997526 -0.022865
vn 0.037427 -0.999297 -0.002111
vn 0.036719 -0.999325 -0.000551
vn 0.736441 -0.676478 0.005665
vn 0.999003 -0.042440 -0.013838
vn 0.453676 -0.891150 -0.005460
vn 0.131852 -0.991262 -0.003718
vn 0.893946 -0.448104 -0.007929
vn 0.923710 -0.383020 -0.007498
vn 0.998814 -0.047913 -0.008699
vn 0.914964 -0.403456 -0.008040
vn 0.999030 -0.043037 -0.009295
vn 0.527332 -0.849628 -0.007349
vn 0.047957 -0.998839 -0.004587
vn 0.043511 -0.999042 0.004694
vn 0.033451 -0.999439 -0.001549
vn 0.410045 -0.911171 -0.040379
vn 0.510370 -0.859238 -0.035115
vn 0.234851 -0.971879 -0.017209
vn 0.998186 -0.058237 -0.015245
vn 0.875771 -0.482724 -0.001507
vn 0.780997 -0.624217 -0.019928
vn 0.452680 -0.890192 0.051366
vn 0.971521 -0.236061 -0.020545
vn 0.835616 -0.549146 -0.013570
vn 0.585131 -0.810908 -0.007064
vn 0.057389 -0.998339 0.005036
vn 0.901752 -0.432095 -0.011684
vn 0.922493 -0.386001 -0.003201
vn 0.417706 -0.908575 -0.003533
vn -0.870771 0.491478 0.014358
vn -0.816075 0.577865 0.009721
vn -0.166601 0.985920 0.014350
vn -0.997976 0.061030 0.017845
vn -0.999770 0.006173 0.020531
vn -0.918899 0.393996 0.019782
vn -0.069746 0.997507 0.010701
vn -0.820387 0.571639 0.013940
vn -0.152101 0.988365 -0.000356
vn -0.993522 0.112555 0.015648
vn -0.096443 0.995331 0.003953
vn -0.035810 0.999359 0.000384
vn -0.701691 0.712457 0.005907
vn -0.997645 0.066018 0.018617
vn -0.693414 0.720428 0.012646
vn -0.674961 0.737577 0.020178
vn -0.123644 0.992327 0.000385
vn -0.999844 0.007339 0.016036
vn -0.999863 -0.004476 0.015905
vn -0.790308 0.612568 0.013168
vn -0.107088 0.994245 -0.003033
vn -0.999856 0.002260 0.016838
vn -0.006296 0.999980 0.000920
vn -0.013459 0.999804 0.014515
vn -0.126418 0.991964 0.004999
vn -0.604530 0.796540 0.008156
vn -0.694119 0.719769 0.011443
vn -0.066723 0.997770 -0.001719
vn -0.049471 0.998771 0.003019
vn -0.043333 0.999049 0.004852
vn -0.070406 0.997419 0.014051
vn -0.050832 0.998707 -0.000849
vn -0.058959 0.998248 0.004915
vn -0.031470 0.999484 -0.006503
vn -0.034232 0.999403 0.004577
vn -0.050085 0.998639 -0.014549
vn -0.042664 0.999076 0.005159
vn -0.053413 0.998538 0.008344
vn -0.050808 0.998708 -0.000011
vn -0.042181 0.999108 -0.001981
vn -0.047338 0.998879 -0.000027
vn -0.044904 0.998984 -0.003867
vn -0.053832 0.998548 0.002133
vn -0.043403 0.999057 -0.000586
vn -0.049339 0.998781 -0.001367
vn -0.047834 0.998809 -0.009569
vn -0.044900 0.998989 0.002349
vn -0.056049 0.998076 0.026522
vn -0.048161 0.998804 0.008382
vn -0.042410 0.999085 0.005543
vn -0.042946 0.999067 0.004525
vn -0.036883 0.999314 0.003238
vn -0.010658 0.999934 0.004273
vn -0.029462 0.999510 -0.010559
vn -0.029244 0.999572 -0.000757
vn -0.010423 0.999914 0.007939
vn -0.021745 0.999146 0.035134
vn -0.024047 0.999711 0.000705
vn -0.009374 0.999746 -0.020481
vn -0.002034 0.999971 -0.007365
vn -0.053970 0.998537 -0.003314
vn -0.006461 0.999826 -0.017513
vn 0.002068 0.997174 0.075104
vn -0.026787 0.999639 0.002112
vn -0.027270 0.999096 -0.032613
vn -0.016933 0.999700 -0.017720
vn -0.037985 0.999278 0.000944
vn 0.049059 0.995192 -0.084770
vn 0.003360 0.999481 -0.032027
vn -0.005404 0.999670 -0.025128
vn -0.066753 0.996006 -0.059296
vn -0.012749 0.999702 0.020832
vn -0.044432 0.998989 0.006858
vn -0.101490 0.993941 0.042191
vn -0.036614 0.999304 0.007096
vn -0.030266 0.999516 -0.007179
vn -0.018128 0.999803 -0.008089
vn -0.033578 0.999339 -0.013947
vn -0.055775 0.998414 0.007631
vn -0.044807 0.998977 -0.006077
vn -0.108781 0.993984 -0.012750
vn -0.085669 0.996144 0.018935
vn -0.027189 0.999608 -0.006735
vn -0.000832 0.999988 0.004843
vn 0.029201 0.999572 -0.001588
vn 0.045083 0.998979 -0.002921
vn -0.056397 0.998394 0.005359
vn -0.076829 0.997014 0.007778
vn -0.037086 0.999311 0.001606
vn -0.031694 0.999498 0.000328
vn -0.048761 0.998810 0.000855
vn -0.063087 0.997998 0.004376
vn -0.041517 0.999118 0.006315
vn -0.055799 0.998410 0.007989
vn -0.012242 0.999925 -0.000759
vn -0.044642 0.998981 0.006589
vn -0.044055 0.998945 0.012971
vn -0.039027 0.999238 0.000896
vn -0.042309 0.999104 0.000916
vn -0.045082 0.998983 -0.000450
vn -0.034966 0.999374 0.005338
vn -0.043737 0.998905 0.016592
vn -0.048583 0.998719 0.014146
vn -0.055246 0.998237 0.021703
vn -0.030206 0.999540 0.002611
vn -0.025332 0.999676 -0.002313
vn -0.030938 0.999455 -0.011477
vn -0.023668 0.999719 0.001191
vn -0.021371 0.999771 0.001401
vn -0.059283 0.998240 -0.001301
vn -0.069795 0.997560 -0.001362
vn -0.026690 0.999589 0.010481
vn -0.024321 0.999704 0.000086
vn -0.017752 0.999834 0.003979
vn -0.031093 0.999507 0.004330
vn -0.030663 0.999467 0.011195
vn -0.025040 0.999685 0.001800
vn -0.006921 0.999929 0.009734
vn -0.023525 0.999694 0.007656
vn -0.030412 0.999537 0.000855
vn -0.028729 0.999586 0.001712
vn -0.022701 0.999691 0.010098
vn -0.014626 0.999891 0.002228
vn -0.028700 0.999582 0.003406
vn -0.018508 0.999735 0.013693
vn -0.024043 0.999650 0.011047
vn -0.048981 0.998800 0.000220
vn -0.049316 0.998718 -0.011388
vn -0.048447 0.998812 -0.005238
vn -0.040546 0.999081 -0.013884
vn -0.071420 0.997446 -0.000901
vn -0.050763 0.998691 -0.006329
vn -0.041662 0.998997 0.016393
vn -0.029398 0.999552 0.005551
vn -0.032033 0.999459 0.007465
vn -0.027999 0.999594 0.005289
vn -0.086881 0.996002 -0.020776
vn -0.041983 0.999041 -0.012390
vn -0.051950 0.998609 0.009037
vn -0.051999 0.998581 -0.011444
vn -0.059304 0.998172 -0.011614
vn -0.051751 0.998637 -0.006734
vn -0.040719 0.999157 -0.005306
vn -0.043333 0.998868 -0.019599
vn -0.040362 0.999133 -0.010192
vn -0.038963 0.999229 0.004910
vn -0.029548 0.999559 -0.003003
vn -0.029994 0.999495 -0.010515
vn -0.017681 0.999828 -0.005559
vn -0.029658 0.999560 0.000443
vn -0.036214 0.999172 0.018516
vn -0.055342 0.998466 0.001460
vn -0.014809 0.999889 0.001592
vn -0.034652 0.999387 -0.005068
vn -0.004990 0.999972 0.005564
vn -0.032376 0.999473 0.002491
vn -0.020359 0.999792 0.000681
vn -0.029791 0.999555 -0.001430
vn -0.032603 0.999462 -0.003429
vn -0.018544 0.999827 -0.001198
vn -0.014997 0.999873 0.005468
vn -0.022639 0.999660 0.012964
vn -0.029812 0.999538 -0.005830
vn -0.028871 0.999583 -0.000971
vn -0.004547 0.999986 0.002681
vn 0.004895 0.999977 0.004621
vn 0.013149 0.999913 0.000884
vn 0.022949 0.999732 0.002966
vn 0.034583 0.999398 0.002738
vn 0.047670 0.998862 -0.001189
vn 0.022791 0.999739 -0.001624
vn 0.048428 0.998825 0.001790
vn -0.023367 0.999726 -0.001061
vn -0.039476 0.998794 -0.029192
vn -0.010970 0.999926 0.005211
vn -0.008697 0.999914 0.009842
vn 0.007948 0.999668 0.024504
vn 0.013740 0.997632 0.067395
vn 0.014804 0.992566 0.120807
vn 0.026614 0.549697 0.834940
vn 0.019637 0.973410 0.228228
vn 0.026003 0.747833 0.663377
vn 0.018003 0.990457 0.136640
vn 0.020649 0.978886 0.203361
vn 0.017110 0.995958 0.088177
vn 0.026844 0.832128 0.553933
vn 0.025720 0.612474 0.790072
vn 0.025788 0.672224 0.739899
vn 0.018861 0.142925 0.989554
vn 0.009751 0.097098 0.995227
vn 0.023734 0.991846 0.125215
vn 0.020782 0.185058 0.982508
vn 0.026299 0.997954 0.058280
vn 0.019553 0.998129 0.057932
vn 0.026085 0.989207 0.144183
vn 0.030305 0.895042 0.444952
vn 0.025900 0.299068 0.953880
vn 0.023968 0.981701 0.188915
vn 0.026231 0.782918 0.621572
vn 0.034406 0.998865 0.032938
vn 0.048922 0.998779 0.006848
vn 0.027250 0.999575 0.010299
vn 0.014824 0.989160 0.146094
vn 0.021725 0.996282 0.083363
vn 0.025823 0.884596 0.465643
vn 0.035347 0.980373 0.193957
vn 0.026320 0.495321 0.868311
vn 0.017233 0.056028 0.998280
vn 0.021900 0.032721 0.999225
vn 0.024062 0.090575 0.995599
vn 0.031814 0.997425 0.064279
vn 0.015667 0.912308 0.409204
vn 0.025962 0.019782 0.999467
vn 0.020646 0.101945 0.994576
vn 0.016050 0.405211 0.914082
vn -0.753981 0.656711 0.015618
vn -0.999077 0.029277 0.031427
vn -0.995749 0.090039 0.019404
vn -0.885419 0.464273 0.021974
vn -0.999108 -0.004793 0.041954
vn -0.792395 0.609870 0.012991
vn -0.745918 0.665921 0.012466
vn -0.096747 0.995299 -0.004371
vn -0.994791 0.090421 0.047057
vn -0.995569 -0.001609 0.094024
vn -0.995226 -0.012636 0.096779
vn -0.999148 -0.039401 0.012262
vn -0.998548 -0.052563 0.011771
vn -0.999095 -0.040068 0.014268
vn -0.996940 -0.077284 0.011760
vn -0.132210 -0.991214 0.003921
vn -0.855415 -0.517926 0.004257
vn -0.992033 -0.125613 0.009570
vn -0.878564 -0.477505 0.010646
vn -0.565016 -0.825069 0.004156
vn -0.756986 -0.653394 0.006886
vn -0.998990 -0.042010 0.015925
vn -0.949272 -0.314331 0.008918
vn -0.607601 -0.794242 0.001052
vn -0.678990 -0.734125 0.005759
vn -0.074149 -0.997242 0.003104
vn -0.954815 -0.297052 0.009355
vn -0.611778 -0.791005 0.006195
vn -0.100990 -0.994887 -0.000303
vn -0.019748 -0.999798 0.003716
vn -0.039309 -0.999226 0.001379
vn -0.026033 -0.999661 0.000398
vn -0.010327 -0.999946 0.000915
vn -0.057590 -0.998340 0.000217
vn -0.054534 -0.998511 0.000952
vn -0.026289 -0.999653 0.001739
vn -0.019328 -0.999806 0.003832
vn -0.999314 -0.027167 0.025147
vn -0.999754 -0.009897 0.019845
vn -0.999434 -0.029892 0.015437
vn -0.999025 -0.009015 0.043223
vn -0.999016 -0.034734 0.027565
vn -0.995594 -0.092505 0.015352
vn -0.995544 -0.093501 0.012218
vn -0.796907 -0.604047 0.008133
vn -0.306935 -0.951729 0.001824
vn -0.119673 -0.992813 -0.000326
vn -0.997848 -0.001105 0.065561
vn -0.996416 0.007424 0.084258
vn -0.997252 -0.010816 0.073284
vn -0.997736 -0.015178 0.065510
vn -0.991973 -0.004704 0.126366
vn -0.337083 0.019506 -0.941273
vn -0.899899 0.022233 -0.435530
vn -0.697746 -0.013020 -0.716227
vn -0.700097 -0.046578 -0.712527
vn -0.890544 -0.035007 0.453547
vn -0.980238 0.095618 0.173181
vn -0.364878 0.015483 0.930926
vn -0.965238 -0.073257 -0.250898
vn -0.332694 -0.021371 -0.942793
vn -0.242042 0.007116 -0.970240
vn -0.980236 -0.068588 0.185560
vn -0.836421 -0.064907 -0.544230
vn -0.993303 -0.101158 0.055819
vn -0.358597 -0.074549 0.930511
vn -0.987342 -0.111933 -0.112373
vn -0.245736 0.033089 -0.968772
vn -0.190760 0.119190 -0.974374
vn -0.242087 -0.007959 0.970222
vn -0.205729 -0.132387 0.969613
vn -0.084402 -0.008340 0.996397
vn -0.998916 -0.029000 0.036407
vn -0.998384 -0.054418 0.016342
vn -0.997227 -0.012430 0.073380
vn -0.698793 0.003655 0.715314
vn -0.986660 -0.003057 0.162767
vn -0.781528 -0.019502 0.623565
vn -0.900075 -0.187957 0.393112
vn -0.942166 -0.236941 0.237027
vn -0.964312 -0.003051 0.264750
vn -0.976584 -0.205281 -0.064371
vn -0.435163 -0.095072 -0.895318
vn -0.742357 -0.582866 -0.330415
vn -0.863398 -0.336486 -0.375926
vn -0.495379 -0.143618 0.856723
vn -0.805569 -0.554929 -0.207636
vn -0.941387 -0.336800 -0.018849
vn -0.075300 -0.006787 0.997138
vn -0.958337 -0.070013 0.276927
vn -0.451573 -0.074436 0.889124
vn -0.984226 0.035053 -0.173409
vn -0.926312 0.021321 0.376153
vn -0.891623 0.053408 0.449617
vn -0.992254 0.088570 -0.087105
vn -0.243803 -0.005009 0.969812
vn -0.426068 -0.018973 0.904492
vn -0.017722 -0.020368 0.999636
vn -0.992879 -0.008795 0.118803
vn -0.784222 0.009304 0.620411
vn -0.948784 0.062966 0.309588
vn -0.913710 0.052234 0.402997
vn -0.862194 0.031356 0.505606
vn -0.778870 0.004072 0.627172
vn -0.021426 -0.067827 0.997467
vn -0.952364 0.070620 0.296674
vn -0.994367 0.042438 -0.097129
vn -0.450841 -0.002860 0.892600
vn -0.030165 -0.021004 0.999324
vn -0.025056 -0.033406 0.999128
vn -0.045114 -0.998977 0.003113
vn -0.040919 -0.999162 0.001073
vn -0.030497 -0.999534 -0.000914
vn -0.013559 -0.999901 -0.003733
vn -0.031526 -0.999502 0.000982
vn -0.063306 -0.997993 0.001312
vn -0.020018 -0.999751 0.009868
vn -0.020796 -0.999744 -0.008880
vn -0.019904 -0.999735 0.011591
vn -0.025241 -0.999681 0.000499
vn -0.030917 -0.999313 0.020441
vn -0.018954 -0.999765 0.010497
vn -0.010558 -0.999933 0.004769
vn 0.006732 -0.999977 0.000704
vn -0.028989 -0.999497 0.012833
vn -0.022109 -0.999718 0.008713
vn -0.027593 -0.999595 0.007014
vn -0.035144 -0.999380 0.002058
vn 0.012808 -0.999905 0.005047
vn -0.013134 -0.999833 0.012736
vn -0.009619 -0.999853 0.014216
vn -0.004483 -0.999593 0.028170
vn -0.004588 -0.999905 0.013004
vn 0.001223 -0.999932 0.011601
vn -0.006438 -0.999977 0.001843
vn -0.006508 -0.999836 0.016897
vn -0.018203 -0.999642 0.019597
vn -0.072056 -0.997361 -0.008897
vn -0.006104 -0.999967 0.005405
vn 0.015672 -0.999809 0.011662
vn 0.001065 -0.999723 0.023511
vn -0.021520 -0.999417 0.026491
vn -0.012093 -0.999836 0.013500
vn -0.019647 -0.999375 0.029383
vn -0.022296 -0.999442 0.024878
vn 0.013866 -0.999707 0.019843
vn -0.017924 -0.999168 0.036648
vn -0.028471 -0.999595 -0.000171
vn -0.009792 -0.999790 0.017972
vn -0.002176 -0.999704 0.024248
vn -0.005269 -0.999908 0.012467
vn -0.018162 -0.999454 0.027590
vn -0.043252 -0.999036 0.007553
vn -0.018017 -0.999492 0.026276
vn 0.005871 -0.999682 0.024503
vn -0.001476 -0.999309 0.037134
vn -0.053552 -0.998554 0.004764
vn -0.032044 -0.999166 0.025288
vn -0.003950 -0.996113 0.087990
vn -0.002706 -0.998909 0.046615
vn -0.003872 -0.999470 0.032319
vn -0.020977 -0.999460 0.025281
vn -0.000363 -0.999724 0.023473
vn -0.008188 -0.999851 0.015193
vn -0.002584 -0.999780 0.020821
vn -0.005885 -0.999395 0.034286
vn -0.021063 -0.999768 0.004562
vn -0.008286 -0.999867 0.014061
vn 0.000226 -0.999496 0.031736
vn -0.002409 -0.999226 0.039267
vn -0.002506 -0.995274 0.097075
vn -0.000270 -0.995707 0.092566
vn -0.001352 -0.998628 0.052338
vn -0.001733 -0.999189 0.040220
vn 0.004430 -0.999653 0.025955
vn 0.005506 -0.999559 0.029163
vn -0.006993 -0.999642 0.025819
vn -0.004321 -0.999455 0.032734
vn -0.010441 -0.999386 0.033459
vn -0.391587 -0.920141 -0.000081
vn -0.799041 -0.601223 0.007993
vn -0.590981 -0.806604 0.011506
vn -0.965003 -0.255883 0.057380
vn -0.963356 -0.261157 0.061178
vn -0.292306 -0.953807 -0.069357
vn -0.998465 -0.039333 0.038997
vn -0.977204 -0.061899 0.203079
vn -0.962951 0.010729 0.269462
vn -0.971681 -0.022115 0.235258
vn -0.993324 -0.088621 0.073846
vn -0.015769 -0.261125 0.965176
vn -0.806451 -0.584687 -0.088191
vn -0.957943 -0.101244 0.268504
vn -0.485147 -0.356249 0.798573
vn -0.223457 -0.930805 0.289255
vn -0.057090 -0.997899 -0.030633
vn -0.064646 -0.997908 0.000881
vn -0.157732 -0.987472 -0.004357
vn -0.046988 -0.998880 -0.005503
vn -0.009260 -0.945818 0.324564
vn -0.017169 -0.969386 0.244941
vn 0.010989 -0.464185 0.885670
vn -0.019008 -0.972991 0.230060
vn 0.000060 -0.936671 0.350211
vn 0.003914 -0.582196 0.813039
vn -0.002631 -0.504070 0.863659
vn -0.001957 -0.980312 0.197443
vn 0.000317 -0.586309 0.810087
vn -0.001892 -0.109425 0.993993
vn 0.000729 -0.874204 0.485559
vn -0.989342 -0.104856 0.101033
vn -0.329215 0.940377 -0.085490
vn -0.107508 0.993818 -0.027704
vn -0.981165 0.191938 0.021810
vn -0.944296 -0.202228 0.259633
vn -0.942279 -0.040484 0.332371
vn -0.871354 0.477172 -0.114234
vn -0.949556 -0.271809 0.156409
vn -0.953739 -0.278059 -0.114306
vn -0.918852 -0.391937 -0.045788
vn -0.964885 -0.067528 -0.253843
vn -0.058924 0.997558 -0.037501
vn -0.066949 0.997420 -0.025904
vn -0.997189 -0.016617 0.073063
vn -0.988641 -0.040046 0.144861
vn -0.987611 -0.004027 0.156870
vn -0.981202 0.015440 0.192364
vn -0.998893 0.013686 0.044996
vn -0.783737 0.026968 -0.620507
vn -0.811825 0.027820 -0.583237
vn -0.014936 -0.028181 0.999491
vn -0.131178 0.799631 0.585988
vn -0.603445 0.692035 0.396159
vn -0.064898 0.997636 -0.022602
vn -0.097796 0.991782 -0.082482
vn -0.124075 0.990483 -0.059568
vn -0.012514 0.932778 0.360235
vn -0.949052 0.079202 0.305003
vn -0.304433 0.232066 0.923832
vn -0.083544 -0.034512 0.995906
vn 0.008082 0.010357 0.999914
vn -0.802294 0.002987 -0.596922
vn -0.808588 -0.043224 0.586785
vn -0.906658 -0.168072 -0.386941
vn -0.010728 0.897703 0.440471
vn 0.000830 0.254779 0.966999
vn 0.027472 0.397411 0.917229
vn -0.012950 0.942158 0.334918
vn 0.027983 0.651057 0.758513
vn -0.016623 0.999793 -0.011689
vn 0.016915 0.952372 0.304469
vn 0.028537 0.671811 0.740173
vn -0.012242 -0.027877 0.999536
vn -0.986778 0.018552 0.161014
vn -0.952951 0.033792 -0.301235
vn -0.602920 0.059853 -0.795554
vn -0.745002 0.047193 -0.665391
vn -0.831801 -0.007824 0.555019
vn -0.915820 0.023595 0.400896
vn -0.126662 -0.030026 0.991491
vn -0.798659 0.035277 -0.600749
vn -0.789000 0.034730 -0.613411
vn -0.714130 0.041118 -0.698805
vn -0.799955 0.021730 -0.599666
vn -0.804744 -0.024140 0.593131
vn -0.043808 -0.028323 0.998638
vn -0.724358 0.015835 -0.689242
vn -0.752652 -0.010317 -0.658337
vn -0.901659 0.011563 -0.432293
vn -0.751565 0.021927 -0.659295
vn -0.455999 0.041214 -0.889025
vn -0.997739 0.066330 -0.010787
vn -0.209738 0.016102 0.977625
vn -0.185216 -0.013468 0.982606
vn -0.730240 -0.320228 -0.603494
vn -0.730240 -0.320228 -0.603494
vn -0.730240 -0.320228 -0.603494
vn -0.927942 0.123688 0.351603
vn -0.997628 0.068686 0.004537
vn -0.214850 0.610160 -0.762590
vn -0.214850 0.610160 -0.762590
vn -0.214850 0.610160 -0.762590
vn -0.169993 -0.023237 0.985171
vn -0.301110 0.003935 0.953581
vn -0.856966 -0.003452 0.515361
vn -0.604620 0.011291 -0.796434
vn -0.437065 0.010318 -0.899371
vn -0.237849 -0.018677 0.971123
vn -0.927022 0.012085 -0.374812
vn -0.700897 0.003203 -0.713255
vn -0.090384 0.056646 0.994295
vn -0.013289 -0.004748 0.999900
vn -0.001581 -0.009849 0.999950
vn -0.679239 0.016768 -0.733725
vn -0.927375 0.034370 0.372551
vn -0.229197 -0.003189 0.973375
vn -0.999882 0.006654 0.013846
vn -0.043123 0.999056 -0.005190
vn -0.016413 0.999858 0.003708
vn -0.034795 0.999155 -0.021853
vn -0.011321 0.999933 0.002545
vn 0.005206 0.998996 0.044490
vn 0.014093 0.963866 0.266015
vn 0.015366 0.939350 0.342614
vn 0.013390 0.073507 0.997205
vn 0.002538 0.999352 0.035899
vn -0.092438 0.191169 0.977195
vn -0.016033 0.032377 0.999347
vn -0.013396 0.051283 0.998594
vn -0.323468 0.013381 0.946144
vn -0.037806 0.006208 0.999266
vn -0.056086 -0.007370 0.998399
vn -0.012044 0.033579 0.999364
vn -0.011988 0.047760 0.998787
vn 0.010006 0.041719 0.999079
vn 0.006750 0.128911 0.991633
vn 0.178282 0.134990 0.974676
vn 0.178853 0.087019 0.980020
vn 0.040886 0.024496 0.998864
vn -0.016205 0.018759 0.999693
vn -0.013445 -0.012023 0.999837
vn -0.004436 -0.010173 0.999938
vn 0.000134 0.011332 0.999936
vn 0.051281 0.133427 0.989731
vn 0.016885 0.254779 0.966852
vn -0.050541 0.006441 0.998701
vn -0.219352 0.161165 0.962242
vn -0.035270 0.174707 0.983989
vn 0.011385 -0.009845 0.999887
vn -0.031411 0.024660 0.999202
vn 0.007314 0.019717 0.999779
vn -0.000688 0.025364 0.999678
vn 0.006605 0.024917 0.999668
vn 0.012380 0.086764 0.996152
vn -0.003333 0.038453 0.999255
vn -0.105705 -0.001585 0.994396
vn -0.595759 0.023084 -0.802832
vn -0.707685 -0.017445 -0.706312
vn -0.703159 0.008961 -0.710976
vn -0.384124 -0.054628 -0.921664
vn -0.254971 -0.002388 0.966946
vn -0.327151 -0.017393 0.944812
vn -0.981803 -0.039502 0.185751
vn -0.459341 -0.012002 -0.888179
vn -0.177081 0.006626 0.984174
vn -0.003728 -0.036016 0.999344
vn 0.002499 -0.021150 0.999773
vn 0.014872 0.006328 0.999869
vn 0.017185 0.049243 0.998639
vn 0.034035 0.034145 0.998837
vn 0.019922 0.040753 0.998971
vn 0.074810 0.014389 0.997094
vn 0.023396 0.001872 0.999725
vn -0.002391 0.016844 0.999855
vn 0.023453 -0.000128 0.999725
vn 0.167136 0.179096 0.969531
vn 0.116775 0.088509 0.989207
vn 0.220802 0.111535 0.968920
vn 0.036971 0.066724 0.997086
vn -0.033497 0.027038 0.999073
vn 0.045549 0.163724 0.985454
vn -0.017677 0.348620 0.937098
vn 0.024657 0.025063 0.999382
vn -0.096333 0.309674 0.945950
vn 0.005205 -0.772194 0.635365
vn -0.003012 -0.444887 0.895581
vn -0.001185 -0.328962 0.944343
vn -0.003029 -0.825093 0.564988
vn 0.002577 -0.683747 0.729714
vn -0.002236 -0.994744 0.102366
vn 0.000445 -0.421466 0.906844
vn 0.002449 -0.869150 0.494543
vn -0.001025 -0.789586 0.613639
vn 0.008558 -0.035106 0.999347
vn 0.002070 -0.071988 0.997403
vn 0.006868 -0.100064 0.994957
vn 0.000280 -0.585653 0.810562
vn 0.033496 0.999430 -0.004097
vn 0.042339 0.999088 -0.005619
vn 0.095878 0.995393 -0.000919
vn 0.175457 0.984487 0.000709
vn 0.072499 0.997366 -0.002407
vn 0.084185 0.996448 -0.001857
vn 0.097447 0.995219 -0.006603
vn 0.236691 0.971534 -0.009967
vn 0.460905 0.887391 -0.010177
vn 0.247755 0.968718 -0.014266
vn 0.429663 0.902970 -0.005789
vn 0.610495 0.791969 -0.009001
vn 0.563475 0.826006 -0.014460
vn 0.991425 0.130476 -0.007212
vn 0.998557 0.052980 -0.008746
vn 0.991857 0.126864 -0.011159
vn 0.988403 0.151166 -0.014434
vn 0.544080 0.838998 0.007709
vn 0.998978 0.043921 -0.010640
vn 0.133614 0.991019 -0.005346
vn 0.422087 0.906555 0.000341
vn 0.603709 0.797171 -0.007296
vn 0.513593 0.858034 0.000738
vn 0.998837 0.046743 -0.011837
vn 0.999171 0.039145 -0.011221
vn 0.532057 0.846442 -0.021251
vn 0.993022 0.117023 -0.014599
vn 0.398587 0.916757 -0.026185
vn 0.857659 0.513978 -0.015769
vn 0.981846 0.189537 -0.007423
vn 0.988020 0.153934 -0.011026
vn 0.984314 0.176265 -0.007466
vn 0.998891 0.045642 -0.011532
vn 0.999931 0.009717 -0.006528
vn 0.999798 0.018110 -0.008698
vn 0.999837 0.015852 -0.008597
vn 0.999934 0.001663 -0.011314
vn 0.999919 0.001264 -0.012640
vn 0.999879 0.005612 -0.014522
vn 0.999938 0.005139 -0.009870
vn 0.999895 0.009833 -0.010617
vn 0.999935 -0.001829 -0.011221
vn 0.999900 0.004977 -0.013206
vn 0.999899 -0.007350 -0.012146
vn 0.999750 -0.019945 -0.010053
vn 0.999816 -0.014654 -0.012341
vn 0.999395 0.033557 -0.009152
vn 0.999898 0.010113 -0.010104
vn 0.999391 0.028791 -0.019696
vn 0.999696 0.013956 -0.020347
vn 0.999903 0.005742 -0.012652
vn 0.063076 0.998007 0.001945
vn 0.081092 0.996652 -0.010453
vn 0.157484 0.987470 -0.010102
vn 0.097766 0.995153 -0.010598
vn 0.578409 0.815681 -0.010332
vn 0.095869 0.995394 0.000085
vn 0.071230 0.997458 -0.002070
vn 0.570595 0.821202 -0.006931
vn 0.173837 0.984749 -0.007061
vn 0.974402 0.224713 -0.006663
vn 0.202871 0.979176 -0.007563
vn 0.949972 0.312302 -0.004571
vn 0.952501 0.303926 -0.019274
vn 0.998806 0.048109 -0.008537
vn 0.506983 0.861932 -0.006438
vn 0.957266 0.288622 -0.018422
vn 0.054622 0.998499 -0.004104
vn 0.999018 0.043374 -0.008971
vn 0.072335 0.997380 -0.001270
vn 0.073553 0.997290 -0.001746
vn 0.082893 0.996552 -0.003635
vn 0.996559 0.082366 -0.009271
vn 0.615910 0.787814 -0.002243
vn 0.513327 0.858120 -0.011205
vn 0.095465 0.995429 -0.002848
vn 0.086349 0.996260 -0.002987
vn 0.989044 0.146449 -0.018570
vn 0.999112 0.040193 -0.012649
vn 0.999530 0.028865 -0.010362
vn 0.998906 0.045858 -0.009114
vn 0.998949 0.043179 0.015364
vn 0.999199 0.039565 -0.006021
vn 0.999786 0.019074 -0.008063
vn 0.996790 0.000061 -0.080059
vn 0.999926 0.005002 -0.011097
vn 0.180737 0.983521 -0.004455
vn 0.334856 0.942245 -0.006786
vn 0.613231 0.789848 -0.009378
vn 0.964296 0.264444 -0.014210
vn 0.993758 0.110671 -0.014022
vn 0.999416 0.033082 -0.008606
vn 0.353104 0.935562 -0.006461
vn 0.551968 0.833786 -0.011506
vn 0.622564 0.782530 -0.007810
vn 0.999226 0.037760 -0.011023
vn 0.130065 0.991489 -0.005718
vn 0.372671 0.927950 -0.004903
vn 0.590094 0.807334 -0.000076
vn 0.550619 0.834723 -0.007430
vn 0.104282 0.994539 -0.004101
vn 0.992202 0.124113 -0.011407
vn 0.642952 0.765820 -0.011474
vn 0.739964 0.672426 -0.017190
vn 0.995598 0.093364 -0.008253
vn 0.999474 0.032122 -0.004449
vn 0.999774 0.019272 0.008961
vn 0.999707 0.021584 0.010998
vn 0.020882 0.749866 0.661260
vn 0.032346 0.942941 0.331386
vn 0.064703 0.997878 0.007340
vn 0.049682 0.035827 0.998122
vn 0.961878 0.273267 0.010748
vn 0.544374 0.838077 -0.035825
vn 0.999497 0.022462 0.022367
vn 0.908387 -0.002794 0.418121
vn 0.106657 0.987014 0.120115
vn 0.014063 0.548302 0.836162
vn 0.137869 0.738784 0.659689
vn 0.953520 0.050360 0.297091
vn 0.525987 0.849940 0.030657
vn 0.790627 0.078714 0.607218
vn 0.886917 -0.016542 0.461633
vn 0.896418 -0.018141 0.442838
vn 0.042097 0.106979 0.993370
vn 0.040738 -0.005965 0.999152
vn 0.737477 -0.019725 0.675084
vn 0.898342 0.007066 0.439240
vn 0.913662 0.009194 0.406370
vn 0.875080 -0.010092 0.483874
vn 0.849835 0.014964 0.526837
vn 0.011502 -0.999934 0.000466
vn 0.012980 -0.999915 0.000878
vn -0.013753 -0.999889 -0.005686
vn 0.075305 -0.997086 -0.012199
vn 0.001748 -0.999984 -0.005406
vn 0.016074 -0.999869 0.002149
vn 0.029600 -0.999553 0.004108
vn 0.015297 -0.999883 0.000829
vn 0.012985 -0.999910 -0.003300
vn 0.010603 -0.999915 0.007639
vn 0.031474 -0.999436 -0.011656
vn 0.031846 -0.999487 -0.003354
vn 0.018643 -0.999826 -0.000441
vn -0.020598 -0.999778 0.004488
vn 0.008333 -0.999965 -0.000655
vn -0.004986 -0.999982 0.003326
vn 0.008957 -0.999960 0.000359
vn 0.026521 -0.999647 -0.001560
vn 0.037357 -0.999302 0.000773
vn 0.097044 -0.995255 0.007089
vn 0.026617 -0.999644 -0.002064
vn 0.998594 -0.052571 -0.006834
vn 0.960142 -0.279386 -0.008400
vn 0.035104 -0.999382 -0.001984
vn 0.287547 -0.957757 -0.004163
vn 0.999691 -0.022196 -0.011156
vn 0.999893 -0.007724 -0.012455
vn 0.999899 -0.004901 -0.013344
vn 0.999772 -0.017571 -0.012133
vn 0.999843 -0.009140 -0.015167
vn 0.054554 -0.998510 -0.001135
vn 0.047445 -0.998872 -0.001639
vn 0.998766 -0.045639 -0.019579
vn 0.999355 -0.035064 -0.007772
vn 0.999650 -0.026001 -0.004864
vn 0.998428 -0.043851 -0.034917
vn 0.384305 -0.923191 -0.005280
vn 0.998295 -0.056879 -0.013101
vn 0.377900 -0.925819 -0.007108
vn 0.938445 -0.345279 -0.010121
vn 0.998416 -0.005025 -0.056037
vn 0.935521 -0.352987 -0.014155
vn 0.970773 -0.239648 -0.013024
vn -0.003649 -0.999955 0.008695
vn 0.003763 -0.999956 0.008584
vn 0.005376 -0.999956 0.007675
vn 0.007021 -0.999975 0.000830
vn 0.014150 -0.999895 0.003012
vn 0.004011 -0.999971 0.006517
vn 0.018768 -0.999809 0.005434
vn 0.012509 -0.999919 0.002450
vn 0.015690 -0.999877 0.000339
vn 0.039776 -0.999205 -0.002673
vn 0.001513 -0.999964 0.008316
vn 0.007059 -0.999864 0.014932
vn 0.008872 -0.999888 0.012078
vn 0.009882 -0.999800 0.017399
vn 0.014691 -0.999883 0.004345
vn 0.001303 -0.999838 0.017935
vn 0.006045 -0.999790 0.019605
vn 0.037672 -0.998534 0.038865
vn 0.015177 -0.999502 0.027650
vn 0.006004 -0.999900 0.012766
vn 0.005543 -0.999880 0.014431
vn 0.011817 -0.999929 0.001418
vn 0.001744 -0.999896 0.014304
vn -0.004519 -0.999492 0.031550
vn 0.000355 -0.999821 0.018910
vn 0.019802 -0.999595 0.020441
vn 0.003381 -0.999582 0.028714
vn -0.001191 -0.999636 0.026962
vn -0.001255 -0.999552 0.029918
vn 0.000450 -0.998836 0.048237
vn -0.017088 -0.999191 0.036398
vn 0.120986 -0.992648 0.003560
vn 0.003952 -0.999455 0.032760
vn -0.028979 -0.999293 0.023949
vn 0.026840 -0.999559 0.012722
vn 0.003233 -0.999730 0.022986
vn 0.011880 -0.999821 0.014718
vn -0.013415 -0.999864 0.009594
vn 0.026723 -0.999583 0.010979
vn 0.037966 -0.999277 0.002010
vn 0.025193 -0.999623 0.010918
vn 0.018805 -0.999815 0.003983
vn 0.019932 -0.999791 0.004538
vn 0.010075 -0.999937 0.004876
vn 0.016884 -0.999723 0.016372
vn 0.030355 -0.999534 0.003328
vn 0.015778 -0.999828 0.009794
vn 0.008615 -0.999848 0.015157
vn 0.999550 -0.028338 -0.009781
vn 0.999951 -0.004691 -0.008731
vn 0.999569 -0.025661 -0.014262
vn 0.999274 -0.035218 -0.014538
vn 0.465145 -0.885205 -0.007229
vn 0.415942 -0.909379 -0.004585
vn 0.384880 -0.922950 -0.005575
vn 0.942965 -0.332572 -0.014555
vn 0.480133 -0.877180 -0.005366
vn 0.999806 -0.015123 -0.012589
vn 0.999743 -0.019658 -0.011281
vn 0.996598 -0.081541 -0.012001
vn 0.999735 -0.020526 -0.010397
vn 0.953129 -0.302132 -0.016185
vn 0.918773 -0.394660 -0.009961
vn 0.066480 -0.997786 0.001588
vn 0.505758 -0.862602 -0.011237
vn 0.620764 -0.783961 -0.007482
vn 0.634956 -0.772528 -0.005504
vn 0.968093 -0.250472 -0.007770
vn 0.999764 0.020372 -0.007566
vn 0.999945 0.002850 -0.010081
vn 0.999958 0.006049 0.006810
vn 0.029106 0.016943 0.999433
vn -0.130870 0.112439 0.985003
vn -0.017636 0.036687 0.999171
vn 0.018303 -0.022605 0.999577
vn 0.013576 -0.015427 0.999789
vn 0.999755 0.007213 0.020929
vn 0.905374 0.012973 0.424417
vn 0.998109 0.014097 0.059832
vn 0.953493 0.002490 0.301406
vn 0.923832 -0.007620 0.382722
vn 0.984547 0.016491 0.174344
vn 0.983218 0.002227 0.182423
vn 0.997970 0.010516 0.062808
vn 0.997322 0.009039 0.072581
vn 0.872849 0.017981 0.487659
vn 0.999932 -0.000069 0.011668
vn 0.688496 -0.015479 -0.725075
vn 0.048584 0.010840 0.998760
vn 0.958170 -0.008688 0.286069
vn 0.616823 0.007088 0.787070
vn 0.999864 -0.001475 0.016449
vn 0.997090 0.004889 0.076072
vn 0.998259 -0.000493 0.058988
vn 0.917561 0.000591 0.397595
vn 0.954687 -0.000535 0.297611
vn 0.853109 -0.017277 0.521446
vn 0.906929 -0.011098 0.421138
vn 0.874653 -0.000305 0.484749
vn 0.801795 -0.012930 -0.597459
vn 0.898116 0.002618 0.439751
vn 0.926754 0.003020 0.375656
vn 0.962977 -0.018448 -0.268953
vn 0.483114 -0.005672 0.875539
vn 0.692456 -0.026209 -0.720984
vn 0.745812 -0.015148 -0.665984
vn 0.055838 0.003445 0.998434
vn 0.049726 -0.009040 0.998722
vn 0.987373 0.019389 -0.157218
vn 0.937543 0.004969 0.347834
vn 0.950676 0.000511 0.310186
vn 0.897925 0.003553 0.440135
vn 0.994011 0.008532 -0.108950
vn 0.760376 -0.007016 -0.649445
vn 0.757574 -0.006086 -0.652721
vn 0.461379 -0.019592 0.886987
vn 0.963288 -0.007800 -0.268355
vn -0.000946 -0.999397 0.034714
vn -0.004208 -0.999348 0.035845
vn 0.010864 -0.999530 0.028655
vn 0.007738 -0.999775 0.019733
vn 0.001923 -0.999889 0.014765
vn -0.001091 -0.611588 0.791176
vn -0.009343 -0.920302 0.391098
vn -0.002731 -0.882751 0.469833
vn -0.006106 -0.997245 0.073923
vn -0.004674 -0.998836 0.048009
vn 0.005639 -0.999548 0.029534
vn 0.029086 -0.999564 0.005084
vn 0.013323 -0.063640 0.997884
vn 0.020578 -0.999480 0.024826
vn 0.004346 -0.872166 0.489191
vn 0.004180 -0.561497 0.827468
vn 0.009497 -0.648857 0.760852
vn 0.004737 -0.914283 0.405047
vn 0.948111 0.039295 -0.315503
vn 0.756837 0.000429 -0.653603
vn -0.008962 -0.907898 0.419096
vn 0.999981 -0.006127 -0.000695
vn 0.999657 -0.022012 -0.014210
vn 0.999293 -0.024161 -0.028810
vn 0.105059 -0.994465 -0.001056
vn 0.999814 -0.018461 -0.005510
vn 0.608380 -0.793603 -0.008186
vn 0.975368 -0.219956 -0.016633
vn 0.998484 -0.054177 -0.009736
vn 0.914438 -0.404367 -0.017037
vn 0.999887 -0.014548 0.003740
vn 0.998758 -0.047359 -0.015510
vn 0.061114 -0.998131 -0.000232
vn 0.653422 -0.756857 -0.014392
vn 0.838890 -0.544176 -0.011637
vn 0.990308 -0.138879 -0.001512
vn 0.970362 -0.241128 -0.015933
vn 0.999812 -0.019365 0.001244
vn 0.949144 0.009893 0.314687
vn 0.999210 -0.001534 0.039722
vn 0.999914 0.006567 0.011362
vn 0.998368 -0.021953 0.052714
vn 0.895710 -0.011826 0.444482
vn 0.153731 -0.988111 -0.001594
vn 0.010426 -0.076671 0.997002
vn 0.028632 -0.031527 0.999093
vn 0.983736 0.116785 -0.136474
vn 0.977400 0.018273 -0.210606
vn 0.945944 -0.020034 0.323711
vn 0.053486 -0.991455 0.118979
vn 0.046431 -0.998864 -0.010751
vn 0.070714 -0.996903 0.034410
vn 0.093701 -0.995262 -0.025963
vn 0.060199 -0.980255 0.188351
vn 0.138703 -0.628845 0.765059
vn 0.992599 0.038823 -0.115063
vn 0.924036 -0.382298 0.002361
vn 0.996913 0.073301 0.028120
vn 0.981939 -0.019176 0.188222
vn 0.409298 -0.903797 0.125003
vn 0.576611 -0.815230 -0.054044
vn 0.981957 -0.148909 0.116561
vn 0.881079 0.015916 0.472701
vn 0.978351 -0.004584 0.206902
vn 0.827688 0.010569 -0.561089
vn 0.870153 -0.022716 0.492258
vn 0.859117 0.068734 -0.507143
vn 0.974612 -0.020317 -0.222976
vn 0.872435 -0.001730 -0.488727
vn 0.804806 0.002418 -0.593533
vn 0.641743 -0.031251 0.766283
vn 0.900923 0.010809 -0.433845
vn 0.383917 -0.043469 0.922344
vn 0.998041 0.037814 -0.049837
vn 0.038743 0.098920 0.994341
vn 0.030224 0.011827 0.999473
vn 0.125771 0.028214 0.991658
vn 0.040976 0.038154 0.998431
vn 0.030423 0.049068 0.998332
vn 0.747368 0.037931 0.663326
vn 0.857124 0.514909 0.014429
vn 0.410196 0.377866 0.830034
vn 0.026011 -0.000794 0.999661
vn 0.821756 0.342242 -0.455618
vn 0.882016 0.077085 0.464872
vn 0.848661 0.015962 0.528696
vn 0.697370 0.143809 -0.702135
vn 0.736797 0.071452 -0.672328
vn 0.054500 0.017042 0.998368
vn 0.792575 0.018346 -0.609499
vn 0.724539 -0.009077 -0.689174
vn 0.634227 0.020725 0.772869
vn 0.066211 0.028974 0.997385
vn 0.918492 0.300413 0.257148
vn 0.773761 -0.016873 -0.633253
vn 0.999778 -0.010955 0.018002
vn 0.297396 0.032217 0.954211
vt 0.090785 0.026366
vt 0.048141 0.025940
vt 0.086700 0.022860
vt 0.217454 0.875307
vt 0.215444 0.833126
vt 0.220105 0.855188
vt 0.056489 0.034930
vt 0.106768 0.050355
vt 0.040749 0.048818
vt 0.068970 0.078807
vt 0.047275 0.061533
vt 0.200171 0.020128
vt 0.195936 0.017371
vt 0.204640 0.018615
vt 0.187156 0.020172
vt 0.180265 0.017446
vt 0.190867 0.024858
vt 0.198940 0.025121
vt 0.191435 0.027850
vt 0.220363 0.945125
vt 0.224085 0.971997
vt 0.162953 0.026119
vt 0.165410 0.020357
vt 0.217090 0.925539
vt 0.219828 0.984716
vt 0.226840 0.989852
vt 0.210606 0.021078
vt 0.216705 0.023045
vt 0.209410 0.026071
vt 0.219165 0.020069
vt 0.233456 0.981210
vt 0.206608 0.030082
vt 0.204917 0.025825
vt 0.207855 0.024910
vt 0.203539 0.022579
vt 0.206266 0.021953
vt 0.202250 0.061098
vt 0.210567 0.036467
vt 0.208732 0.045579
vt 0.194261 0.030042
vt 0.221533 0.019888
vt 0.227810 0.022408
vt 0.245153 0.989763
vt 0.227094 0.019147
vt 0.247003 0.982981
vt 0.242471 0.964967
vt 0.234921 0.943379
vt 0.246118 0.022798
vt 0.242185 0.019209
vt 0.245650 0.062076
vt 0.249225 0.016377
vt 0.254110 0.016618
vt 0.264071 0.019407
vt 0.283339 0.965177
vt 0.275825 0.984004
vt 0.261295 0.016382
vt 0.269209 0.016418
vt 0.279641 0.016619
vt 0.273528 0.023504
vt 0.281037 0.020141
vt 0.287251 0.017154
vt 0.304596 0.989161
vt 0.268735 0.944654
vt 0.252928 0.933210
vt 0.242095 0.911778
vt 0.269598 0.923109
vt 0.261065 0.911581
vt 0.293242 0.940714
vt 0.284342 0.920674
vt 0.275401 0.917275
vt 0.276701 0.919559
vt 0.275983 0.915123
vt 0.290289 0.913147
vt 0.302741 0.945867
vt 0.300292 0.926885
vt 0.308847 0.925075
vt 0.304808 0.920944
vt 0.311888 0.930239
vt 0.273437 0.909980
vt 0.278045 0.909071
vt 0.285281 0.905687
vt 0.292096 0.904234
vt 0.291374 0.895579
vt 0.301442 0.915794
vt 0.291860 0.908816
vt 0.306959 0.903219
vt 0.294479 0.905907
vt 0.300202 0.900178
vt 0.320501 0.922678
vt 0.321301 0.905218
vt 0.320815 0.884675
vt 0.305596 0.885194
vt 0.326313 0.893236
vt 0.315413 0.880341
vt 0.205994 0.045926
vt 0.205675 0.059764
vt 0.208545 0.085467
vt 0.210877 0.088655
vt 0.206436 0.091227
vt 0.197154 0.102899
vt 0.197246 0.078830
vt 0.179696 0.034530
vt 0.184550 0.035145
vt 0.179771 0.040821
vt 0.172715 0.046480
vt 0.153217 0.067595
vt 0.188299 0.041750
vt 0.185171 0.038755
vt 0.184886 0.051766
vt 0.182366 0.047996
vt 0.184510 0.044048
vt 0.196927 0.065671
vt 0.167072 0.063674
vt 0.159245 0.105944
vt 0.144872 0.087650
vt 0.233580 0.104261
vt 0.208910 0.118631
vt 0.206624 0.128322
vt 0.197153 0.126594
vt 0.201292 0.133574
vt 0.191449 0.137367
vt 0.168890 0.139891
vt 0.232112 0.161837
vt 0.210159 0.140066
vt 0.204106 0.157559
vt 0.138692 0.022912
vt 0.220350 0.897658
vt 0.111871 0.022197
vt 0.247729 0.884956
vt 0.242385 0.836929
vt 0.264992 0.890416
vt 0.262414 0.884138
vt 0.272969 0.874836
vt 0.253798 0.869013
vt 0.284175 0.854686
vt 0.125442 0.093835
vt 0.088943 0.093010
vt 0.127577 0.097157
vt 0.128591 0.101386
vt 0.114785 0.120709
vt 0.111905 0.111884
vt 0.093021 0.100869
vt 0.080377 0.093083
vt 0.075693 0.093886
vt 0.042768 0.060920
vt 0.035255 0.080730
vt 0.274356 0.896120
vt 0.278188 0.898317
vt 0.283111 0.879561
vt 0.282768 0.893932
vt 0.286269 0.892667
vt 0.287272 0.884168
vt 0.290874 0.878522
vt 0.290445 0.889991
vt 0.297972 0.880400
vt 0.302517 0.869297
vt 0.311918 0.872053
vt 0.329826 0.868795
vt 0.293099 0.020314
vt 0.298968 0.022385
vt 0.310670 0.981248
vt 0.313526 0.983951
vt 0.301457 0.019647
vt 0.307024 0.020165
vt 0.316806 0.022676
vt 0.314225 0.989311
vt 0.333265 0.015880
vt 0.332986 0.980495
vt 0.320101 0.054889
vt 0.327376 0.019668
vt 0.317108 0.018913
vt 0.332887 0.018907
vt 0.334729 0.021967
vt 0.337144 0.019667
vt 0.344778 0.021173
vt 0.342325 0.019008
vt 0.346702 0.034014
vt 0.360662 0.023237
vt 0.384718 0.047102
vt 0.382821 0.075638
vt 0.315801 0.963143
vt 0.326076 0.956439
vt 0.321041 0.945428
vt 0.307876 0.942610
vt 0.347090 0.980606
vt 0.365072 0.962500
vt 0.336116 0.933038
vt 0.348235 0.942749
vt 0.372871 0.943007
vt 0.337697 0.925359
vt 0.344083 0.920510
vt 0.361705 0.912606
vt 0.339810 0.896224
vt 0.351557 0.876551
vt 0.348759 0.926900
vt 0.355067 0.887960
vt 0.364172 0.885243
vt 0.397612 0.987353
vt 0.383397 0.988351
vt 0.386623 0.983622
vt 0.380741 0.018462
vt 0.389043 0.017057
vt 0.390860 0.019033
vt 0.387456 0.021151
vt 0.414729 0.948308
vt 0.362949 0.984020
vt 0.359258 0.018183
vt 0.353035 0.020686
vt 0.372660 0.988954
vt 0.373200 0.984406
vt 0.367048 0.020680
vt 0.366505 0.017744
vt 0.404485 0.921207
vt 0.308135 0.083722
vt 0.279273 0.105621
vt 0.310876 0.123711
vt 0.304734 0.143890
vt 0.258726 0.143486
vt 0.282833 0.154404
vt 0.327318 0.097580
vt 0.364518 0.090951
vt 0.358101 0.105106
vt 0.352227 0.114376
vt 0.325766 0.110066
vt 0.341269 0.127694
vt 0.292782 0.159587
vt 0.300338 0.173607
vt 0.318442 0.161126
vt 0.308100 0.167138
vt 0.331533 0.147117
vt 0.338183 0.149111
vt 0.328342 0.158442
vt 0.326617 0.162926
vt 0.321066 0.163172
vt 0.321223 0.169325
vt 0.327538 0.166884
vt 0.338710 0.161725
vt 0.342580 0.153098
vt 0.350929 0.157722
vt 0.348273 0.146190
vt 0.335066 0.171265
vt 0.336618 0.163033
vt 0.346493 0.169302
vt 0.397549 0.018047
vt 0.419595 0.987494
vt 0.405961 0.018227
vt 0.412804 0.020865
vt 0.414909 0.017531
vt 0.436891 0.985386
vt 0.420124 0.017760
vt 0.423779 0.033406
vt 0.470096 0.027145
vt 0.427550 0.017079
vt 0.425019 0.020307
vt 0.435563 0.017241
vt 0.429899 0.018873
vt 0.442461 0.019124
vt 0.442292 0.013396
vt 0.454458 0.975169
vt 0.458654 0.958999
vt 0.446400 0.937611
vt 0.438774 0.050344
vt 0.412307 0.096388
vt 0.454899 0.892947
vt 0.441394 0.016316
vt 0.447115 0.017619
vt 0.453852 0.017918
vt 0.473208 0.985910
vt 0.460653 0.016866
vt 0.466525 0.017752
vt 0.480681 0.016786
vt 0.474537 0.017116
vt 0.475115 0.012785
vt 0.486231 0.012575
vt 0.486193 0.017473
vt 0.477237 0.018191
vt 0.492449 0.017249
vt 0.469759 0.017653
vt 0.490526 0.965869
vt 0.481022 0.957891
vt 0.542059 0.904475
vt 0.495741 0.947428
vt 0.514869 0.012440
vt 0.458367 0.120554
vt 0.510306 0.094069
vt 0.390280 0.098563
vt 0.376422 0.119290
vt 0.395746 0.121822
vt 0.384603 0.130548
vt 0.364757 0.138749
vt 0.355677 0.144034
vt 0.352127 0.148916
vt 0.358009 0.152090
vt 0.364769 0.147057
vt 0.375526 0.144346
vt 0.373006 0.148781
vt 0.370992 0.157913
vt 0.353918 0.163736
vt 0.356939 0.171168
vt 0.358257 0.158147
vt 0.363936 0.162663
vt 0.366799 0.154761
vt 0.371557 0.178466
vt 0.373848 0.169520
vt 0.384280 0.153139
vt 0.383616 0.141240
vt 0.375460 0.153828
vt 0.394607 0.144907
vt 0.389272 0.144523
vt 0.407452 0.142552
vt 0.380311 0.163521
vt 0.381860 0.178432
vt 0.379287 0.171608
vt 0.389891 0.160190
vt 0.386277 0.172673
vt 0.389626 0.172145
vt 0.412092 0.127341
vt 0.456932 0.144204
vt 0.399325 0.145660
vt 0.402079 0.149206
vt 0.406184 0.159872
vt 0.409779 0.149552
vt 0.412523 0.154201
vt 0.407297 0.155852
vt 0.428260 0.158421
vt 0.419394 0.157590
vt 0.395828 0.162889
vt 0.394192 0.177937
vt 0.402942 0.169980
vt 0.394936 0.182154
vt 0.404339 0.185126
vt 0.410766 0.182223
vt 0.424805 0.188815
vt 0.416048 0.176619
vt 0.468193 0.174564
vt 0.411263 0.193466
vt 0.431021 0.184211
vt 0.443980 0.196706
vt 0.218573 0.829110
vt 0.214752 0.813802
vt 0.235593 0.815412
vt 0.219712 0.818833
vt 0.214978 0.806473
vt 0.217414 0.800368
vt 0.224565 0.805164
vt 0.235986 0.797429
vt 0.019456 0.029401
vt 0.024714 0.042420
vt 0.012718 0.092370
vt 0.016546 0.028189
vt 0.020564 0.026792
vt 0.215512 0.800913
vt 0.214650 0.798491
vt 0.212790 0.796125
vt 0.017822 0.034002
vt 0.011262 0.038106
vt 0.216451 0.797510
vt 0.219741 0.795011
vt 0.215021 0.789517
vt 0.216726 0.791058
vt 0.217468 0.789842
vt 0.227595 0.795448
vt 0.221556 0.792415
vt 0.213571 0.769448
vt 0.222038 0.787738
vt 0.216848 0.779118
vt 0.222335 0.770603
vt 0.225740 0.792738
vt 0.232396 0.791327
vt 0.238115 0.793733
vt 0.242087 0.789309
vt 0.219559 0.759747
vt 0.215386 0.769435
vt 0.216219 0.758911
vt 0.214516 0.740121
vt 0.220391 0.742512
vt 0.252151 0.747458
vt 0.245853 0.803664
vt 0.258455 0.826705
vt 0.264996 0.800471
vt 0.270816 0.826272
vt 0.282480 0.818151
vt 0.280941 0.804601
vt 0.257384 0.794651
vt 0.290253 0.793557
vt 0.267648 0.792313
vt 0.289165 0.791715
vt 0.274637 0.788885
vt 0.265496 0.769612
vt 0.246969 0.792490
vt 0.290726 0.783268
vt 0.318190 0.823551
vt 0.296196 0.825876
vt 0.305434 0.860394
vt 0.292144 0.817635
vt 0.292812 0.811561
vt 0.305481 0.795523
vt 0.312181 0.865216
vt 0.308288 0.868546
vt 0.325898 0.859418
vt 0.325538 0.865006
vt 0.292587 0.788603
vt 0.304894 0.791309
vt 0.311502 0.788798
vt 0.316286 0.783370
vt 0.313800 0.793699
vt 0.317352 0.790837
vt 0.346067 0.797249
vt 0.324121 0.792704
vt 0.323600 0.788653
vt 0.333496 0.793510
vt 0.334826 0.789859
vt 0.352875 0.792619
vt 0.334693 0.784792
vt 0.329994 0.778184
vt 0.343268 0.788866
vt 0.297058 0.763035
vt 0.317028 0.718587
vt 0.354401 0.752753
vt 0.348210 0.868788
vt 0.340251 0.864525
vt 0.354272 0.859026
vt 0.356843 0.879984
vt 0.370865 0.871959
vt 0.380067 0.886260
vt 0.370692 0.848020
vt 0.395729 0.830415
vt 0.427105 0.859177
vt 0.448165 0.823993
vt 0.421490 0.805811
vt 0.356174 0.818363
vt 0.371312 0.832440
vt 0.379101 0.818542
vt 0.366580 0.796738
vt 0.352953 0.789469
vt 0.355108 0.783027
vt 0.359781 0.791476
vt 0.360504 0.788214
vt 0.368210 0.793759
vt 0.367982 0.790688
vt 0.364329 0.786304
vt 0.364900 0.783783
vt 0.375116 0.791692
vt 0.385732 0.793598
vt 0.397269 0.799140
vt 0.384267 0.790022
vt 0.388787 0.790799
vt 0.386567 0.787676
vt 0.366078 0.759717
vt 0.369454 0.781273
vt 0.398293 0.765616
vt 0.410354 0.811014
vt 0.404068 0.794431
vt 0.413007 0.736365
vt 0.387794 0.705876
vt 0.418934 0.699951
vt 0.403099 0.790167
vt 0.420660 0.787310
vt 0.418050 0.793420
vt 0.417317 0.789229
vt 0.404541 0.776427
vt 0.420073 0.763060
vt 0.428066 0.797456
vt 0.428382 0.792832
vt 0.422916 0.789258
vt 0.427995 0.789636
vt 0.435133 0.789459
vt 0.435222 0.781423
vt 0.459917 0.797230
vt 0.441678 0.793749
vt 0.443665 0.788949
vt 0.445758 0.787637
vt 0.486358 0.751212
vt 0.457927 0.860049
vt 0.453439 0.849911
vt 0.459193 0.835366
vt 0.459093 0.842274
vt 0.462313 0.853710
vt 0.460816 0.824570
vt 0.510792 0.855669
vt 0.467285 0.824529
vt 0.463476 0.807742
vt 0.483988 0.799399
vt 0.498965 0.810525
vt 0.512726 0.809088
vt 0.527400 0.814552
vt 0.526299 0.793346
vt 0.492663 0.791257
vt 0.525053 0.789370
vt 0.504733 0.787853
vt 0.524846 0.785579
vt 0.503880 0.783895
vt 0.588919 0.849304
vt 0.565336 0.818676
vt 0.523912 0.809395
vt 0.534591 0.808037
vt 0.542301 0.812057
vt 0.564188 0.810203
vt 0.570851 0.793537
vt 0.541341 0.789910
vt 0.549732 0.788704
vt 0.540088 0.786186
vt 0.546386 0.769840
vt 0.560696 0.785571
vt 0.428137 0.719539
vt 0.427917 0.699356
vt 0.450615 0.728293
vt 0.437421 0.701609
vt 0.455750 0.790971
vt 0.475285 0.787715
vt 0.471779 0.785899
vt 0.469814 0.791945
vt 0.538919 0.749216
vt 0.450406 0.711054
vt 0.478070 0.718880
vt 0.446977 0.699144
vt 0.472136 0.709077
vt 0.459347 0.695225
vt 0.549041 0.721340
vt 0.502122 0.718010
vt 0.498137 0.689303
vt 0.528890 0.691242
vt 0.209275 0.250508
vt 0.208663 0.218894
vt 0.211516 0.222938
vt 0.132927 0.138730
vt 0.132198 0.145725
vt 0.214110 0.167592
vt 0.210070 0.154740
vt 0.208414 0.148794
vt 0.206288 0.155428
vt 0.208947 0.160627
vt 0.210840 0.172714
vt 0.208080 0.176523
vt 0.191354 0.144541
vt 0.184680 0.146869
vt 0.205067 0.187080
vt 0.177578 0.194809
vt 0.209685 0.192902
vt 0.213459 0.191593
vt 0.111527 0.168846
vt 0.205488 0.245037
vt 0.215430 0.230199
vt 0.159771 0.261682
vt 0.111950 0.205805
vt 0.112322 0.118731
vt 0.108737 0.113480
vt 0.109198 0.121408
vt 0.108833 0.116188
vt 0.111254 0.125209
vt 0.104740 0.123232
vt 0.105642 0.112711
vt 0.098336 0.109341
vt 0.102675 0.113741
vt 0.097054 0.111965
vt 0.105293 0.116918
vt 0.065466 0.132062
vt 0.105284 0.175440
vt 0.031875 0.145381
vt 0.076554 0.182386
vt 0.080615 0.197364
vt 0.068313 0.196655
vt 0.079175 0.189879
vt 0.012410 0.150443
vt 0.045625 0.191217
vt 0.014272 0.183390
vt 0.106540 0.210173
vt 0.104579 0.212638
vt 0.100467 0.214353
vt 0.208157 0.283385
vt 0.181699 0.290599
vt 0.153715 0.264560
vt 0.112995 0.214625
vt 0.111087 0.219701
vt 0.110378 0.224970
vt 0.098829 0.239352
vt 0.105634 0.288016
vt 0.160952 0.307292
vt 0.082487 0.250170
vt 0.099790 0.312478
vt 0.134765 0.312385
vt 0.109451 0.315850
vt 0.132153 0.315939
vt 0.082046 0.231950
vt 0.042705 0.233676
vt 0.032000 0.197973
vt 0.025679 0.192745
vt 0.020372 0.204161
vt 0.017443 0.199306
vt 0.011725 0.204943
vt 0.214543 0.605173
vt 0.214770 0.628602
vt 0.016660 0.210994
vt 0.018868 0.247770
vt 0.011417 0.238365
vt 0.012491 0.250366
vt 0.218603 0.634756
vt 0.216650 0.572050
vt 0.010148 0.257992
vt 0.096706 0.215451
vt 0.068073 0.258890
vt 0.057944 0.274496
vt 0.048805 0.285427
vt 0.247145 0.588207
vt 0.032008 0.280051
vt 0.020010 0.274241
vt 0.036729 0.289467
vt 0.034814 0.292814
vt 0.018046 0.276730
vt 0.014393 0.280689
vt 0.012589 0.268522
vt 0.216122 0.545785
vt 0.011453 0.278202
vt 0.235330 0.549993
vt 0.269183 0.549859
vt 0.083703 0.314962
vt 0.215840 0.427695
vt 0.215509 0.395914
vt 0.084656 0.317685
vt 0.039103 0.294040
vt 0.038531 0.299136
vt 0.026549 0.310953
vt 0.053369 0.311383
vt 0.054117 0.314382
vt 0.057053 0.317515
vt 0.239525 0.429434
vt 0.214614 0.458492
vt 0.035327 0.315851
vt 0.231595 0.473500
vt 0.218524 0.476435
vt 0.021590 0.317298
vt 0.214764 0.487599
vt 0.227807 0.486837
vt 0.032483 0.298846
vt 0.031198 0.293991
vt 0.015718 0.314566
vt 0.012622 0.294597
vt 0.213992 0.515982
vt 0.216351 0.520427
vt 0.216549 0.512242
vt 0.215318 0.533430
vt 0.218230 0.532460
vt 0.222950 0.530691
vt 0.226815 0.525567
vt 0.013013 0.316342
vt 0.216541 0.508789
vt 0.213706 0.501433
vt 0.213108 0.504379
vt 0.234078 0.511254
vt 0.257861 0.513584
vt 0.214829 0.497768
vt 0.220017 0.498159
vt 0.217004 0.505252
vt 0.222964 0.506134
vt 0.224803 0.503470
vt 0.229664 0.507658
vt 0.237178 0.504754
vt 0.244834 0.499172
vt 0.247089 0.506755
vt 0.212958 0.262547
vt 0.239250 0.238899
vt 0.210448 0.269022
vt 0.213649 0.269525
vt 0.245552 0.273169
vt 0.211287 0.286891
vt 0.214215 0.285852
vt 0.212302 0.296734
vt 0.209321 0.298130
vt 0.215639 0.298777
vt 0.226179 0.302117
vt 0.236519 0.296405
vt 0.243484 0.296960
vt 0.210233 0.303815
vt 0.211631 0.304471
vt 0.210375 0.308260
vt 0.206631 0.308282
vt 0.202015 0.300497
vt 0.208968 0.309587
vt 0.215071 0.306889
vt 0.203174 0.311682
vt 0.212598 0.313395
vt 0.215539 0.311535
vt 0.221231 0.308751
vt 0.190199 0.310641
vt 0.223878 0.313729
vt 0.214310 0.321002
vt 0.237476 0.304997
vt 0.227696 0.311125
vt 0.241217 0.309657
vt 0.255310 0.310613
vt 0.253787 0.313706
vt 0.239377 0.325936
vt 0.248766 0.301925
vt 0.260890 0.302771
vt 0.258236 0.309366
vt 0.267130 0.309770
vt 0.268060 0.175558
vt 0.252946 0.193984
vt 0.288708 0.179622
vt 0.284378 0.195225
vt 0.267908 0.200876
vt 0.275216 0.207458
vt 0.304794 0.175702
vt 0.311156 0.183159
vt 0.310652 0.180468
vt 0.315672 0.196783
vt 0.320348 0.179927
vt 0.325182 0.180218
vt 0.317556 0.187374
vt 0.331061 0.178743
vt 0.325935 0.172750
vt 0.332290 0.185134
vt 0.328411 0.193666
vt 0.323889 0.193235
vt 0.331520 0.211382
vt 0.294356 0.218552
vt 0.272224 0.256532
vt 0.331899 0.252302
vt 0.296181 0.280284
vt 0.170950 0.314171
vt 0.216655 0.340812
vt 0.165273 0.311556
vt 0.149143 0.313970
vt 0.214614 0.367088
vt 0.229821 0.356338
vt 0.232288 0.381588
vt 0.244124 0.353109
vt 0.244173 0.368715
vt 0.249980 0.336883
vt 0.259274 0.329132
vt 0.262339 0.349875
vt 0.249898 0.358568
vt 0.234510 0.401922
vt 0.236136 0.419244
vt 0.249614 0.411239
vt 0.260537 0.385660
vt 0.249136 0.403960
vt 0.258786 0.397679
vt 0.277722 0.407847
vt 0.251145 0.415898
vt 0.261584 0.424983
vt 0.266663 0.403330
vt 0.279311 0.423764
vt 0.270489 0.415098
vt 0.295100 0.303542
vt 0.284057 0.308920
vt 0.291087 0.310120
vt 0.279169 0.312330
vt 0.302982 0.312832
vt 0.258229 0.326028
vt 0.273031 0.322588
vt 0.279968 0.325658
vt 0.269309 0.341224
vt 0.271557 0.358988
vt 0.267111 0.365069
vt 0.270810 0.353489
vt 0.279045 0.336871
vt 0.271988 0.350691
vt 0.282226 0.349070
vt 0.287531 0.355389
vt 0.289543 0.326578
vt 0.285556 0.340818
vt 0.293091 0.337959
vt 0.288886 0.350549
vt 0.307079 0.340531
vt 0.297630 0.342137
vt 0.301382 0.346129
vt 0.283723 0.362868
vt 0.286623 0.367156
vt 0.276279 0.369896
vt 0.260100 0.368180
vt 0.289165 0.384344
vt 0.277027 0.396291
vt 0.292100 0.403624
vt 0.288155 0.397060
vt 0.303721 0.367037
vt 0.311868 0.359645
vt 0.308666 0.354948
vt 0.317020 0.381092
vt 0.304898 0.390567
vt 0.311371 0.393898
vt 0.317741 0.389330
vt 0.306748 0.403380
vt 0.286898 0.416231
vt 0.285992 0.447625
vt 0.306395 0.412992
vt 0.312418 0.439543
vt 0.337191 0.400314
vt 0.304708 0.455494
vt 0.330974 0.456354
vt 0.323520 0.454854
vt 0.320214 0.477737
vt 0.349067 0.468579
vt 0.335204 0.190166
vt 0.344063 0.189489
vt 0.344489 0.199127
vt 0.353478 0.205304
vt 0.366720 0.212896
vt 0.348605 0.231393
vt 0.344601 0.178136
vt 0.336766 0.179159
vt 0.338992 0.182291
vt 0.347250 0.184373
vt 0.353890 0.175798
vt 0.351143 0.183642
vt 0.354652 0.183478
vt 0.361835 0.179488
vt 0.358811 0.187273
vt 0.362343 0.184760
vt 0.349529 0.195028
vt 0.365516 0.199198
vt 0.369509 0.190409
vt 0.391112 0.198711
vt 0.392128 0.216140
vt 0.377416 0.248294
vt 0.399109 0.190389
vt 0.394824 0.194084
vt 0.403884 0.192075
vt 0.416822 0.215941
vt 0.429820 0.218685
vt 0.434406 0.242504
vt 0.383870 0.278058
vt 0.355325 0.292871
vt 0.408585 0.279602
vt 0.393436 0.292717
vt 0.327320 0.299915
vt 0.311041 0.308983
vt 0.320149 0.310450
vt 0.322538 0.314056
vt 0.328611 0.350660
vt 0.326513 0.308458
vt 0.347074 0.303603
vt 0.336028 0.309170
vt 0.331564 0.311427
vt 0.340424 0.314384
vt 0.339576 0.308518
vt 0.345694 0.308757
vt 0.350065 0.311909
vt 0.352692 0.308592
vt 0.345432 0.350725
vt 0.323233 0.356755
vt 0.325181 0.361023
vt 0.335033 0.354475
vt 0.328333 0.390544
vt 0.339950 0.373453
vt 0.341369 0.381651
vt 0.339778 0.391283
vt 0.344252 0.354951
vt 0.361521 0.361908
vt 0.350261 0.368610
vt 0.350548 0.375477
vt 0.344316 0.376726
vt 0.354931 0.387082
vt 0.353234 0.361527
vt 0.365386 0.374018
vt 0.379627 0.300547
vt 0.360409 0.308056
vt 0.365941 0.309821
vt 0.370302 0.312264
vt 0.374939 0.308873
vt 0.382109 0.336412
vt 0.382003 0.308450
vt 0.387479 0.307938
vt 0.400909 0.308238
vt 0.389110 0.311056
vt 0.395827 0.310824
vt 0.404981 0.310966
vt 0.407650 0.320345
vt 0.384197 0.312144
vt 0.379661 0.378792
vt 0.390000 0.375292
vt 0.426109 0.342456
vt 0.401467 0.370400
vt 0.351587 0.404997
vt 0.344006 0.423457
vt 0.335621 0.443032
vt 0.341434 0.450152
vt 0.352401 0.399269
vt 0.351874 0.410601
vt 0.353498 0.413656
vt 0.372668 0.445094
vt 0.334019 0.453320
vt 0.382062 0.497174
vt 0.386071 0.473907
vt 0.422895 0.372747
vt 0.424672 0.385693
vt 0.388741 0.394431
vt 0.388383 0.400796
vt 0.393229 0.388926
vt 0.390147 0.392010
vt 0.393154 0.397268
vt 0.392575 0.394657
vt 0.389774 0.411724
vt 0.388845 0.427350
vt 0.392904 0.409203
vt 0.393220 0.404925
vt 0.391936 0.400669
vt 0.411352 0.404182
vt 0.392387 0.418934
vt 0.391754 0.432792
vt 0.404391 0.433427
vt 0.398271 0.475895
vt 0.411008 0.477042
vt 0.440271 0.410289
vt 0.429934 0.456784
vt 0.251777 0.464354
vt 0.268382 0.463544
vt 0.281997 0.470081
vt 0.278365 0.498336
vt 0.258440 0.507869
vt 0.268686 0.510803
vt 0.259635 0.504955
vt 0.265531 0.505982
vt 0.272631 0.503697
vt 0.250179 0.504752
vt 0.292596 0.531766
vt 0.278400 0.508736
vt 0.274145 0.507156
vt 0.297183 0.511556
vt 0.279112 0.504862
vt 0.284403 0.507020
vt 0.290006 0.504770
vt 0.284850 0.503285
vt 0.296356 0.506539
vt 0.313266 0.501332
vt 0.302939 0.508980
vt 0.303803 0.503123
vt 0.304977 0.505732
vt 0.312029 0.505605
vt 0.347964 0.498696
vt 0.217522 0.733028
vt 0.213526 0.706999
vt 0.215618 0.720721
vt 0.244311 0.714773
vt 0.217611 0.700602
vt 0.262298 0.693354
vt 0.249269 0.683576
vt 0.214345 0.674471
vt 0.217213 0.672675
vt 0.212264 0.654169
vt 0.215075 0.642424
vt 0.238263 0.665958
vt 0.254072 0.645302
vt 0.297161 0.693960
vt 0.269611 0.691143
vt 0.291370 0.659146
vt 0.274408 0.647144
vt 0.273387 0.622587
vt 0.255913 0.624376
vt 0.270560 0.641851
vt 0.290180 0.624422
vt 0.336089 0.660435
vt 0.370595 0.661125
vt 0.305664 0.611059
vt 0.307878 0.634682
vt 0.307540 0.634945
vt 0.361819 0.613375
vt 0.395311 0.677366
vt 0.414120 0.670775
vt 0.403960 0.646993
vt 0.358729 0.634947
vt 0.385998 0.626610
vt 0.371381 0.624081
vt 0.382744 0.612053
vt 0.327286 0.561243
vt 0.380766 0.554591
vt 0.313492 0.521713
vt 0.324309 0.510189
vt 0.341433 0.524975
vt 0.339662 0.511941
vt 0.424485 0.684011
vt 0.428839 0.677904
vt 0.437116 0.685954
vt 0.428853 0.643301
vt 0.450446 0.685428
vt 0.447396 0.664884
vt 0.453588 0.643974
vt 0.405193 0.619297
vt 0.409981 0.622504
vt 0.420249 0.629936
vt 0.400064 0.590952
vt 0.412575 0.606886
vt 0.410699 0.603055
vt 0.410333 0.599334
vt 0.450463 0.621232
vt 0.442682 0.619242
vt 0.454095 0.631904
vt 0.443259 0.605981
vt 0.420328 0.618030
vt 0.417165 0.606806
vt 0.418939 0.603021
vt 0.423726 0.600234
vt 0.434334 0.609542
vt 0.469516 0.654471
vt 0.470041 0.641004
vt 0.478915 0.637038
vt 0.493944 0.633822
vt 0.462597 0.637251
vt 0.471682 0.632849
vt 0.463214 0.621449
vt 0.422424 0.571275
vt 0.448878 0.583054
vt 0.445146 0.596167
vt 0.455479 0.587845
vt 0.449703 0.588828
vt 0.460451 0.597675
vt 0.459225 0.613904
vt 0.468348 0.598917
vt 0.481539 0.628955
vt 0.484481 0.612633
vt 0.472224 0.603509
vt 0.475013 0.595971
vt 0.481955 0.582714
vt 0.480709 0.588066
vt 0.488208 0.605564
vt 0.482591 0.602727
vt 0.475779 0.591969
vt 0.469419 0.681032
vt 0.478092 0.672826
vt 0.479988 0.661197
vt 0.505435 0.659046
vt 0.513012 0.639973
vt 0.407067 0.572026
vt 0.355981 0.509191
vt 0.388500 0.510814
vt 0.354672 0.505980
vt 0.366790 0.507141
vt 0.352544 0.503743
vt 0.372365 0.502185
vt 0.376091 0.505473
vt 0.386143 0.506663
vt 0.402212 0.532557
vt 0.395686 0.503059
vt 0.412493 0.525971
vt 0.407715 0.506706
vt 0.500489 0.542563
vt 0.438117 0.541627
vt 0.462914 0.578094
vt 0.464776 0.571253
vt 0.473958 0.572960
vt 0.429715 0.530572
vt 0.470266 0.510053
vt 0.414385 0.497587
vt 0.406546 0.504910
vt 0.411467 0.502611
vt 0.432422 0.506406
vt 0.421203 0.503030
vt 0.428657 0.497567
vt 0.436879 0.502822
vt 0.444230 0.495878
vt 0.467302 0.505677
vt 0.467329 0.502664
vt 0.298133 0.519813
vt 0.309105 0.517642
vt 0.310568 0.508376
vt 0.308557 0.507301
vt 0.315862 0.507105
vt 0.318770 0.508678
vt 0.321947 0.504023
vt 0.325116 0.506215
vt 0.328476 0.503285
vt 0.339011 0.506648
vt 0.333489 0.504087
vt 0.585235 0.017930
vt 0.585707 0.016447
vt 0.598614 0.016022
vt 0.615042 0.011737
vt 0.566564 0.012052
vt 0.607063 0.016321
vt 0.644378 0.961270
vt 0.616912 0.016015
vt 0.619019 0.040428
vt 0.624385 0.016107
vt 0.641050 0.015808
vt 0.659284 0.017856
vt 0.503501 0.020069
vt 0.542315 0.030092
vt 0.498637 0.016886
vt 0.505650 0.017140
vt 0.518859 0.016838
vt 0.521660 0.018688
vt 0.557975 0.953283
vt 0.538060 0.016581
vt 0.549091 0.019222
vt 0.538410 0.075630
vt 0.508595 0.133126
vt 0.519130 0.099468
vt 0.557067 0.016963
vt 0.562288 0.021991
vt 0.564967 0.018994
vt 0.567981 0.016265
vt 0.575690 0.029952
vt 0.563048 0.040627
vt 0.550644 0.052103
vt 0.551131 0.040815
vt 0.552342 0.043732
vt 0.558291 0.044219
vt 0.559037 0.052558
vt 0.552291 0.063533
vt 0.554882 0.055284
vt 0.558753 0.061316
vt 0.587357 0.041540
vt 0.570870 0.044753
vt 0.599382 0.041901
vt 0.566464 0.053305
vt 0.570238 0.053409
vt 0.566741 0.070732
vt 0.590970 0.048168
vt 0.580528 0.052970
vt 0.571157 0.067045
vt 0.578626 0.061633
vt 0.574838 0.063619
vt 0.574946 0.070939
vt 0.552117 0.072937
vt 0.544980 0.074661
vt 0.548885 0.086208
vt 0.551339 0.078647
vt 0.539874 0.091699
vt 0.529815 0.100991
vt 0.538952 0.098641
vt 0.545067 0.097469
vt 0.544613 0.108493
vt 0.533318 0.122201
vt 0.556774 0.088656
vt 0.559072 0.077788
vt 0.551151 0.089222
vt 0.572255 0.083193
vt 0.568395 0.089571
vt 0.549670 0.093936
vt 0.554476 0.097056
vt 0.556279 0.092355
vt 0.550227 0.103074
vt 0.554339 0.107510
vt 0.556589 0.124695
vt 0.560001 0.094533
vt 0.558878 0.098879
vt 0.564275 0.098203
vt 0.563375 0.105171
vt 0.558167 0.103193
vt 0.570243 0.100517
vt 0.565112 0.108048
vt 0.561608 0.110666
vt 0.560312 0.114554
vt 0.556673 0.064122
vt 0.559651 0.072035
vt 0.561784 0.075321
vt 0.568412 0.076872
vt 0.564587 0.078442
vt 0.578807 0.073592
vt 0.475977 0.197623
vt 0.512716 0.194932
vt 0.523021 0.169878
vt 0.498206 0.222018
vt 0.477084 0.208577
vt 0.567250 0.138650
vt 0.600693 0.050804
vt 0.590722 0.059663
vt 0.583098 0.074763
vt 0.588751 0.076507
vt 0.600838 0.068807
vt 0.615700 0.050868
vt 0.650500 0.043567
vt 0.637003 0.044233
vt 0.630076 0.053640
vt 0.630022 0.045366
vt 0.610596 0.058212
vt 0.610100 0.072507
vt 0.618629 0.063573
vt 0.616116 0.077905
vt 0.620089 0.055932
vt 0.625326 0.069694
vt 0.631884 0.061072
vt 0.639821 0.053491
vt 0.628980 0.070496
vt 0.634544 0.077819
vt 0.576328 0.094346
vt 0.573213 0.103135
vt 0.578259 0.109811
vt 0.594841 0.109355
vt 0.579978 0.077933
vt 0.589563 0.090494
vt 0.580908 0.092109
vt 0.611228 0.088684
vt 0.604796 0.092981
vt 0.629533 0.087445
vt 0.620262 0.086737
vt 0.614740 0.092587
vt 0.616365 0.101253
vt 0.620867 0.095352
vt 0.626112 0.094236
vt 0.605102 0.106986
vt 0.613209 0.109046
vt 0.635695 0.111006
vt 0.632874 0.148954
vt 0.640785 0.044928
vt 0.642848 0.063473
vt 0.663768 0.046715
vt 0.654024 0.053978
vt 0.655383 0.065513
vt 0.637745 0.072537
vt 0.648196 0.062498
vt 0.649045 0.069375
vt 0.653389 0.074504
vt 0.648049 0.076446
vt 0.638759 0.092361
vt 0.675986 0.042732
vt 0.675721 0.058291
vt 0.670667 0.058472
vt 0.687906 0.042266
vt 0.690353 0.055572
vt 0.673621 0.075737
vt 0.658900 0.071616
vt 0.664684 0.074724
vt 0.656863 0.076720
vt 0.652811 0.091609
vt 0.663665 0.085978
vt 0.682439 0.093916
vt 0.619595 0.106915
vt 0.624536 0.109234
vt 0.628089 0.103738
vt 0.647181 0.099287
vt 0.663020 0.117600
vt 0.650834 0.107177
vt 0.664312 0.094519
vt 0.660584 0.099275
vt 0.663564 0.102506
vt 0.668030 0.106506
vt 0.665419 0.110041
vt 0.591259 0.190082
vt 0.559266 0.208371
vt 0.536203 0.217241
vt 0.593287 0.230631
vt 0.676528 0.195513
vt 0.691192 0.076838
vt 0.701755 0.076216
vt 0.697305 0.071180
vt 0.696754 0.090332
vt 0.706691 0.104691
vt 0.685501 0.108195
vt 0.696727 0.140061
vt 0.727156 0.121591
vt 0.714055 0.129069
vt 0.727452 0.088424
vt 0.730272 0.116635
vt 0.726034 0.104707
vt 0.731447 0.095975
vt 0.731625 0.129545
vt 0.727662 0.130477
vt 0.726100 0.145198
vt 0.728039 0.141890
vt 0.732165 0.165083
vt 0.734628 0.127299
vt 0.736156 0.143581
vt 0.728976 0.165222
vt 0.707731 0.184416
vt 0.692583 0.251190
vt 0.725778 0.171035
vt 0.735493 0.170834
vt 0.743749 0.176923
vt 0.727463 0.190188
vt 0.709342 0.215154
vt 0.726355 0.201626
vt 0.734193 0.206411
vt 0.730447 0.210083
vt 0.703878 0.240724
vt 0.727636 0.221992
vt 0.723483 0.237443
vt 0.729213 0.234412
vt 0.727049 0.232449
vt 0.733063 0.241268
vt 0.737453 0.230240
vt 0.753965 0.208992
vt 0.725967 0.255879
vt 0.729491 0.251521
vt 0.755279 0.260286
vt 0.771662 0.227829
vt 0.737666 0.266290
vt 0.734462 0.270988
vt 0.658715 0.984289
vt 0.659729 0.015215
vt 0.693328 0.983081
vt 0.671541 0.015517
vt 0.682924 0.937586
vt 0.686070 0.015176
vt 0.690809 0.016795
vt 0.706999 0.015026
vt 0.720238 0.986630
vt 0.714289 0.980997
vt 0.698231 0.038002
vt 0.711459 0.950018
vt 0.716123 0.909388
vt 0.731177 0.953824
vt 0.629249 0.916972
vt 0.626051 0.869031
vt 0.607946 0.821214
vt 0.609466 0.797091
vt 0.561204 0.789748
vt 0.575886 0.787308
vt 0.580275 0.790803
vt 0.621424 0.785011
vt 0.580731 0.775223
vt 0.599178 0.789087
vt 0.655537 0.826287
vt 0.617438 0.790309
vt 0.621010 0.786752
vt 0.673512 0.818407
vt 0.633899 0.788033
vt 0.627227 0.758456
vt 0.670190 0.791984
vt 0.645040 0.790269
vt 0.653977 0.787788
vt 0.585295 0.749822
vt 0.605060 0.724694
vt 0.575550 0.675473
vt 0.577413 0.698417
vt 0.538561 0.646838
vt 0.644999 0.706238
vt 0.612082 0.697348
vt 0.635821 0.655335
vt 0.674143 0.867422
vt 0.690532 0.896879
vt 0.710450 0.857997
vt 0.691476 0.829352
vt 0.711858 0.790925
vt 0.681949 0.788770
vt 0.669334 0.785182
vt 0.692140 0.750177
vt 0.696135 0.779575
vt 0.692014 0.785530
vt 0.734012 0.878545
vt 0.734408 0.904729
vt 0.736639 0.888347
vt 0.732327 0.861526
vt 0.730199 0.846813
vt 0.739685 0.877164
vt 0.737319 0.877297
vt 0.739313 0.872670
vt 0.736476 0.870702
vt 0.736958 0.873145
vt 0.740663 0.873414
vt 0.739980 0.868827
vt 0.735663 0.866342
vt 0.736597 0.867061
vt 0.738726 0.865961
vt 0.738575 0.862661
vt 0.736194 0.862217
vt 0.739822 0.862259
vt 0.738575 0.859917
vt 0.744354 0.863843
vt 0.735838 0.859361
vt 0.737365 0.858886
vt 0.736525 0.855357
vt 0.739096 0.857681
vt 0.743859 0.854336
vt 0.748133 0.867304
vt 0.709013 0.828594
vt 0.726097 0.830551
vt 0.730488 0.801467
vt 0.731223 0.815009
vt 0.731404 0.833201
vt 0.733432 0.847684
vt 0.734227 0.834406
vt 0.734378 0.854469
vt 0.737473 0.848956
vt 0.737431 0.843302
vt 0.738337 0.857188
vt 0.738364 0.853168
vt 0.739868 0.854179
vt 0.740186 0.851011
vt 0.741705 0.849659
vt 0.741458 0.845272
vt 0.875806 0.024805
vt 0.736939 0.834757
vt 0.741222 0.837778
vt 0.732731 0.829353
vt 0.736419 0.827825
vt 0.740361 0.830905
vt 0.893756 0.023167
vt 0.903107 0.086292
vt 0.732616 0.824099
vt 0.736003 0.820049
vt 0.734297 0.815461
vt 0.735117 0.804999
vt 0.738840 0.814963
vt 0.739229 0.820785
vt 0.738288 0.805563
vt 0.926056 0.021683
vt 0.908164 0.023106
vt 0.670081 0.727391
vt 0.645751 0.723613
vt 0.651183 0.712907
vt 0.645676 0.700532
vt 0.659896 0.719242
vt 0.654687 0.712797
vt 0.673372 0.717744
vt 0.680227 0.722208
vt 0.659210 0.708928
vt 0.662839 0.710156
vt 0.663572 0.699973
vt 0.655337 0.691729
vt 0.651867 0.697558
vt 0.662106 0.694600
vt 0.673961 0.698640
vt 0.679002 0.704877
vt 0.591228 0.625413
vt 0.641716 0.695226
vt 0.641024 0.676336
vt 0.643745 0.683482
vt 0.655081 0.678228
vt 0.658928 0.681235
vt 0.657537 0.674292
vt 0.677368 0.691009
vt 0.674523 0.683988
vt 0.662005 0.675215
vt 0.673739 0.669774
vt 0.658410 0.665345
vt 0.649014 0.658636
vt 0.645085 0.652088
vt 0.659329 0.657181
vt 0.650893 0.655417
vt 0.652941 0.652871
vt 0.654119 0.649062
vt 0.650822 0.633517
vt 0.672975 0.646730
vt 0.695122 0.718350
vt 0.688659 0.712603
vt 0.710355 0.720642
vt 0.705040 0.706544
vt 0.683496 0.706644
vt 0.692616 0.697263
vt 0.686718 0.692903
vt 0.693126 0.686665
vt 0.697464 0.703628
vt 0.701934 0.700359
vt 0.709524 0.698307
vt 0.700328 0.692688
vt 0.693179 0.691385
vt 0.728689 0.752308
vt 0.732429 0.712054
vt 0.698186 0.667981
vt 0.705782 0.662622
vt 0.710013 0.670383
vt 0.682309 0.679387
vt 0.677825 0.668447
vt 0.673649 0.659224
vt 0.688804 0.670580
vt 0.683397 0.670686
vt 0.679344 0.661254
vt 0.686387 0.655821
vt 0.676320 0.639420
vt 0.732611 0.644112
vt 0.730969 0.664184
vt 0.694934 0.643519
vt 0.700883 0.643332
vt 0.693403 0.635963
vt 0.702702 0.627944
vt 0.708165 0.623790
vt 0.711739 0.785113
vt 0.720400 0.788333
vt 0.730687 0.794379
vt 0.728704 0.790294
vt 0.727443 0.787153
vt 0.720588 0.782845
vt 0.731285 0.787855
vt 0.729914 0.785017
vt 0.730791 0.778593
vt 0.734231 0.795003
vt 0.736958 0.793806
vt 0.928761 0.067019
vt 0.933156 0.023944
vt 0.734625 0.787178
vt 0.735011 0.785381
vt 0.735609 0.788606
vt 0.736654 0.786508
vt 0.733767 0.782833
vt 0.735443 0.776784
vt 0.735634 0.765668
vt 0.737564 0.768317
vt 0.733783 0.753455
vt 0.934013 0.051115
vt 0.734174 0.742965
vt 0.737317 0.744297
vt 0.733543 0.732962
vt 0.736973 0.733910
vt 0.735322 0.727724
vt 0.737540 0.723351
vt 0.723142 0.982900
vt 0.721503 0.016577
vt 0.706978 0.018366
vt 0.720909 0.014135
vt 0.727720 0.977769
vt 0.733980 0.981760
vt 0.732675 0.976008
vt 0.727167 0.014801
vt 0.738012 0.987084
vt 0.735651 0.985280
vt 0.736649 0.980961
vt 0.736980 0.977792
vt 0.742022 0.976730
vt 0.737949 0.967560
vt 0.741321 0.968467
vt 0.751880 0.015545
vt 0.722827 0.023251
vt 0.714535 0.038650
vt 0.701175 0.050566
vt 0.736154 0.968909
vt 0.735678 0.955572
vt 0.741634 0.960729
vt 0.759540 0.016336
vt 0.750441 0.016765
vt 0.727266 0.016963
vt 0.729732 0.015485
vt 0.730452 0.017215
vt 0.725693 0.027683
vt 0.729644 0.023829
vt 0.732541 0.019377
vt 0.741122 0.987507
vt 0.741196 0.984638
vt 0.733081 0.016105
vt 0.737789 0.015962
vt 0.734636 0.027135
vt 0.741746 0.015479
vt 0.729944 0.028808
vt 0.725730 0.036386
vt 0.730946 0.032115
vt 0.727525 0.037003
vt 0.734447 0.071797
vt 0.730311 0.042703
vt 0.728025 0.048911
vt 0.760060 0.079606
vt 0.723375 0.059742
vt 0.730823 0.064954
vt 0.734580 0.939220
vt 0.738942 0.959961
vt 0.741078 0.952519
vt 0.769538 0.015498
vt 0.737832 0.952270
vt 0.736545 0.938528
vt 0.740864 0.944243
vt 0.739856 0.934394
vt 0.740989 0.938196
vt 0.785053 0.016008
vt 0.788658 0.031993
vt 0.734809 0.926764
vt 0.739662 0.922227
vt 0.740170 0.928074
vt 0.737666 0.928756
vt 0.740844 0.922848
vt 0.737273 0.923729
vt 0.737087 0.915934
vt 0.739660 0.914870
vt 0.740833 0.916483
vt 0.803039 0.019776
vt 0.741134 0.912449
vt 0.740118 0.915094
vt 0.740105 0.909816
vt 0.737156 0.909704
vt 0.741400 0.929131
vt 0.794601 0.023288
vt 0.798495 0.025890
vt 0.736552 0.900966
vt 0.739789 0.896868
vt 0.740854 0.901485
vt 0.831333 0.019042
vt 0.740645 0.889514
vt 0.724018 0.072093
vt 0.726571 0.063696
vt 0.728386 0.066940
vt 0.794320 0.032271
vt 0.793101 0.047468
vt 0.789044 0.048321
vt 0.812190 0.022562
vt 0.828903 0.023235
vt 0.841963 0.058561
vt 0.788831 0.073310
vt 0.793638 0.065964
vt 0.793228 0.083359
vt 0.806134 0.093068
vt 0.789559 0.089204
vt 0.796159 0.088651
vt 0.797204 0.093580
vt 0.803053 0.096479
vt 0.803527 0.113085
vt 0.821707 0.096386
vt 0.809757 0.097557
vt 0.806570 0.103509
vt 0.809807 0.109194
vt 0.795423 0.116373
vt 0.789179 0.122332
vt 0.793859 0.121284
vt 0.807671 0.116399
vt 0.822976 0.150548
vt 0.756716 0.127886
vt 0.767970 0.170430
vt 0.788594 0.147426
vt 0.793449 0.125784
vt 0.793654 0.153096
vt 0.739585 0.885792
vt 0.739565 0.882157
vt 0.740605 0.880546
vt 0.863381 0.117511
vt 0.788992 0.181325
vt 0.793307 0.193821
vt 0.789549 0.207289
vt 0.794251 0.206368
vt 0.798077 0.214130
vt 0.815001 0.213024
vt 0.789671 0.238621
vt 0.804049 0.230852
vt 0.806048 0.213084
vt 0.805429 0.215850
vt 0.810105 0.217153
vt 0.806849 0.223188
vt 0.807124 0.235639
vt 0.806509 0.229192
vt 0.809038 0.228673
vt 0.811794 0.230501
vt 0.859292 0.200980
vt 0.837560 0.261651
vt 0.899530 0.191783
vt 0.735946 0.713004
vt 0.739449 0.703539
vt 0.735879 0.698777
vt 0.926825 0.135183
vt 0.733084 0.686262
vt 0.736513 0.690552
vt 0.931090 0.147184
vt 0.735060 0.671035
vt 0.735941 0.642554
vt 0.928647 0.193257
vt 0.931761 0.193860
vt 0.734563 0.614051
vt 0.464217 0.233744
vt 0.461213 0.251067
vt 0.427678 0.276482
vt 0.429543 0.301704
vt 0.446093 0.300896
vt 0.507507 0.247628
vt 0.485820 0.292496
vt 0.475167 0.301713
vt 0.508654 0.275245
vt 0.495485 0.301362
vt 0.483788 0.306324
vt 0.495691 0.306535
vt 0.511357 0.299790
vt 0.512356 0.306111
vt 0.422733 0.307696
vt 0.419805 0.309716
vt 0.424774 0.317899
vt 0.431430 0.309955
vt 0.439982 0.307476
vt 0.434157 0.307575
vt 0.442777 0.310331
vt 0.452497 0.321469
vt 0.447246 0.307965
vt 0.456983 0.307508
vt 0.457775 0.310090
vt 0.463974 0.337181
vt 0.444768 0.361366
vt 0.466209 0.307312
vt 0.481995 0.318578
vt 0.469273 0.310671
vt 0.472722 0.306435
vt 0.477039 0.308210
vt 0.485884 0.309487
vt 0.511600 0.308590
vt 0.528694 0.315981
vt 0.489623 0.354358
vt 0.431384 0.376025
vt 0.435577 0.373253
vt 0.442897 0.390509
vt 0.454822 0.377083
vt 0.430201 0.398153
vt 0.431205 0.391039
vt 0.461281 0.385832
vt 0.478357 0.395923
vt 0.474725 0.427239
vt 0.477245 0.466354
vt 0.510780 0.393599
vt 0.522227 0.359472
vt 0.525147 0.426511
vt 0.524559 0.387507
vt 0.523932 0.404734
vt 0.544894 0.235926
vt 0.554717 0.258159
vt 0.534620 0.287298
vt 0.518846 0.287515
vt 0.545236 0.300271
vt 0.530123 0.306044
vt 0.585804 0.282288
vt 0.542414 0.305695
vt 0.555027 0.304368
vt 0.540391 0.307930
vt 0.551880 0.308123
vt 0.574375 0.298850
vt 0.558580 0.307780
vt 0.571194 0.305820
vt 0.566538 0.307620
vt 0.550437 0.241279
vt 0.587918 0.261361
vt 0.531797 0.353667
vt 0.523979 0.335179
vt 0.566956 0.328302
vt 0.602719 0.367869
vt 0.651894 0.267283
vt 0.638289 0.283065
vt 0.576777 0.309179
vt 0.602836 0.318474
vt 0.596475 0.304375
vt 0.594199 0.307493
vt 0.607911 0.295453
vt 0.608486 0.300077
vt 0.616036 0.308432
vt 0.646211 0.338575
vt 0.526686 0.359978
vt 0.527213 0.374963
vt 0.530247 0.381334
vt 0.574708 0.406001
vt 0.557923 0.440136
vt 0.679957 0.294943
vt 0.643033 0.297793
vt 0.621336 0.304821
vt 0.641887 0.307442
vt 0.679669 0.323310
vt 0.654664 0.299522
vt 0.644376 0.304138
vt 0.666262 0.304378
vt 0.673144 0.307364
vt 0.664870 0.381237
vt 0.681198 0.342565
vt 0.715891 0.297010
vt 0.691820 0.299176
vt 0.708329 0.304186
vt 0.694075 0.303160
vt 0.725488 0.279922
vt 0.682901 0.304222
vt 0.689763 0.304391
vt 0.703781 0.306364
vt 0.682740 0.377668
vt 0.709887 0.352934
vt 0.724059 0.314348
vt 0.722010 0.305473
vt 0.730676 0.270842
vt 0.728944 0.277652
vt 0.732993 0.292603
vt 0.746683 0.299860
vt 0.729409 0.295400
vt 0.724086 0.301934
vt 0.727148 0.306269
vt 0.727433 0.316112
vt 0.735234 0.299516
vt 0.732546 0.299890
vt 0.730306 0.301660
vt 0.732998 0.302053
vt 0.734569 0.314615
vt 0.732014 0.316732
vt 0.768191 0.300916
vt 0.767114 0.298709
vt 0.732332 0.333426
vt 0.728383 0.326516
vt 0.725221 0.366886
vt 0.728382 0.338958
vt 0.733517 0.362110
vt 0.728219 0.360389
vt 0.506665 0.608983
vt 0.503976 0.594880
vt 0.523373 0.602023
vt 0.490393 0.592547
vt 0.486174 0.574472
vt 0.492287 0.574872
vt 0.510092 0.586084
vt 0.520721 0.575730
vt 0.528670 0.579066
vt 0.519738 0.579727
vt 0.539866 0.565317
vt 0.539023 0.611328
vt 0.590821 0.567843
vt 0.481214 0.569909
vt 0.482064 0.566989
vt 0.487413 0.496457
vt 0.511244 0.502072
vt 0.501680 0.505150
vt 0.528829 0.458242
vt 0.529661 0.445324
vt 0.532065 0.436770
vt 0.541157 0.510473
vt 0.584240 0.508415
vt 0.544903 0.505209
vt 0.523169 0.483080
vt 0.522407 0.473747
vt 0.526050 0.478735
vt 0.529944 0.476863
vt 0.527324 0.481254
vt 0.535724 0.472312
vt 0.520700 0.504784
vt 0.533113 0.496005
vt 0.530827 0.504749
vt 0.549048 0.502273
vt 0.563006 0.501423
vt 0.647713 0.625225
vt 0.639861 0.615572
vt 0.642556 0.621021
vt 0.644035 0.603963
vt 0.651390 0.615740
vt 0.637300 0.599704
vt 0.639950 0.590026
vt 0.645298 0.599085
vt 0.656741 0.629247
vt 0.638588 0.578477
vt 0.664494 0.543519
vt 0.622765 0.530399
vt 0.661720 0.627862
vt 0.654714 0.603668
vt 0.669020 0.616608
vt 0.660896 0.609192
vt 0.652509 0.591657
vt 0.658452 0.601135
vt 0.670280 0.594792
vt 0.679983 0.603525
vt 0.660189 0.587375
vt 0.682613 0.593388
vt 0.677184 0.591475
vt 0.669983 0.578830
vt 0.678683 0.588671
vt 0.684196 0.588411
vt 0.675946 0.582215
vt 0.694191 0.579459
vt 0.681558 0.581703
vt 0.672996 0.624869
vt 0.678804 0.628366
vt 0.675925 0.610753
vt 0.687478 0.629195
vt 0.701979 0.616049
vt 0.681625 0.618190
vt 0.687540 0.606999
vt 0.689055 0.609973
vt 0.694686 0.610122
vt 0.693837 0.601976
vt 0.692149 0.589975
vt 0.647066 0.586223
vt 0.649014 0.577409
vt 0.648733 0.588481
vt 0.649219 0.573291
vt 0.657987 0.579283
vt 0.690535 0.565591
vt 0.675837 0.565373
vt 0.573275 0.480052
vt 0.598007 0.448115
vt 0.573201 0.426237
vt 0.594567 0.493300
vt 0.579323 0.501680
vt 0.586401 0.504307
vt 0.564264 0.504226
vt 0.603587 0.500987
vt 0.618120 0.503800
vt 0.646939 0.412988
vt 0.650517 0.454897
vt 0.625321 0.493922
vt 0.647862 0.484935
vt 0.655889 0.492782
vt 0.648735 0.506023
vt 0.634962 0.500970
vt 0.654720 0.500228
vt 0.642868 0.503540
vt 0.650097 0.503729
vt 0.659534 0.502852
vt 0.680212 0.442322
vt 0.683256 0.402215
vt 0.789014 0.254196
vt 0.793504 0.245090
vt 0.789291 0.272667
vt 0.798067 0.240992
vt 0.890510 0.272580
vt 0.713170 0.404317
vt 0.727968 0.378764
vt 0.731251 0.370295
vt 0.730902 0.376566
vt 0.727488 0.393043
vt 0.731121 0.392043
vt 0.821213 0.313976
vt 0.728008 0.405017
vt 0.725117 0.399484
vt 0.725153 0.411641
vt 0.728820 0.400300
vt 0.732097 0.407377
vt 0.831911 0.313607
vt 0.831837 0.307513
vt 0.829462 0.305703
vt 0.850862 0.306797
vt 0.837968 0.308578
vt 0.843148 0.309767
vt 0.827397 0.309439
vt 0.706597 0.453783
vt 0.721755 0.454117
vt 0.725399 0.417992
vt 0.728237 0.411538
vt 0.726223 0.424374
vt 0.728510 0.421218
vt 0.728193 0.429812
vt 0.729527 0.425115
vt 0.728308 0.439565
vt 0.732011 0.426805
vt 0.731976 0.432925
vt 0.733565 0.430950
vt 0.732003 0.419293
vt 0.733063 0.418306
vt 0.857121 0.307988
vt 0.865878 0.309184
vt 0.884639 0.306043
vt 0.732753 0.441717
vt 0.732993 0.451598
vt 0.728335 0.459473
vt 0.732540 0.460819
vt 0.733802 0.460519
vt 0.737017 0.454701
vt 0.881162 0.308046
vt 0.710595 0.580405
vt 0.731124 0.592906
vt 0.699795 0.595238
vt 0.700890 0.589089
vt 0.928880 0.261404
vt 0.736956 0.560628
vt 0.734101 0.583920
vt 0.731090 0.567684
vt 0.708212 0.527570
vt 0.731823 0.535925
vt 0.730577 0.522629
vt 0.734848 0.523633
vt 0.737111 0.518548
vt 0.733333 0.516324
vt 0.736511 0.508895
vt 0.733030 0.469180
vt 0.915216 0.305872
vt 0.733389 0.547691
vt 0.676846 0.484521
vt 0.682864 0.473995
vt 0.685374 0.485344
vt 0.683807 0.503878
vt 0.685370 0.492359
vt 0.667345 0.500030
vt 0.670633 0.502760
vt 0.685122 0.499801
vt 0.697833 0.498608
vt 0.708488 0.482671
vt 0.718241 0.487198
vt 0.701497 0.505030
vt 0.704678 0.502016
vt 0.711325 0.500637
vt 0.715342 0.503298
vt 0.715482 0.497780
vt 0.714091 0.491831
vt 0.729032 0.466352
vt 0.729205 0.482685
vt 0.725419 0.494202
vt 0.732592 0.480210
vt 0.732287 0.486366
vt 0.733214 0.485895
vt 0.727500 0.509044
vt 0.726391 0.504093
vt 0.726170 0.500071
vt 0.726147 0.501962
vt 0.929588 0.303872
vt 0.728823 0.490597
vt 0.732517 0.489711
vt 0.732241 0.493454
vt 0.736433 0.488934
vt 0.731752 0.496227
vt 0.736114 0.496020
vt 0.732914 0.510087
vt 0.733370 0.506760
vt 0.731378 0.503631
vt 0.733940 0.501756
vt 0.736548 0.501339
vt 0.728702 0.497528
vt 0.730996 0.499988
vt 0.736099 0.500136
vt 0.732041 0.474612
vt 0.736830 0.469366
vt 0.900818 0.307972
vt 0.733455 0.474482
vt 0.736490 0.480547
vt 0.914819 0.307704
vt 0.927594 0.306440
vt 0.788275 0.288235
vt 0.789857 0.299390
vt 0.794278 0.298029
vt 0.791232 0.301639
vt 0.792433 0.300883
vt 0.795052 0.302914
vt 0.797821 0.303308
vt 0.795632 0.305912
vt 0.803913 0.311423
vt 0.802315 0.306681
vt 0.802282 0.307643
vt 0.806388 0.305693
vt 0.813078 0.308648
vt 0.814153 0.307438
vt 0.825007 0.308023
vt 0.212762 0.834798
vt 0.214563 0.873349
vt 0.217788 0.981461
vt 0.218317 0.989046
vt 0.217790 0.966393
vt 0.139120 0.019048
vt 0.215019 0.017212
vt 0.233943 0.017121
vt 0.260394 0.989141
vt 0.265256 0.989535
vt 0.272414 0.989129
vt 0.280313 0.989249
vt 0.290731 0.989465
vt 0.293502 0.016107
vt 0.214571 0.898383
vt 0.303125 0.016311
vt 0.344256 0.988952
vt 0.386612 0.014403
vt 0.372324 0.015724
vt 0.361670 0.016136
vt 0.408645 0.014593
vt 0.425901 0.012526
vt 0.453297 0.986267
vt 0.462238 0.012612
vt 0.486057 0.986059
vt 0.497155 0.985805
vt 0.525790 0.985535
vt 0.210510 0.732338
vt 0.212639 0.801960
vt 0.212956 0.806812
vt 0.013358 0.031256
vt 0.212176 0.787145
vt 0.211046 0.674497
vt 0.212017 0.409906
vt 0.212773 0.387255
vt 0.212210 0.620184
vt 0.212877 0.586799
vt 0.214315 0.567190
vt 0.213387 0.546974
vt 0.213074 0.434728
vt 0.212124 0.462357
vt 0.211160 0.498098
vt 0.212436 0.530522
vt 0.011693 0.308952
vt 0.214015 0.507823
vt 0.015751 0.317498
vt 0.210133 0.316265
vt 0.212137 0.348525
vt 0.211291 0.370260
vt 0.011411 0.170847
vt 0.625881 0.984853
vt 0.577446 0.985137
vt 0.647932 0.011149
vt 0.682604 0.010148
vt 0.709528 0.013866
vt 0.865174 0.022030
vt 0.852426 0.022668
vt 0.870534 0.021872
vt 0.874942 0.021864
vt 0.882303 0.021788
vt 0.889147 0.021525
vt 0.905232 0.020901
vt 0.899400 0.020674
vt 0.914699 0.020787
vt 0.738687 0.794172
vt 0.737718 0.783958
vt 0.933680 0.021508
vt 0.933247 0.039597
vt 0.736660 0.756818
vt 0.933403 0.063643
vt 0.933599 0.074016
vt 0.932982 0.084581
vt 0.731725 0.986973
vt 0.737702 0.989225
vt 0.743635 0.014599
vt 0.751758 0.014498
vt 0.759428 0.014938
vt 0.739892 0.989842
vt 0.732826 0.014657
vt 0.735902 0.014398
vt 0.767607 0.014058
vt 0.775955 0.014158
vt 0.782018 0.014728
vt 0.797488 0.015117
vt 0.803943 0.014693
vt 0.807983 0.014717
vt 0.791207 0.015263
vt 0.818942 0.014270
vt 0.745835 0.888944
vt 0.930928 0.104385
vt 0.738829 0.660762
vt 0.737810 0.614111
vt 0.745422 0.301350
vt 0.735413 0.337454
vt 0.792189 0.303888
vt 0.799097 0.310392
vt 0.805959 0.313227
vt 0.822379 0.314936
vt 0.838070 0.314838
vt 0.849069 0.313528
vt 0.737746 0.435084
vt 0.885468 0.309711
vt 0.932162 0.247376
vt 0.931663 0.289530
vt 0.932048 0.299234
vt 0.919556 0.308673
vt 0.926719 0.308027
vt 0.931512 0.306870
vt 0.931120 0.308050
vt 0.900098 0.309240
vt 0.911229 0.309067
usemtl material_0
f 1/1/4 2/2/1 3/3/114
f 3/2000/114 2/1999/1 4/4/115
f 4/4/115 2/1999/1 5/5/2
f 6/6/116 4/4/115 5/5/2
f 7/7/3 1/1/4 8/8/5
f 7/7/3 2/2/1 1/1/4
f 9/9/329 10/10/129 11/11/6
f 12/12/8 13/13/14 14/14/27
f 15/15/7 13/13/14 12/12/8
f 15/15/7 16/16/9 13/13/14
f 17/17/10 12/12/8 18/18/12
f 19/19/11 17/17/10 18/18/12
f 17/17/10 15/15/7 12/12/8
f 13/2001/14 16/2003/9 20/20/17
f 20/20/17 21/21/13 13/2001/14
f 17/17/10 22/22/15 15/15/7
f 23/23/16 15/15/7 22/22/15
f 23/23/16 16/16/9 15/15/7
f 24/24/110 20/20/17 16/2003/9
f 23/23/16 24/2004/110 16/16/9
f 25/25/22 26/26/19 14/2002/27
f 14/14/27 26/2005/19 27/27/28
f 28/28/33 29/29/18 27/27/28
f 27/27/28 26/2005/19 30/30/20
f 31/31/21 26/26/19 25/25/22
f 32/32/23 33/33/25 34/34/29
f 35/35/24 12/12/8 36/36/26
f 33/33/25 35/35/24 36/36/26
f 36/36/26 12/12/8 14/14/27
f 12/12/8 35/35/24 18/18/12
f 27/27/28 34/34/29 36/36/26
f 27/27/28 36/36/26 14/14/27
f 34/34/29 33/33/25 36/36/26
f 29/29/18 32/32/23 34/34/29
f 33/33/25 32/32/23 37/37/94
f 33/33/25 18/18/12 35/35/24
f 27/27/28 29/29/18 34/34/29
f 38/38/32 39/39/81 29/29/18
f 39/39/81 32/32/23 29/29/18
f 13/2001/14 25/25/22 14/2002/27
f 25/25/22 13/2001/14 21/21/13
f 21/21/13 31/31/21 25/25/22
f 40/40/30 19/19/11 18/18/12
f 18/18/12 33/33/25 40/40/30
f 28/28/33 27/27/28 30/30/20
f 41/41/31 28/28/33 30/30/20
f 38/38/32 28/28/33 42/42/34
f 42/42/34 28/28/33 41/41/31
f 30/30/20 26/2005/19 41/41/31
f 43/43/35 26/26/19 31/31/21
f 43/2006/35 41/41/31 26/2005/19
f 43/2006/35 44/44/36 41/41/31
f 42/42/34 41/41/31 44/44/36
f 43/43/35 31/31/21 45/45/37
f 38/38/32 29/29/18 28/28/33
f 46/46/38 21/21/13 47/47/39
f 31/31/21 21/21/13 46/46/38
f 45/45/37 31/31/21 46/46/38
f 48/48/40 38/38/32 42/42/34
f 42/42/34 44/44/36 49/49/42
f 49/49/42 44/44/36 43/2006/35
f 48/48/40 42/42/34 49/49/42
f 38/38/32 48/48/40 50/50/41
f 51/51/44 49/49/42 43/2006/35
f 51/51/44 52/52/43 49/49/42
f 53/53/48 49/49/42 52/52/43
f 53/53/48 48/48/40 49/49/42
f 54/54/146 45/45/37 46/46/38
f 45/45/37 51/2007/44 43/43/35
f 51/2007/44 45/45/37 55/55/45
f 55/55/45 45/45/37 54/54/146
f 52/2008/43 51/2007/44 55/55/45
f 56/56/46 57/57/47 53/53/48
f 56/2009/46 55/55/45 57/2010/47
f 53/53/48 57/57/47 58/58/51
f 59/59/49 53/53/48 60/60/50
f 58/2011/51 57/2010/47 55/55/45
f 60/60/50 53/53/48 58/58/51
f 58/58/51 61/61/52 60/60/50
f 62/62/145 58/2011/51 55/55/45
f 48/48/40 53/53/48 59/59/49
f 50/50/41 48/48/40 59/59/49
f 53/53/48 52/52/43 56/56/46
f 55/55/45 56/2009/46 52/2008/43
f 21/21/13 20/20/17 47/47/39
f 46/46/38 47/47/39 63/63/53
f 63/63/53 47/47/39 64/64/54
f 64/64/54 47/47/39 65/65/118
f 63/63/53 54/54/146 46/46/38
f 64/64/54 66/66/56 63/63/53
f 66/66/56 64/64/54 67/67/119
f 68/68/55 63/63/53 66/66/56
f 66/66/56 69/69/59 68/68/55
f 66/66/56 70/70/57 71/71/58
f 72/72/60 71/71/58 70/70/57
f 70/70/57 66/66/56 72/72/60
f 69/69/59 66/66/56 71/71/58
f 69/69/59 71/71/58 72/72/60
f 69/69/59 72/72/60 73/73/67
f 54/54/146 63/63/53 68/68/55
f 54/54/146 68/68/55 74/74/61
f 68/68/55 69/69/59 75/75/62
f 74/74/61 68/68/55 75/75/62
f 76/76/75 75/75/62 77/77/76
f 78/78/63 74/74/61 75/75/62
f 76/76/75 78/78/63 75/75/62
f 72/72/60 66/66/56 79/79/64
f 80/80/66 72/72/60 79/79/64
f 72/72/60 80/80/66 73/73/67
f 81/81/65 73/73/67 80/80/66
f 82/82/69 81/81/65 83/83/72
f 73/73/67 84/84/68 69/69/59
f 73/73/67 81/81/65 85/85/71
f 75/75/62 69/69/59 84/84/68
f 84/84/68 73/73/67 86/86/73
f 86/86/73 73/73/67 85/85/71
f 82/82/69 85/85/71 81/81/65
f 82/82/69 87/87/70 85/85/71
f 88/88/74 82/82/69 83/83/72
f 82/82/69 88/88/74 87/87/70
f 86/86/73 85/85/71 87/87/70
f 87/87/70 88/88/74 86/86/73
f 76/76/75 77/77/76 89/89/168
f 77/77/76 75/75/62 84/84/68
f 77/77/76 84/84/68 89/89/168
f 90/90/174 84/84/68 86/86/73
f 91/91/77 88/88/74 92/92/78
f 93/93/176 88/88/74 91/91/77
f 86/86/73 88/88/74 93/93/176
f 92/92/78 94/94/79 91/91/77
f 95/95/80 39/39/81 96/96/83
f 97/97/82 96/96/83 39/39/81
f 38/38/32 97/97/82 39/39/81
f 98/98/101 97/97/82 38/38/32
f 99/99/84 37/37/94 96/96/83
f 96/96/83 97/97/82 99/99/84
f 37/37/94 99/99/84 100/100/104
f 100/100/104 101/101/98 37/37/94
f 102/102/85 17/17/10 19/19/11
f 102/102/85 19/19/11 103/103/86
f 22/22/15 17/17/10 102/102/85
f 102/102/85 103/103/86 104/104/87
f 104/104/87 105/105/95 102/102/85
f 105/105/95 22/22/15 102/102/85
f 106/106/88 22/22/15 105/105/95
f 106/106/88 8/8/5 22/22/15
f 33/33/25 37/37/94 107/107/89
f 39/39/81 95/95/80 32/32/23
f 32/32/23 95/95/80 37/37/94
f 40/40/30 107/107/89 108/108/90
f 33/33/25 107/107/89 40/40/30
f 19/19/11 40/40/30 108/108/90
f 108/108/90 103/103/86 19/19/11
f 108/108/90 104/104/87 103/103/86
f 37/37/94 95/95/80 96/96/83
f 109/109/91 110/110/92 37/37/94
f 111/111/93 107/107/89 37/37/94
f 111/111/93 104/104/87 108/108/90
f 104/104/87 111/111/93 110/110/92
f 108/108/90 107/107/89 111/111/93
f 110/110/92 111/111/93 37/37/94
f 105/105/95 104/104/87 110/110/92
f 109/109/91 37/37/94 112/112/96
f 113/113/97 109/109/91 112/112/96
f 113/113/97 112/112/96 101/101/98
f 112/112/96 37/37/94 101/101/98
f 113/113/97 105/105/95 110/110/92
f 113/113/97 106/106/88 105/105/95
f 110/110/92 109/109/91 113/113/97
f 114/114/99 101/101/98 100/100/104
f 101/101/98 114/114/99 113/113/97
f 115/115/100 113/113/97 114/114/99
f 115/115/100 106/106/88 113/113/97
f 98/98/101 38/38/32 50/50/41
f 98/98/101 50/50/41 116/116/201
f 117/117/102 99/99/84 97/97/82
f 117/117/102 118/118/103 99/99/84
f 98/98/101 117/117/102 97/97/82
f 100/100/104 99/99/84 118/118/103
f 114/114/99 100/100/104 119/119/107
f 100/100/104 118/118/103 120/120/105
f 120/120/105 119/119/107 100/100/104
f 120/120/105 121/121/106 119/119/107
f 119/119/107 121/121/106 122/122/510
f 123/123/108 98/98/101 116/116/201
f 124/124/109 117/117/102 98/98/101
f 124/124/109 118/118/103 117/117/102
f 120/120/105 118/118/103 125/125/512
f 122/122/510 114/114/99 119/119/107
f 24/2004/110 23/23/16 126/126/111
f 22/22/15 126/126/111 23/23/16
f 65/65/118 47/47/39 20/20/17
f 22/22/15 8/8/5 126/126/111
f 127/127/112 20/20/17 24/24/110
f 128/128/113 24/2004/110 126/126/111
f 1/1/4 126/126/111 8/8/5
f 4/4/115 24/24/110 128/2013/113
f 126/126/111 1/1/4 128/128/113
f 20/20/17 127/127/112 65/65/118
f 64/64/54 65/65/118 67/67/119
f 4/4/115 128/2013/113 3/2000/114
f 24/24/110 4/4/115 127/127/112
f 4/4/115 6/6/116 127/127/112
f 127/127/112 6/6/116 129/129/117
f 65/65/118 127/127/112 129/129/117
f 1/1/4 3/3/114 128/128/113
f 129/129/117 6/6/116 130/130/321
f 65/65/118 129/129/117 67/67/119
f 129/129/117 131/131/121 67/67/119
f 132/132/120 131/131/121 129/129/117
f 131/131/121 132/132/120 133/133/137
f 132/132/120 129/129/117 134/134/122
f 133/133/137 132/132/120 134/134/122
f 133/133/137 134/134/122 135/135/371
f 106/106/88 136/136/123 8/8/5
f 8/8/5 136/136/123 137/137/126
f 138/138/124 106/106/88 115/115/100
f 115/115/100 139/139/125 138/138/124
f 138/138/124 136/136/123 106/106/88
f 114/114/99 140/140/520 115/115/100
f 140/140/520 139/139/125 115/115/100
f 137/137/126 136/136/123 141/141/127
f 7/7/3 8/8/5 137/137/126
f 137/137/126 142/142/128 10/10/129
f 143/143/130 10/10/129 142/142/128
f 137/137/126 9/9/329 7/7/3
f 10/10/129 143/143/130 11/11/6
f 9/9/329 137/137/126 10/10/129
f 144/144/131 145/145/132 143/143/130
f 145/145/132 11/11/6 143/143/130
f 146/146/535 145/145/132 144/144/131
f 66/66/56 67/67/119 79/79/64
f 67/67/119 131/131/121 147/147/134
f 147/147/134 79/79/64 67/67/119
f 79/79/64 147/147/134 80/80/66
f 148/148/136 80/80/66 147/147/134
f 149/149/133 148/148/136 147/147/134
f 149/149/133 150/150/135 148/148/136
f 150/150/135 80/80/66 148/148/136
f 81/81/65 80/80/66 150/150/135
f 150/150/135 151/151/138 81/81/65
f 81/81/65 151/151/138 83/83/72
f 147/147/134 131/131/121 133/133/137
f 149/149/133 147/147/134 133/133/137
f 133/133/137 135/135/371 149/149/133
f 152/152/139 151/151/138 150/150/135
f 150/150/135 149/149/133 152/152/139
f 152/152/139 149/149/133 153/153/141
f 83/83/72 151/151/138 154/154/140
f 151/151/138 152/152/139 154/154/140
f 154/154/140 152/152/139 153/153/141
f 153/153/141 155/155/142 154/154/140
f 153/153/141 149/149/133 135/135/371
f 153/153/141 135/135/371 155/155/142
f 155/155/142 83/83/72 154/154/140
f 88/88/74 83/83/72 155/155/142
f 88/88/74 155/155/142 92/92/78
f 155/155/142 135/135/371 156/156/377
f 92/92/78 155/155/142 156/156/377
f 92/92/78 156/156/377 157/157/143
f 157/157/143 94/94/79 92/92/78
f 91/91/77 94/94/79 158/158/379
f 61/61/52 58/58/51 62/2012/145
f 59/59/49 60/60/50 159/159/148
f 159/159/148 60/60/50 61/61/52
f 61/61/52 62/2012/145 159/159/148
f 160/160/144 59/59/49 159/159/148
f 62/62/145 55/55/45 54/54/146
f 62/62/145 54/54/146 161/161/147
f 161/161/147 162/162/153 62/62/145
f 160/160/144 159/159/148 163/163/149
f 164/164/152 160/160/144 163/163/149
f 164/164/152 165/165/150 160/160/144
f 163/163/149 159/159/148 62/2012/145
f 166/166/151 62/62/145 162/162/153
f 62/2012/145 166/2014/151 163/163/149
f 163/163/149 166/2014/151 164/164/152
f 167/167/154 164/164/152 166/2014/151
f 167/2015/154 166/166/151 162/162/153
f 167/2015/154 162/162/153 168/168/170
f 59/59/49 169/169/162 50/50/41
f 160/160/144 169/169/162 59/59/49
f 169/169/162 160/160/144 165/165/150
f 167/167/154 170/170/158 171/171/155
f 171/171/155 165/165/150 164/164/152
f 167/167/154 171/171/155 164/164/152
f 165/165/150 171/171/155 170/170/158
f 172/172/156 170/170/158 167/167/154
f 172/172/156 173/173/157 170/170/158
f 169/169/162 165/165/150 173/173/157
f 170/170/158 173/173/157 165/165/150
f 172/172/156 174/174/159 173/173/157
f 174/174/159 172/172/156 167/167/154
f 175/175/193 174/174/159 176/176/190
f 173/173/157 174/174/159 175/175/193
f 177/177/160 173/173/157 178/178/161
f 169/169/162 177/177/160 178/178/161
f 169/169/162 173/173/157 177/177/160
f 169/169/162 178/178/161 179/179/163
f 169/169/162 179/179/163 180/180/164
f 161/161/147 54/54/146 181/181/165
f 168/168/170 161/161/147 181/181/165
f 161/161/147 168/168/170 162/162/153
f 181/181/165 54/54/146 182/182/172
f 181/181/165 182/182/172 168/168/170
f 182/182/172 54/54/146 74/74/61
f 183/183/166 74/74/61 184/184/167
f 182/182/172 74/74/61 183/183/166
f 184/184/167 74/74/61 78/78/63
f 184/184/167 78/78/63 183/183/166
f 89/89/168 183/183/166 78/78/63
f 185/185/169 168/168/170 186/186/171
f 186/186/171 168/168/170 182/182/172
f 182/182/172 183/183/166 187/187/181
f 188/188/177 182/182/172 187/187/181
f 186/186/171 182/182/172 188/188/177
f 189/189/180 186/186/171 188/188/177
f 89/89/168 78/78/63 76/76/75
f 90/90/174 89/89/168 84/84/68
f 187/187/181 183/183/166 89/89/168
f 187/187/181 89/89/168 190/190/173
f 190/190/173 89/89/168 191/191/182
f 89/89/168 90/90/174 192/192/179
f 192/192/179 90/90/174 193/193/175
f 191/191/182 89/89/168 192/192/179
f 93/93/176 90/90/174 86/86/73
f 93/93/176 193/193/175 90/90/174
f 194/194/404 93/93/176 91/91/77
f 193/193/175 93/93/176 194/194/404
f 188/188/177 195/195/178 192/192/179
f 189/189/180 188/188/177 192/192/179
f 188/188/177 187/187/181 195/195/178
f 195/195/178 187/187/181 190/190/173
f 191/191/182 195/195/178 190/190/173
f 195/195/178 191/191/182 192/192/179
f 192/192/179 193/193/175 196/196/183
f 196/196/183 193/193/175 194/194/404
f 197/197/184 192/192/179 196/196/183
f 198/198/185 199/199/186 200/200/189
f 199/2017/186 198/2016/185 201/201/198
f 198/2016/185 202/202/226 201/201/198
f 203/203/187 204/204/228 201/201/198
f 205/205/188 200/200/189 186/186/171
f 176/176/190 174/174/159 167/167/154
f 206/206/194 168/168/170 185/185/169
f 168/168/170 206/206/194 167/2015/154
f 186/186/171 206/206/194 185/185/169
f 176/176/190 167/167/154 207/207/191
f 208/208/192 176/176/190 207/207/191
f 209/209/196 167/2015/154 206/206/194
f 176/176/190 208/208/192 175/175/193
f 178/178/161 173/173/157 175/175/193
f 178/178/161 175/175/193 208/208/192
f 178/178/161 208/208/192 207/207/191
f 167/167/154 209/2018/196 207/207/191
f 200/200/189 206/206/194 186/186/171
f 210/210/195 206/206/194 200/200/189
f 210/210/195 209/209/196 206/206/194
f 207/207/191 211/211/199 178/178/161
f 211/211/199 207/207/191 212/212/197
f 212/212/197 207/207/191 209/2018/196
f 212/212/197 209/2018/196 199/2017/186
f 201/201/198 211/211/199 212/212/197
f 201/201/198 212/212/197 199/2017/186
f 204/204/228 178/178/161 211/211/199
f 204/204/228 211/211/199 201/201/198
f 210/210/195 200/200/189 209/209/196
f 199/199/186 209/209/196 200/200/189
f 179/179/163 178/178/161 204/204/228
f 189/189/180 192/192/179 213/213/200
f 213/213/200 205/205/188 186/186/171
f 213/213/200 186/186/171 189/189/180
f 214/214/205 50/50/41 169/169/162
f 215/215/202 50/50/41 214/214/205
f 116/116/201 50/50/41 215/215/202
f 216/216/213 215/215/202 214/214/205
f 217/217/204 218/218/664 215/215/202
f 218/218/664 116/116/201 215/215/202
f 123/123/108 116/116/201 218/218/664
f 219/219/203 218/218/664 217/217/204
f 217/217/204 215/215/202 216/216/213
f 180/180/164 214/214/205 169/169/162
f 216/216/213 214/214/205 220/220/206
f 214/214/205 180/180/164 220/220/206
f 220/220/206 180/180/164 221/221/207
f 220/220/206 221/221/207 222/222/210
f 223/223/208 224/224/209 220/220/206
f 222/222/210 223/223/208 220/220/206
f 223/223/208 225/225/211 224/224/209
f 219/219/203 217/217/204 226/226/212
f 227/227/670 226/226/212 217/217/204
f 216/216/213 220/220/206 224/224/209
f 224/224/209 225/225/211 216/216/213
f 228/228/214 229/229/215 217/217/204
f 230/230/217 217/217/204 225/225/211
f 217/217/204 216/216/213 225/225/211
f 231/231/216 230/230/217 225/225/211
f 230/230/217 228/228/214 217/217/204
f 232/232/225 228/228/214 230/230/217
f 233/233/218 234/234/219 228/228/214
f 232/232/225 233/233/218 228/228/214
f 233/233/218 235/235/675 234/234/219
f 236/236/220 235/235/675 233/233/218
f 237/237/223 232/232/225 230/230/217
f 231/231/216 237/237/223 230/230/217
f 225/225/211 238/238/221 231/231/216
f 238/238/221 237/237/223 231/231/216
f 239/239/222 237/237/223 238/238/221
f 225/225/211 240/240/269 238/238/221
f 233/233/218 232/232/225 241/241/768
f 241/241/768 236/236/220 233/233/218
f 237/237/223 242/242/224 232/232/225
f 232/232/225 242/242/224 241/241/768
f 242/242/224 243/243/278 241/241/768
f 203/203/187 201/201/198 202/202/226
f 244/244/227 203/203/187 202/202/226
f 202/202/226 198/2016/185 244/244/227
f 198/198/185 200/200/189 245/245/232
f 204/204/228 203/203/187 244/244/227
f 245/2019/232 244/244/227 198/2016/185
f 246/246/229 244/244/227 245/2019/232
f 204/204/228 244/244/227 246/246/229
f 247/247/234 204/204/228 246/246/229
f 248/248/230 247/247/234 246/246/229
f 248/248/230 246/246/229 245/2019/232
f 249/249/231 200/200/189 205/205/188
f 249/249/231 245/245/232 200/200/189
f 248/248/230 250/250/233 247/247/234
f 204/204/228 247/247/234 251/251/235
f 252/252/252 251/251/235 247/247/234
f 253/253/237 250/250/233 249/2020/231
f 245/2019/232 249/2020/231 248/248/230
f 250/250/233 248/248/230 249/2020/231
f 254/254/241 247/247/234 250/250/233
f 254/254/241 250/250/233 253/253/237
f 255/255/239 256/256/236 253/253/237
f 249/2020/231 255/255/239 253/253/237
f 257/257/238 256/256/236 255/255/239
f 258/258/246 255/255/239 249/2020/231
f 258/2021/246 249/249/231 259/259/240
f 256/256/236 254/254/241 253/253/237
f 252/252/252 254/254/241 256/256/236
f 252/252/252 247/247/234 254/254/241
f 252/252/252 256/256/236 257/257/238
f 259/259/240 249/249/231 260/260/260
f 260/260/260 205/205/188 261/261/242
f 249/249/231 205/205/188 260/260/260
f 251/251/235 179/179/163 204/204/228
f 262/262/1055 179/179/163 251/251/235
f 180/180/164 179/179/163 262/262/1055
f 262/262/1055 263/263/268 180/180/164
f 205/205/188 213/213/200 261/261/242
f 264/264/243 261/261/242 213/213/200
f 257/257/238 255/255/239 265/265/244
f 255/255/239 258/258/246 265/265/244
f 266/266/245 257/257/238 265/265/244
f 266/266/245 265/265/244 258/258/246
f 267/267/247 257/257/238 266/266/245
f 257/257/238 267/267/247 252/252/252
f 267/267/247 266/266/245 258/258/246
f 258/2021/246 259/259/240 268/268/248
f 268/268/248 259/259/240 260/260/260
f 258/258/246 268/2022/248 267/267/247
f 269/269/249 267/267/247 268/2022/248
f 270/270/250 267/267/247 269/269/249
f 270/270/250 269/269/249 268/2022/248
f 252/252/252 267/267/247 270/270/250
f 271/271/251 272/272/257 273/273/254
f 274/274/262 271/271/251 273/273/254
f 275/275/253 276/276/256 271/271/251
f 275/275/253 271/271/251 274/274/262
f 252/252/252 275/275/253 277/277/261
f 270/270/250 273/273/254 278/278/255
f 273/273/254 272/272/257 278/278/255
f 273/273/254 270/270/250 268/2022/248
f 278/278/255 252/252/252 270/270/250
f 276/276/256 278/278/255 272/272/257
f 252/252/252 278/278/255 276/276/256
f 272/272/257 271/271/251 276/276/256
f 275/275/253 252/252/252 276/276/256
f 268/268/248 260/260/260 279/279/1061
f 273/2023/254 268/268/248 279/279/1061
f 279/279/1061 260/260/260 280/280/258
f 260/260/260 261/261/242 281/281/259
f 281/281/259 261/261/242 264/264/243
f 280/280/258 260/260/260 282/282/1062
f 282/282/1062 260/260/260 281/281/259
f 277/277/261 275/275/253 274/274/262
f 277/277/261 274/274/262 283/283/1057
f 283/2025/1057 274/2024/262 279/279/1061
f 273/2023/254 279/279/1061 274/2024/262
f 280/280/258 282/282/1062 279/279/1061
f 284/284/263 263/263/268 262/262/1055
f 252/252/252 262/262/1055 251/251/235
f 284/284/263 262/262/1055 285/285/264
f 286/286/266 221/221/207 180/180/164
f 287/287/265 221/221/207 286/286/266
f 221/221/207 287/287/265 222/222/210
f 287/287/265 223/223/208 222/222/210
f 263/263/268 286/286/266 180/180/164
f 286/286/266 288/288/267 287/287/265
f 288/288/267 289/289/276 287/287/265
f 263/263/268 288/288/267 286/286/266
f 223/223/208 287/287/265 225/225/211
f 225/225/211 287/287/265 290/290/275
f 291/291/270 240/240/269 225/225/211
f 225/225/211 290/290/275 291/291/270
f 291/291/270 292/292/271 240/240/269
f 293/293/272 291/291/270 294/294/273
f 294/294/273 291/291/270 290/290/275
f 295/295/274 294/294/273 290/290/275
f 289/289/276 295/295/274 290/290/275
f 296/296/288 294/294/273 295/295/274
f 296/296/288 297/297/277 294/294/273
f 289/289/276 290/290/275 287/287/265
f 240/240/269 239/239/222 238/238/221
f 239/239/222 240/240/269 292/292/271
f 291/291/270 239/239/222 292/292/271
f 298/298/280 239/239/222 291/291/270
f 239/239/222 299/299/279 237/237/223
f 237/237/223 243/243/278 242/242/224
f 299/299/279 243/243/278 237/237/223
f 300/300/281 291/291/270 293/293/272
f 298/298/280 291/291/270 300/300/281
f 301/301/285 293/293/272 294/294/273
f 302/302/282 294/294/273 297/297/277
f 301/301/285 300/300/281 293/293/272
f 294/294/273 302/302/282 301/301/285
f 298/298/280 299/299/279 239/239/222
f 303/303/283 243/243/278 299/299/279
f 298/298/280 300/300/281 301/301/285
f 304/304/284 298/298/280 301/301/285
f 305/305/286 296/296/288 295/295/274
f 306/306/290 295/295/274 289/289/276
f 305/305/286 295/295/274 306/306/290
f 305/305/286 307/307/287 296/296/288
f 308/308/289 306/306/290 289/289/276
f 306/306/290 308/308/289 309/309/291
f 310/310/301 308/308/289 289/289/276
f 288/288/267 310/310/301 289/289/276
f 306/306/290 309/309/291 305/305/286
f 308/308/289 305/305/286 309/309/291
f 297/297/277 301/301/285 302/302/282
f 307/307/287 297/297/277 296/296/288
f 311/311/294 297/297/277 307/307/287
f 311/311/294 307/307/287 305/305/286
f 304/304/284 297/297/277 311/311/294
f 297/297/277 304/304/284 301/301/285
f 299/299/279 298/298/280 304/304/284
f 303/303/283 299/299/279 312/312/292
f 312/312/292 299/299/279 304/304/284
f 313/313/296 312/312/292 304/304/284
f 314/314/293 311/311/294 305/305/286
f 311/311/294 315/315/295 312/312/292
f 314/314/293 315/315/295 311/311/294
f 316/316/308 315/315/295 314/314/293
f 313/313/296 304/304/284 311/311/294
f 312/312/292 313/313/296 311/311/294
f 317/317/297 288/288/267 263/263/268
f 284/284/263 318/318/298 317/317/297
f 310/310/301 317/317/297 318/318/298
f 310/310/301 288/288/267 317/317/297
f 319/319/300 308/308/289 310/310/301
f 320/320/299 308/308/289 319/319/300
f 320/320/299 319/319/300 310/310/301
f 321/321/305 308/308/289 320/320/299
f 322/322/302 320/320/299 310/310/301
f 323/323/303 320/320/299 322/322/302
f 320/320/299 323/323/303 324/324/304
f 324/324/304 321/321/305 320/320/299
f 325/325/306 322/322/302 310/310/301
f 326/326/307 322/322/302 325/325/306
f 323/323/303 322/322/302 326/326/307
f 323/323/303 326/326/307 324/324/304
f 305/305/286 327/327/314 314/314/293
f 327/327/314 316/316/308 314/314/293
f 328/328/310 316/316/308 327/327/314
f 328/328/310 327/327/314 329/329/309
f 316/316/308 328/328/310 315/315/295
f 312/312/292 315/315/295 328/328/310
f 330/330/311 312/312/292 328/328/310
f 328/328/310 329/329/309 330/330/311
f 330/330/311 329/329/309 331/331/312
f 329/329/309 332/332/313 331/331/312
f 308/308/289 327/327/314 305/305/286
f 327/327/314 321/321/305 329/329/309
f 321/321/305 327/327/314 308/308/289
f 324/324/304 326/326/307 321/321/305
f 333/333/317 321/321/305 326/326/307
f 329/329/309 334/334/316 332/332/313
f 334/334/316 329/329/309 321/321/305
f 333/333/317 334/334/316 321/321/305
f 310/310/301 318/318/298 325/325/306
f 318/318/298 335/335/315 325/325/306
f 336/336/318 332/332/313 334/334/316
f 333/333/317 326/326/307 325/325/306
f 333/333/317 336/336/318 334/334/316
f 337/337/320 333/333/317 325/325/306
f 338/338/319 337/337/320 325/325/306
f 263/263/268 284/284/263 317/317/297
f 339/339/323 5/5/2 340/340/324
f 5/5/2 2/1999/1 340/340/324
f 130/130/321 6/6/116 339/339/323
f 6/6/116 5/5/2 339/339/323
f 341/341/322 339/339/323 342/342/325
f 340/340/324 342/342/325 339/339/323
f 342/342/325 340/340/324 343/343/326
f 343/343/326 344/344/343 342/342/325
f 345/345/327 342/342/325 344/344/343
f 341/341/322 342/342/325 345/345/327
f 341/341/322 345/345/327 346/346/358
f 7/7/3 347/347/331 2/2/1
f 9/9/329 347/347/331 7/7/3
f 347/347/331 9/9/329 348/348/328
f 145/145/132 9/9/329 11/11/6
f 9/9/329 145/145/132 348/348/328
f 145/145/132 349/349/904 348/348/328
f 350/350/330 351/351/334 347/347/331
f 350/2027/330 343/343/326 351/2028/334
f 350/2027/330 352/352/332 343/343/326
f 353/353/333 352/352/332 350/2027/330
f 353/353/333 350/2027/330 354/354/336
f 351/2028/334 340/340/324 2/1999/1
f 351/2028/334 343/343/326 340/340/324
f 347/347/331 351/351/334 2/2/1
f 352/352/332 344/344/343 343/343/326
f 347/347/331 348/348/328 355/355/335
f 350/350/330 347/347/331 355/355/335
f 354/2029/336 350/350/330 355/355/335
f 356/356/337 354/2029/336 355/355/335
f 357/357/338 352/352/332 353/353/333
f 344/344/343 352/352/332 357/357/338
f 344/344/343 357/357/338 358/358/345
f 354/354/336 357/357/338 353/353/333
f 357/357/338 354/354/336 359/359/339
f 359/359/339 360/360/340 357/357/338
f 358/358/345 357/357/338 360/360/340
f 358/358/345 360/360/340 361/361/341
f 362/362/342 344/344/343 358/358/345
f 361/361/341 363/363/344 358/358/345
f 348/348/328 349/349/904 356/356/337
f 355/355/335 348/348/328 356/356/337
f 356/2030/337 349/2026/904 364/364/346
f 356/2030/337 359/359/339 354/354/336
f 359/359/339 361/361/341 360/360/340
f 363/363/344 361/361/341 365/365/347
f 356/2030/337 364/364/346 359/359/339
f 359/359/339 364/364/346 366/366/348
f 361/361/341 359/359/339 366/366/348
f 365/365/347 361/361/341 366/366/348
f 366/366/348 367/367/356 365/365/347
f 362/362/342 345/345/327 344/344/343
f 362/362/342 346/346/358 345/345/327
f 362/362/342 358/358/345 368/368/349
f 368/368/349 358/358/345 363/363/344
f 368/368/349 363/363/344 365/365/347
f 369/369/352 362/362/342 368/368/349
f 346/346/358 362/362/342 370/370/351
f 370/370/351 362/362/342 369/369/352
f 371/371/350 370/370/351 369/369/352
f 365/365/347 371/371/350 369/369/352
f 367/367/356 366/366/348 372/372/353
f 369/369/352 368/368/349 365/365/347
f 371/371/350 365/365/347 367/367/356
f 349/349/904 145/145/132 146/146/535
f 372/372/353 366/366/348 373/373/354
f 364/364/346 373/373/354 366/366/348
f 374/374/355 373/373/354 364/364/346
f 373/373/354 374/374/355 372/372/353
f 375/375/905 374/374/355 364/364/346
f 376/376/906 372/372/353 374/374/355
f 377/377/366 367/367/356 372/372/353
f 130/130/321 339/339/323 341/341/322
f 134/134/122 129/129/117 130/130/321
f 378/378/357 379/379/359 341/341/322
f 378/378/357 341/341/322 346/346/358
f 130/130/321 341/341/322 379/379/359
f 379/379/359 378/378/357 380/380/362
f 379/379/359 134/134/122 130/130/321
f 135/135/371 134/134/122 379/379/359
f 135/135/371 379/379/359 381/381/360
f 381/381/360 379/379/359 380/380/362
f 381/381/360 380/380/362 382/382/374
f 382/382/374 380/380/362 383/383/383
f 384/384/365 385/385/361 380/380/362
f 383/383/383 380/380/362 385/385/361
f 385/385/361 384/384/365 386/386/363
f 387/387/364 385/385/361 386/386/363
f 388/388/368 387/387/364 386/386/363
f 378/378/357 346/346/358 384/384/365
f 377/377/366 371/371/350 367/367/356
f 389/389/400 371/371/350 377/377/366
f 384/384/365 346/346/358 370/370/351
f 370/370/351 371/371/350 390/390/367
f 390/390/367 384/384/365 370/370/351
f 388/388/368 390/390/367 371/371/350
f 384/384/365 390/390/367 386/386/363
f 388/388/368 386/386/363 390/390/367
f 380/380/362 378/378/357 384/384/365
f 389/389/400 388/388/368 371/371/350
f 391/391/369 388/388/368 389/389/400
f 392/392/370 135/135/371 393/393/372
f 394/394/373 135/135/371 392/392/370
f 135/135/371 381/381/360 382/382/374
f 393/393/372 135/135/371 382/382/374
f 395/395/375 382/382/374 383/383/383
f 382/382/374 395/395/375 393/393/372
f 393/393/372 395/395/375 396/396/376
f 397/397/384 393/393/372 396/396/376
f 156/156/377 135/135/371 394/394/373
f 156/156/377 394/394/373 398/398/381
f 157/157/143 156/156/377 399/399/378
f 399/399/378 156/156/377 398/398/381
f 398/398/381 394/394/373 400/400/382
f 400/400/382 394/394/373 392/392/370
f 158/158/379 157/157/143 399/399/378
f 158/158/379 399/399/378 398/398/381
f 401/401/380 398/398/381 400/400/382
f 157/157/143 158/158/379 94/94/79
f 158/158/379 398/398/381 401/401/380
f 383/383/383 396/396/376 395/395/375
f 396/396/376 383/383/383 397/397/384
f 397/397/384 383/383/383 385/385/361
f 402/402/385 387/387/364 388/388/368
f 397/397/384 385/385/361 403/403/387
f 403/403/387 385/385/361 387/387/364
f 403/403/387 387/387/364 402/402/385
f 397/397/384 392/392/370 393/393/372
f 404/404/386 403/403/387 402/402/385
f 405/405/396 402/402/385 391/391/369
f 404/404/386 402/402/385 405/405/396
f 403/403/387 406/406/388 397/397/384
f 406/406/388 403/403/387 407/407/389
f 404/404/386 407/407/389 403/403/387
f 392/392/370 397/397/384 408/408/390
f 408/408/390 397/397/384 409/409/391
f 409/409/391 397/397/384 406/406/388
f 409/409/391 406/406/388 407/407/389
f 410/410/392 407/407/389 404/404/386
f 410/410/392 404/404/386 405/405/396
f 409/409/391 407/407/389 410/410/392
f 409/409/391 411/411/394 408/408/390
f 412/412/393 411/411/394 409/409/391
f 413/413/395 408/408/390 411/411/394
f 405/405/396 414/414/398 410/410/392
f 412/412/393 409/409/391 410/410/392
f 414/414/398 412/412/393 410/410/392
f 415/415/397 414/414/398 405/405/396
f 416/416/399 412/412/393 414/414/398
f 402/402/385 388/388/368 391/391/369
f 417/417/401 391/391/369 389/389/400
f 405/405/396 391/391/369 417/417/401
f 389/389/400 377/377/366 417/417/401
f 417/417/401 377/377/366 418/418/402
f 417/417/401 419/419/415 405/405/396
f 419/419/415 415/415/397 405/405/396
f 418/418/402 419/419/415 417/417/401
f 194/194/404 91/91/77 158/158/379
f 420/420/403 194/194/404 158/158/379
f 420/420/403 158/158/379 421/421/410
f 420/420/403 421/421/410 422/422/412
f 196/196/183 194/194/404 423/423/405
f 196/196/183 423/423/405 424/424/408
f 194/194/404 424/424/408 423/423/405
f 194/194/404 420/420/403 422/422/412
f 424/424/408 194/194/404 422/422/412
f 192/192/179 197/197/184 424/424/408
f 425/425/406 192/192/179 424/424/408
f 424/424/408 197/197/184 196/196/183
f 424/424/408 422/422/412 426/426/413
f 427/427/407 424/424/408 426/426/413
f 428/428/455 425/425/406 424/424/408
f 427/427/407 428/428/455 424/424/408
f 213/213/200 192/192/179 264/264/243
f 264/264/243 192/192/179 425/425/406
f 264/264/243 425/425/406 428/428/455
f 428/428/455 427/427/407 429/429/409
f 429/429/409 427/427/407 430/430/444
f 401/401/380 421/421/410 158/158/379
f 421/421/410 401/401/380 400/400/382
f 422/422/412 421/421/410 400/400/382
f 431/431/411 422/422/412 400/400/382
f 432/432/422 426/426/413 422/422/412
f 400/400/382 392/392/370 431/431/411
f 408/408/390 431/431/411 392/392/370
f 433/433/423 408/408/390 434/434/414
f 433/433/423 431/431/411 408/408/390
f 412/412/393 413/413/395 411/411/394
f 412/412/393 416/416/399 413/413/395
f 435/435/417 413/413/395 416/416/399
f 435/435/417 416/416/399 436/436/420
f 436/436/420 416/416/399 414/414/398
f 436/436/420 414/414/398 419/419/415
f 419/419/415 414/414/398 415/415/397
f 413/413/395 434/434/414 408/408/390
f 437/437/416 413/413/395 435/435/417
f 438/438/418 435/435/417 436/436/420
f 435/435/417 438/438/418 437/437/416
f 439/439/424 413/413/395 437/437/416
f 413/413/395 439/439/424 434/434/414
f 440/440/419 439/439/424 437/437/416
f 440/440/419 437/437/416 438/438/418
f 436/436/420 441/441/421 438/438/418
f 441/441/421 440/440/419 438/438/418
f 442/442/429 441/441/421 436/436/420
f 431/431/411 432/432/422 422/422/412
f 432/432/422 431/431/411 433/433/423
f 426/426/413 432/432/422 427/427/407
f 427/427/407 432/432/422 433/433/423
f 443/443/428 434/434/414 439/439/424
f 443/443/428 444/444/426 434/434/414
f 445/445/425 433/433/423 434/434/414
f 444/444/426 443/443/428 446/446/427
f 445/445/425 434/434/414 444/444/426
f 444/444/426 446/446/427 447/447/435
f 448/448/436 440/440/419 441/441/421
f 442/442/429 448/448/436 441/441/421
f 439/439/424 440/440/419 443/443/428
f 443/443/428 440/440/419 448/448/436
f 446/446/427 443/443/428 448/448/436
f 442/442/429 436/436/420 449/449/430
f 450/450/431 442/442/429 449/449/430
f 450/450/431 448/448/436 442/442/429
f 451/451/433 448/448/436 450/450/431
f 451/451/433 450/450/431 449/449/430
f 436/436/420 419/419/415 449/449/430
f 451/451/433 449/449/430 419/419/415
f 452/452/432 427/427/407 433/433/423
f 452/452/432 433/433/423 445/445/425
f 453/453/438 445/445/425 444/444/426
f 452/452/432 445/445/425 430/430/444
f 430/430/444 427/427/407 452/452/432
f 451/451/433 419/419/415 454/454/434
f 454/454/434 419/419/415 455/455/937
f 456/456/480 454/454/434 455/455/937
f 447/447/435 446/446/427 448/448/436
f 457/457/437 444/444/426 447/447/435
f 447/447/435 448/448/436 457/457/437
f 457/457/437 453/453/438 444/444/426
f 458/458/441 457/457/437 448/448/436
f 430/430/444 445/445/425 459/459/439
f 459/459/439 453/453/438 457/457/437
f 460/460/440 457/457/437 458/458/441
f 458/458/441 448/448/436 461/461/442
f 459/459/439 445/445/425 453/453/438
f 460/460/440 459/459/439 457/457/437
f 461/461/442 448/448/436 451/451/433
f 458/458/441 461/461/442 462/462/443
f 462/462/443 461/461/442 451/451/433
f 430/430/444 459/459/439 463/463/445
f 464/464/446 463/463/445 459/459/439
f 459/459/439 460/460/440 465/465/447
f 465/465/447 464/464/446 459/459/439
f 458/458/441 465/465/447 460/460/440
f 466/466/448 464/464/446 465/465/447
f 466/466/448 465/465/447 458/458/441
f 466/466/448 467/467/452 464/464/446
f 467/467/452 466/466/448 458/458/441
f 458/458/441 462/462/443 468/468/453
f 429/429/409 430/430/444 463/463/445
f 429/429/409 463/463/445 469/469/449
f 464/464/446 470/470/450 463/463/445
f 467/467/452 470/470/450 464/464/446
f 471/471/451 470/470/450 467/467/452
f 458/458/441 468/468/453 472/472/484
f 467/467/452 458/458/441 472/472/484
f 471/471/451 467/467/452 472/472/484
f 462/462/443 473/473/490 468/468/453
f 462/462/443 451/451/433 454/454/434
f 474/474/454 428/428/455 475/475/456
f 264/264/243 428/428/455 474/474/454
f 428/428/455 476/476/459 475/475/456
f 477/477/457 475/475/456 476/476/459
f 478/478/460 475/475/456 477/477/457
f 428/428/455 429/429/409 476/476/459
f 479/479/458 476/476/459 429/429/409
f 264/264/243 474/474/454 478/478/460
f 478/478/460 480/480/462 264/264/243
f 478/478/460 474/474/454 475/475/456
f 478/478/460 477/477/457 476/476/459
f 478/478/460 476/476/459 481/481/461
f 481/481/461 476/476/459 479/479/458
f 281/281/259 264/264/243 480/480/462
f 481/481/461 480/480/462 478/478/460
f 429/429/409 482/482/464 479/479/458
f 482/482/464 481/481/461 479/479/458
f 483/483/463 481/481/461 482/482/464
f 483/483/463 482/482/464 469/469/449
f 481/481/461 483/483/463 484/484/465
f 484/484/465 483/483/463 485/485/466
f 480/480/462 481/481/461 486/486/472
f 486/486/472 481/481/461 484/484/465
f 486/486/472 484/484/465 485/485/466
f 487/487/473 483/483/463 488/488/468
f 485/485/466 483/483/463 487/487/473
f 489/489/467 487/487/473 488/488/468
f 489/489/467 488/488/468 490/490/469
f 491/491/496 490/490/469 492/492/495
f 493/493/1272 480/480/462 494/494/470
f 495/495/471 486/486/472 485/485/466
f 494/494/470 480/480/462 486/486/472
f 495/495/471 485/485/466 487/487/473
f 496/496/474 495/495/471 487/487/473
f 486/486/472 495/495/471 496/496/474
f 490/490/469 491/491/496 489/489/467
f 496/496/474 497/497/1270 486/486/472
f 497/497/1270 496/496/474 498/498/475
f 499/499/1276 498/498/475 496/496/474
f 499/499/1276 496/496/474 487/487/473
f 500/500/476 487/487/473 489/489/467
f 500/500/476 501/501/478 487/487/473
f 489/489/467 491/491/496 502/502/479
f 500/500/476 489/489/467 502/502/479
f 503/503/477 502/502/479 491/491/496
f 501/501/478 500/500/476 502/502/479
f 502/502/479 504/504/1274 501/501/478
f 505/505/489 454/454/434 456/456/480
f 506/506/951 505/505/489 456/456/480
f 507/507/481 505/505/489 508/508/482
f 508/508/482 505/505/489 506/506/951
f 469/469/449 482/482/464 429/429/409
f 469/469/449 463/463/445 470/470/450
f 470/470/450 471/471/451 509/509/483
f 509/509/483 471/471/451 472/472/484
f 469/469/449 470/470/450 509/509/483
f 509/509/483 472/472/484 510/510/487
f 472/472/484 468/468/453 511/511/486
f 512/512/485 469/469/449 509/509/483
f 511/511/486 510/510/487 472/472/484
f 512/512/485 509/509/483 510/510/487
f 511/511/486 468/468/453 473/473/490
f 507/507/481 473/473/490 462/462/443
f 483/483/463 469/469/449 512/512/485
f 510/510/487 488/488/468 512/512/485
f 488/488/468 483/483/463 512/512/485
f 490/490/469 488/488/468 510/510/487
f 511/511/486 473/473/490 513/513/488
f 462/462/443 454/454/434 505/505/489
f 507/507/481 462/462/443 505/505/489
f 514/514/493 507/507/481 508/508/482
f 515/515/494 507/507/481 514/514/493
f 515/515/494 473/473/490 507/507/481
f 514/514/493 508/508/482 516/516/491
f 517/517/492 514/514/493 516/516/491
f 517/517/492 516/516/491 518/518/498
f 514/514/493 517/517/492 515/515/494
f 492/492/495 510/510/487 511/511/486
f 492/492/495 511/511/486 513/513/488
f 490/490/469 510/510/487 492/492/495
f 492/492/495 513/513/488 491/491/496
f 513/513/488 503/503/477 491/491/496
f 519/519/1289 513/513/488 473/473/490
f 473/473/490 515/515/494 520/520/497
f 518/518/498 521/521/1780 517/517/492
f 515/515/494 517/517/492 520/520/497
f 520/520/497 519/519/1289 473/473/490
f 522/522/1288 520/520/497 521/521/1780
f 520/520/497 517/517/492 521/521/1780
f 523/523/499 524/524/500 525/525/501
f 122/122/510 526/526/523 114/114/99
f 527/527/516 526/526/523 122/122/510
f 124/124/109 98/98/101 528/528/504
f 529/529/502 124/124/109 528/528/504
f 529/529/502 530/530/503 124/124/109
f 529/529/502 531/531/507 530/530/503
f 529/529/502 532/532/508 531/531/507
f 528/528/504 533/533/505 529/529/502
f 533/533/505 532/532/508 529/529/502
f 534/534/506 531/531/507 532/532/508
f 121/121/106 120/120/105 535/535/509
f 121/121/106 536/536/515 122/122/510
f 536/536/515 121/121/106 535/535/509
f 530/530/503 118/118/103 124/124/109
f 118/118/103 530/530/503 125/125/512
f 120/120/105 125/125/512 535/535/509
f 531/531/507 125/125/512 530/530/503
f 535/535/509 125/125/512 536/536/515
f 533/533/505 534/534/506 532/532/508
f 531/531/507 534/534/506 125/125/512
f 537/537/517 538/538/511 125/125/512
f 538/538/511 536/536/515 125/125/512
f 123/123/108 528/528/504 98/98/101
f 125/125/512 534/534/506 537/537/517
f 534/534/506 539/539/513 537/537/517
f 528/528/504 540/540/514 533/533/505
f 539/539/513 534/534/506 533/533/505
f 533/533/505 540/540/514 539/539/513
f 123/123/108 540/540/514 528/528/504
f 122/122/510 536/536/515 527/527/516
f 538/538/511 527/527/516 536/536/515
f 527/527/516 538/538/511 541/541/532
f 525/525/501 539/539/513 540/540/514
f 525/525/501 524/524/500 539/539/513
f 537/537/517 539/539/513 524/524/500
f 537/537/517 524/524/500 542/542/518
f 537/537/517 542/542/518 538/538/511
f 525/525/501 540/540/514 543/543/519
f 543/543/519 540/540/514 123/123/108
f 538/538/511 542/542/518 544/544/545
f 524/524/500 523/523/499 542/542/518
f 541/541/532 538/538/511 545/545/547
f 544/544/545 545/545/547 538/538/511
f 136/136/123 138/138/124 141/141/127
f 139/139/125 140/140/520 546/546/521
f 141/141/127 138/138/124 139/139/125
f 546/546/521 141/141/127 139/139/125
f 141/141/127 546/546/521 547/547/525
f 546/546/521 548/548/522 549/549/526
f 546/546/521 140/140/520 548/548/522
f 548/548/522 140/140/520 550/550/533
f 548/548/522 550/550/533 551/551/534
f 114/114/99 526/526/523 140/140/520
f 140/140/520 526/526/523 550/550/533
f 141/141/127 547/547/525 137/137/126
f 552/552/524 137/137/126 547/547/525
f 547/547/525 549/549/526 552/552/524
f 137/137/126 552/552/524 142/142/128
f 553/553/527 142/142/128 552/552/524
f 554/554/528 553/553/527 552/552/524
f 555/555/530 553/553/527 554/554/528
f 547/547/525 546/546/521 549/549/526
f 554/554/528 552/552/524 556/556/529
f 556/556/529 552/552/524 549/549/526
f 555/555/530 554/554/528 556/556/529
f 142/142/128 553/553/527 143/143/130
f 555/555/530 143/143/130 553/553/527
f 143/143/130 555/555/530 144/144/131
f 548/548/522 556/556/529 549/549/526
f 548/548/522 551/551/534 556/556/529
f 551/551/534 555/555/530 556/556/529
f 555/555/530 551/551/534 557/557/531
f 526/526/523 527/527/516 550/550/533
f 541/541/532 550/550/533 527/527/516
f 550/550/533 541/541/532 551/551/534
f 558/558/541 551/551/534 541/541/532
f 557/557/531 144/144/131 555/555/530
f 557/557/531 146/146/535 144/144/131
f 146/146/535 557/557/531 559/559/538
f 560/560/539 557/557/531 558/558/541
f 557/557/531 551/551/534 558/558/541
f 561/561/536 562/562/558 563/563/544
f 349/349/904 559/559/538 564/564/914
f 557/557/531 560/560/539 559/559/538
f 565/565/537 559/559/538 560/560/539
f 560/560/539 563/563/544 565/565/537
f 566/566/915 564/564/914 559/559/538
f 545/545/547 558/558/541 541/541/532
f 567/567/540 558/558/541 545/545/547
f 558/558/541 567/567/540 560/560/539
f 560/560/539 567/567/540 568/568/543
f 561/561/536 568/568/543 569/569/542
f 568/568/543 563/563/544 560/560/539
f 561/561/536 563/563/544 568/568/543
f 570/570/646 544/544/545 542/542/518
f 544/544/545 571/571/546 572/572/551
f 544/544/545 573/573/548 545/545/547
f 573/573/548 544/544/545 574/574/549
f 575/575/550 574/574/549 544/544/545
f 576/576/554 575/575/550 572/572/551
f 575/575/550 544/544/545 572/572/551
f 572/572/551 577/577/552 576/576/554
f 571/571/546 577/577/552 572/572/551
f 571/571/546 578/578/555 577/577/552
f 577/577/552 579/579/553 576/576/554
f 580/580/556 577/577/552 578/578/555
f 581/581/557 580/580/556 578/578/555
f 580/580/556 581/581/557 582/582/587
f 583/583/696 582/582/587 581/581/557
f 562/562/558 584/584/570 585/585/559
f 562/562/558 565/565/537 563/563/544
f 586/586/560 565/565/537 562/562/558
f 562/562/558 585/585/559 586/586/560
f 587/587/561 559/559/538 565/565/537
f 559/559/538 587/587/561 566/566/915
f 588/588/562 587/587/561 586/586/560
f 587/587/561 588/588/562 589/589/563
f 589/589/563 566/566/915 587/587/561
f 590/590/564 566/566/915 589/589/563
f 590/590/564 589/589/563 588/588/562
f 590/2034/564 591/591/569 592/592/931
f 565/565/537 586/586/560 587/587/561
f 588/588/562 593/593/566 590/590/564
f 594/594/565 588/588/562 586/586/560
f 585/585/559 594/594/565 586/586/560
f 594/594/565 593/593/566 588/588/562
f 593/593/566 594/594/565 590/590/564
f 595/595/567 590/590/564 594/594/565
f 591/591/569 590/2034/564 595/2035/567
f 596/596/568 595/595/567 594/594/565
f 597/597/920 591/591/569 598/598/574
f 598/598/574 591/591/569 595/2035/567
f 599/599/581 595/595/567 596/596/568
f 561/561/536 569/569/542 600/600/571
f 584/584/570 561/561/536 600/600/571
f 545/545/547 573/573/548 567/567/540
f 573/573/548 568/568/543 567/567/540
f 568/568/543 573/573/548 574/574/549
f 569/569/542 568/568/543 574/574/549
f 575/575/550 569/569/542 574/574/549
f 575/575/550 600/600/571 569/569/542
f 575/575/550 576/576/554 600/600/571
f 600/600/571 576/576/554 584/584/570
f 562/562/558 561/561/536 584/584/570
f 579/579/553 584/584/570 576/576/554
f 584/584/570 579/579/553 601/601/572
f 602/602/573 601/601/572 579/579/553
f 577/577/552 602/602/573 579/579/553
f 601/601/572 585/585/559 584/584/570
f 603/603/576 602/602/573 577/577/552
f 601/601/572 602/602/573 585/585/559
f 585/585/559 602/602/573 594/594/565
f 598/598/574 604/604/575 597/597/920
f 599/2036/581 598/598/574 595/2035/567
f 594/594/565 602/602/573 605/605/577
f 594/594/565 605/605/577 606/606/579
f 603/603/576 605/605/577 602/602/573
f 607/607/578 605/605/577 603/603/576
f 605/605/577 607/607/578 606/606/579
f 607/607/578 608/608/597 606/606/579
f 606/606/579 608/608/597 609/609/583
f 608/608/597 610/610/584 609/609/583
f 594/594/565 606/606/579 611/611/580
f 611/611/580 596/596/568 594/594/565
f 611/611/580 599/599/581 596/596/568
f 598/598/574 599/2036/581 612/612/585
f 599/599/581 611/611/580 613/613/582
f 609/609/583 611/611/580 606/606/579
f 609/609/583 610/610/584 611/611/580
f 613/613/582 611/611/580 610/610/584
f 612/612/585 599/2036/581 613/2037/582
f 614/614/611 598/598/574 612/612/585
f 598/598/574 614/614/611 604/604/575
f 604/604/575 614/614/611 615/615/614
f 582/582/587 616/616/590 580/580/556
f 617/617/586 582/2032/587 618/618/695
f 619/619/588 616/616/590 582/582/587
f 617/617/586 619/2038/588 582/2032/587
f 607/607/578 603/603/576 620/620/598
f 621/621/600 620/620/598 603/603/576
f 622/622/602 621/621/600 623/623/589
f 580/580/556 616/616/590 623/623/589
f 623/623/589 577/577/552 580/580/556
f 616/616/590 624/624/592 623/623/589
f 625/625/591 624/624/592 616/616/590
f 626/626/879 627/627/594 617/617/586
f 625/625/591 616/616/590 619/619/588
f 617/617/586 627/627/594 619/2038/588
f 627/627/594 625/2039/591 619/2038/588
f 621/621/600 603/603/576 577/577/552
f 623/623/589 621/621/600 577/577/552
f 625/625/591 628/628/593 624/624/592
f 623/623/589 624/624/592 628/628/593
f 623/623/589 628/628/593 622/622/602
f 627/627/594 629/629/881 630/630/595
f 625/625/591 631/631/610 628/628/593
f 627/627/594 632/632/596 625/2039/591
f 630/630/595 632/632/596 627/627/594
f 629/629/881 633/633/617 630/630/595
f 608/608/597 607/607/578 620/620/598
f 620/620/598 621/621/600 608/608/597
f 634/634/599 608/608/597 621/621/600
f 608/608/597 634/634/599 635/635/601
f 635/635/601 610/610/584 608/608/597
f 622/622/602 634/634/599 621/621/600
f 634/634/599 622/622/602 636/636/603
f 634/634/599 636/636/603 635/635/601
f 635/635/601 636/636/603 610/610/584
f 637/637/604 610/610/584 636/636/603
f 637/2041/604 638/638/605 639/639/612
f 638/2042/605 637/637/604 636/636/603
f 640/640/626 639/639/612 638/638/605
f 613/613/582 610/610/584 637/637/604
f 613/2037/582 641/641/607 612/612/585
f 612/612/585 641/641/607 642/642/609
f 637/2041/604 641/641/607 613/2037/582
f 643/643/606 612/612/585 642/642/609
f 639/639/612 641/641/607 637/2041/604
f 642/642/609 641/641/607 639/639/612
f 644/644/608 643/643/606 642/642/609
f 644/644/608 642/642/609 639/639/612
f 628/628/593 631/631/610 622/622/602
f 622/622/602 631/631/610 636/636/603
f 638/2042/605 636/636/603 645/645/622
f 638/638/605 645/2043/622 646/646/623
f 640/640/626 638/638/605 646/646/623
f 647/647/619 648/648/620 631/2040/610
f 631/631/610 648/2044/620 636/636/603
f 636/636/603 648/2044/620 645/645/622
f 614/614/611 612/612/585 644/644/608
f 643/643/606 644/644/608 612/612/585
f 649/649/613 614/614/611 644/644/608
f 639/639/612 649/649/613 644/644/608
f 615/615/614 614/614/611 649/649/613
f 650/650/615 615/615/614 649/649/613
f 632/632/596 631/2040/610 625/2039/591
f 651/651/616 631/2040/610 632/632/596
f 651/651/616 647/647/619 631/2040/610
f 652/652/618 651/651/616 632/632/596
f 632/632/596 630/630/595 652/652/618
f 630/630/595 633/633/617 652/652/618
f 653/653/621 647/647/619 651/651/616
f 653/653/621 648/648/620 647/647/619
f 653/653/621 645/2043/622 648/648/620
f 653/653/621 651/651/616 652/652/618
f 646/646/623 645/2043/622 653/653/621
f 646/646/623 653/653/621 654/654/624
f 655/655/628 654/654/624 653/653/621
f 652/652/618 655/655/628 653/653/621
f 656/656/625 646/646/623 654/654/624
f 656/656/625 640/640/626 646/646/623
f 655/655/628 657/657/627 654/654/624
f 652/652/618 633/633/617 655/655/628
f 658/658/884 655/655/628 633/633/617
f 658/658/884 657/657/627 655/655/628
f 657/657/627 656/656/625 654/654/624
f 639/639/612 640/640/626 649/649/613
f 656/656/625 649/649/613 640/640/626
f 659/659/629 649/649/613 656/656/625
f 659/659/629 656/656/625 657/657/627
f 660/660/630 525/525/501 543/543/519
f 660/660/630 523/523/499 525/525/501
f 661/661/632 660/660/630 543/543/519
f 662/662/633 523/523/499 660/660/630
f 662/662/633 542/542/518 523/523/499
f 660/660/630 661/661/632 663/663/631
f 663/663/631 661/661/632 664/664/689
f 663/663/631 662/662/633 660/660/630
f 542/542/518 662/662/633 570/570/646
f 665/665/635 662/662/633 663/663/631
f 666/666/634 665/665/635 663/663/631
f 665/665/635 570/570/646 662/662/633
f 664/664/689 666/666/634 663/663/631
f 667/667/636 665/665/635 666/666/634
f 667/667/636 668/668/638 665/665/635
f 666/666/634 669/669/637 667/667/636
f 669/669/637 666/666/634 670/670/653
f 665/665/635 668/668/638 570/570/646
f 671/671/639 666/666/634 664/664/689
f 671/671/639 670/670/653 666/666/634
f 672/672/640 671/671/639 664/664/689
f 668/668/638 667/667/636 673/673/643
f 667/667/636 669/669/637 674/674/641
f 674/674/641 673/673/643 667/667/636
f 673/673/643 674/674/641 675/675/642
f 668/668/638 673/673/643 676/676/645
f 668/668/638 676/676/645 677/677/647
f 678/678/644 676/676/645 673/673/643
f 673/673/643 675/675/642 678/678/644
f 679/679/649 674/674/641 669/669/637
f 679/679/649 675/675/642 674/674/641
f 677/677/647 570/570/646 668/668/638
f 676/676/645 571/571/546 677/677/647
f 678/678/644 680/680/652 676/676/645
f 681/681/651 678/678/644 675/675/642
f 682/682/648 681/681/651 675/675/642
f 682/682/648 675/675/642 679/679/649
f 683/683/654 682/682/648 679/679/649
f 676/676/645 680/680/652 684/684/692
f 578/578/555 571/571/546 676/676/645
f 684/684/692 578/578/555 676/676/645
f 681/681/651 680/2045/652 678/678/644
f 685/685/660 686/686/650 681/681/651
f 686/686/650 680/2045/652 681/681/651
f 670/670/653 679/679/649 669/669/637
f 679/679/649 670/670/653 683/683/654
f 683/683/654 670/670/653 687/687/655
f 688/688/656 682/682/648 683/683/654
f 685/685/660 681/681/651 682/682/648
f 688/688/656 685/685/660 682/682/648
f 670/670/653 671/671/639 687/687/655
f 689/689/658 683/683/654 687/687/655
f 689/689/658 688/688/656 683/683/654
f 689/689/658 685/685/660 688/688/656
f 672/672/640 687/687/655 671/671/639
f 690/690/657 685/685/660 689/689/658
f 691/691/720 692/692/659 685/685/660
f 685/685/660 690/690/657 691/691/720
f 687/687/655 672/672/640 693/693/662
f 672/672/640 694/694/661 693/693/662
f 694/694/661 687/687/655 693/693/662
f 694/694/661 689/689/658 687/687/655
f 695/695/663 689/689/658 694/694/661
f 689/689/658 695/695/663 690/690/657
f 694/694/661 696/696/718 695/695/663
f 697/697/666 698/698/668 218/218/664
f 698/698/668 123/123/108 218/218/664
f 219/219/203 697/697/666 218/218/664
f 697/697/666 219/219/203 699/699/665
f 226/226/212 699/699/665 219/219/203
f 697/697/666 699/699/665 700/700/667
f 700/700/667 698/698/668 697/697/666
f 698/698/668 700/700/667 701/701/669
f 702/702/685 701/701/669 700/700/667
f 543/543/519 123/123/108 661/661/632
f 698/698/668 661/661/632 123/123/108
f 701/701/669 702/702/685 698/698/668
f 698/698/668 702/702/685 661/661/632
f 227/227/670 699/699/665 226/226/212
f 229/229/215 227/227/670 217/217/204
f 227/227/670 229/229/215 703/703/672
f 704/704/671 227/227/670 703/703/672
f 705/705/673 703/703/672 229/229/215
f 700/700/667 699/699/665 706/706/678
f 706/706/678 699/699/665 227/227/670
f 228/228/214 235/235/675 229/229/215
f 707/707/677 229/229/215 235/235/675
f 708/708/674 707/707/677 235/235/675
f 704/704/671 703/703/672 705/705/673
f 707/707/677 705/705/673 229/229/215
f 705/705/673 707/707/677 704/704/671
f 706/706/678 227/227/670 704/704/671
f 709/709/676 704/704/671 707/707/677
f 704/704/671 709/709/676 706/706/678
f 708/708/674 235/235/675 710/710/682
f 235/235/675 711/711/679 710/710/682
f 712/712/680 713/713/764 707/707/677
f 712/712/680 707/707/677 708/708/674
f 713/713/764 709/709/676 707/707/677
f 714/714/681 709/709/676 713/713/764
f 710/710/682 712/712/680 708/708/674
f 700/700/667 706/706/678 715/715/683
f 715/715/683 716/716/684 700/700/667
f 706/706/678 709/709/676 714/714/681
f 714/714/681 713/713/764 706/706/678
f 228/228/214 234/234/219 235/235/675
f 236/236/220 711/711/679 235/235/675
f 710/710/682 711/711/679 236/236/220
f 710/710/682 236/236/220 241/241/768
f 716/716/684 702/702/685 700/700/667
f 716/716/684 661/661/632 702/702/685
f 661/661/632 716/716/684 717/717/686
f 715/715/683 718/718/687 716/716/684
f 716/716/684 718/718/687 717/717/686
f 717/717/686 718/718/687 719/719/688
f 717/717/686 664/664/689 661/661/632
f 677/677/647 544/544/545 570/570/646
f 544/544/545 677/677/647 571/571/546
f 680/680/652 720/720/690 684/684/692
f 720/2046/690 680/2045/652 686/686/650
f 720/2046/690 686/686/650 721/721/700
f 720/720/690 722/722/691 684/684/692
f 578/578/555 684/684/692 722/722/691
f 723/723/694 722/722/691 720/720/690
f 724/724/693 723/2047/694 720/2046/690
f 581/581/557 578/578/555 722/722/691
f 723/723/694 581/581/557 722/722/691
f 583/583/696 581/581/557 723/723/694
f 723/2047/694 724/724/693 583/2033/696
f 618/618/695 583/2033/696 724/724/693
f 720/2046/690 721/721/700 724/724/693
f 725/725/697 724/724/693 721/721/700
f 725/725/697 726/726/699 724/724/693
f 727/727/728 725/725/697 721/721/700
f 728/728/698 726/726/699 725/725/697
f 726/726/699 618/618/695 724/724/693
f 685/685/660 692/692/659 686/686/650
f 692/692/659 721/721/700 686/686/650
f 729/729/701 721/721/700 692/692/659
f 692/692/659 730/730/702 729/729/701
f 731/731/726 727/727/728 721/721/700
f 732/732/724 728/728/698 725/725/697
f 732/732/724 725/725/697 727/727/728
f 618/618/695 582/2032/587 583/2033/696
f 726/726/699 733/733/703 618/618/695
f 734/734/709 733/733/703 735/735/704
f 736/736/745 726/726/699 728/728/698
f 736/736/745 733/733/703 726/726/699
f 735/735/704 733/733/703 737/737/705
f 738/738/706 733/733/703 736/736/745
f 735/735/704 737/737/705 739/739/707
f 740/740/708 734/734/709 735/735/704
f 740/740/708 741/741/758 734/734/709
f 738/738/706 737/737/705 733/733/703
f 738/738/706 742/742/710 737/737/705
f 742/742/710 739/739/707 737/737/705
f 743/743/756 741/741/758 740/740/708
f 744/744/711 740/740/708 735/735/704
f 739/739/707 744/744/711 735/735/704
f 719/719/688 664/664/689 717/717/686
f 719/719/688 672/672/640 664/664/689
f 719/719/688 694/694/661 672/672/640
f 745/745/712 694/694/661 719/719/688
f 696/696/718 694/694/661 745/745/712
f 745/745/712 746/746/713 696/696/718
f 747/747/714 748/748/716 746/746/713
f 749/749/715 748/748/716 747/747/714
f 692/692/659 750/750/717 730/730/702
f 696/696/718 690/690/657 695/695/663
f 696/696/718 691/691/720 690/690/657
f 751/751/719 692/692/659 691/691/720
f 691/691/720 748/748/716 751/751/719
f 750/750/717 692/692/659 751/751/719
f 752/752/721 730/730/702 750/750/717
f 753/753/722 721/721/700 729/729/701
f 753/753/722 731/731/726 721/721/700
f 754/754/723 755/755/741 732/732/724
f 756/756/729 727/727/728 731/731/726
f 730/730/702 757/757/733 729/729/701
f 757/757/733 753/753/722 729/729/701
f 758/758/725 756/756/729 731/731/726
f 754/754/723 732/732/724 727/727/728
f 759/759/727 758/758/725 731/731/726
f 759/759/727 731/731/726 753/753/722
f 760/760/730 727/727/728 756/756/729
f 760/760/730 754/754/723 727/727/728
f 755/755/741 728/728/698 732/732/724
f 696/696/718 748/748/716 691/691/720
f 748/748/716 696/696/718 746/746/713
f 751/751/719 752/752/721 750/750/717
f 761/761/731 751/751/719 748/748/716
f 761/761/731 752/752/721 751/751/719
f 730/730/702 752/752/721 761/761/731
f 749/749/715 761/761/731 748/748/716
f 730/730/702 761/761/731 757/757/733
f 762/762/732 753/753/722 757/757/733
f 762/762/732 757/757/733 763/763/736
f 762/762/732 759/759/727 753/753/722
f 758/758/725 764/764/734 756/756/729
f 764/764/734 758/758/725 759/759/727
f 756/756/729 764/764/734 760/760/730
f 764/764/734 759/759/727 762/762/732
f 763/763/736 757/757/733 761/761/731
f 749/749/715 763/763/736 761/761/731
f 765/765/738 763/763/736 749/749/715
f 763/763/736 764/764/734 762/762/732
f 766/766/735 764/764/734 763/763/736
f 767/767/737 764/764/734 766/766/735
f 766/766/735 763/763/736 765/765/738
f 767/767/737 760/760/730 764/764/734
f 754/754/723 768/768/739 755/755/741
f 754/754/723 760/760/730 768/768/739
f 769/769/740 770/770/743 755/755/741
f 755/755/741 771/771/742 728/728/698
f 728/728/698 771/771/742 770/770/743
f 770/770/743 771/771/742 755/755/741
f 772/772/744 736/736/745 728/728/698
f 770/770/743 772/772/744 728/728/698
f 736/736/745 773/773/746 738/738/706
f 774/774/754 742/742/710 773/773/746
f 773/773/746 742/742/710 738/738/706
f 736/736/745 772/772/744 773/773/746
f 775/775/747 773/773/746 772/772/744
f 742/742/710 774/774/754 739/739/707
f 775/775/747 774/774/754 773/773/746
f 768/768/739 769/769/740 755/755/741
f 768/768/739 760/760/730 769/769/740
f 776/776/749 769/769/740 760/760/730
f 769/769/740 772/772/744 770/770/743
f 769/769/740 776/776/749 772/772/744
f 760/760/730 767/767/737 776/776/749
f 777/777/748 776/776/749 778/778/811
f 772/772/744 776/776/749 779/779/750
f 780/780/751 772/772/744 779/779/750
f 781/781/753 780/780/751 779/779/750
f 782/782/752 781/781/753 779/779/750
f 775/775/747 772/772/744 774/774/754
f 774/774/754 772/772/744 783/783/755
f 781/781/753 783/783/755 780/780/751
f 783/783/755 772/772/744 780/780/751
f 744/744/711 743/743/756 740/740/708
f 784/784/757 743/743/756 744/744/711
f 741/741/758 743/743/756 785/785/883
f 784/784/757 739/739/707 774/774/754
f 739/739/707 784/784/757 744/744/711
f 743/743/756 784/784/757 786/786/759
f 785/785/883 743/743/756 787/787/761
f 774/774/754 786/786/759 784/784/757
f 783/783/755 786/786/759 774/774/754
f 786/786/759 787/787/761 743/743/756
f 783/783/755 781/781/753 786/786/759
f 781/781/753 788/788/843 786/786/759
f 788/788/843 787/787/761 786/786/759
f 787/787/761 789/789/760 785/785/883
f 787/787/761 790/790/853 791/791/762
f 792/792/763 789/789/760 787/787/761
f 787/787/761 791/791/762 792/792/763
f 792/792/763 791/791/762 790/790/853
f 793/793/854 792/792/763 790/790/853
f 713/713/764 712/712/680 794/794/770
f 795/795/777 713/713/764 794/794/770
f 796/796/765 713/713/764 795/795/777
f 715/715/683 706/706/678 713/713/764
f 713/713/764 796/796/765 797/797/782
f 797/797/782 715/715/683 713/713/764
f 715/715/683 797/797/782 798/798/783
f 715/715/683 798/798/783 799/799/784
f 800/800/766 801/801/767 241/241/768
f 801/801/767 710/710/682 241/241/768
f 801/801/767 712/712/680 710/710/682
f 801/801/767 800/800/766 802/802/769
f 800/800/766 241/241/768 243/243/278
f 794/794/770 712/712/680 801/801/767
f 802/802/769 794/794/770 801/801/767
f 795/795/777 794/794/770 802/802/769
f 800/800/766 795/795/777 802/802/769
f 803/803/778 800/800/766 804/804/771
f 804/804/771 800/800/766 243/243/278
f 805/805/774 803/803/778 804/804/771
f 806/806/772 805/805/774 804/804/771
f 807/807/773 804/804/771 243/243/278
f 807/807/773 243/243/278 303/303/283
f 805/805/774 806/806/772 808/808/775
f 808/808/775 806/806/772 804/804/771
f 809/809/776 808/808/775 804/804/771
f 795/795/777 800/800/766 803/803/778
f 810/810/779 795/795/777 803/803/778
f 810/810/779 796/796/765 795/795/777
f 808/808/775 810/810/779 805/805/774
f 810/810/779 803/803/778 805/805/774
f 797/797/782 796/796/765 810/810/779
f 797/797/782 810/810/779 811/811/781
f 809/809/776 804/804/771 807/807/773
f 812/812/780 809/809/776 807/807/773
f 807/807/773 303/303/283 812/812/780
f 811/811/781 810/810/779 808/808/775
f 808/808/775 809/809/776 811/811/781
f 811/811/781 809/809/776 812/812/780
f 813/813/788 303/303/283 312/312/292
f 813/813/788 812/812/780 303/303/283
f 812/812/780 813/813/788 811/811/781
f 813/813/788 797/797/782 811/811/781
f 798/798/783 797/797/782 813/813/788
f 814/814/792 799/799/784 798/798/783
f 718/718/687 715/715/683 799/799/784
f 799/799/784 815/815/785 718/718/687
f 816/816/787 312/312/292 330/330/311
f 331/331/312 816/816/787 330/330/311
f 817/817/786 813/813/788 312/312/292
f 312/312/292 816/816/787 817/817/786
f 818/818/789 813/813/788 817/817/786
f 818/818/789 817/817/786 816/816/787
f 816/816/787 331/331/312 818/818/789
f 336/336/318 331/331/312 332/332/313
f 336/336/318 818/818/789 331/331/312
f 336/336/318 813/813/788 818/818/789
f 814/814/792 798/798/783 813/813/788
f 814/814/792 336/336/318 333/333/317
f 336/336/318 814/814/792 813/813/788
f 333/333/317 819/819/790 814/814/792
f 333/333/317 820/820/791 819/819/790
f 815/815/785 814/814/792 819/819/790
f 815/815/785 819/819/790 821/821/793
f 822/822/795 718/718/687 815/815/785
f 718/718/687 822/822/795 823/823/798
f 824/824/794 822/822/795 815/815/785
f 822/822/795 824/824/794 825/825/829
f 814/814/792 815/815/785 799/799/784
f 815/815/785 821/821/793 824/824/794
f 719/719/688 826/826/799 745/745/712
f 827/827/796 746/746/713 745/745/712
f 827/827/796 749/749/715 747/747/714
f 827/827/796 747/747/714 746/746/713
f 828/828/803 829/829/802 749/749/715
f 828/828/803 749/749/715 827/827/796
f 829/829/802 830/830/797 749/749/715
f 718/718/687 823/823/798 719/719/688
f 826/826/799 719/719/688 823/823/798
f 827/827/796 745/745/712 831/831/800
f 831/831/800 745/745/712 826/826/799
f 832/832/806 831/831/800 826/826/799
f 831/831/800 832/832/806 833/833/801
f 831/831/800 828/828/803 827/827/796
f 829/829/802 828/828/803 834/834/804
f 831/831/800 834/834/804 828/828/803
f 833/833/801 834/834/804 831/831/800
f 835/835/809 829/829/802 834/834/804
f 835/835/809 830/830/797 829/829/802
f 832/832/806 836/836/805 833/833/801
f 823/823/798 832/832/806 826/826/799
f 837/837/807 833/833/801 836/836/805
f 833/833/801 837/837/807 838/838/808
f 837/837/807 836/836/805 832/832/806
f 838/838/808 837/837/807 839/839/827
f 835/835/809 833/833/801 838/838/808
f 833/833/801 835/835/809 834/834/804
f 830/830/797 835/835/809 838/838/808
f 830/830/797 838/838/808 840/840/810
f 765/765/738 767/767/737 766/766/735
f 830/830/797 765/765/738 749/749/715
f 765/765/738 778/778/811 767/767/737
f 776/776/749 767/767/737 778/778/811
f 830/830/797 778/778/811 765/765/738
f 777/777/748 778/778/811 830/830/797
f 830/830/797 841/841/812 777/777/748
f 842/842/813 777/777/748 841/841/812
f 842/842/813 776/776/749 777/777/748
f 843/843/814 841/841/812 830/830/797
f 842/842/813 841/841/812 843/843/814
f 779/779/750 776/776/749 842/842/813
f 781/781/753 782/782/752 844/844/815
f 779/779/750 844/844/815 782/782/752
f 845/845/818 779/779/750 842/842/813
f 779/779/750 845/845/818 844/844/815
f 845/845/818 846/846/820 844/844/815
f 846/846/820 847/847/816 844/844/815
f 830/830/797 840/840/810 843/843/814
f 848/848/817 842/842/813 843/843/814
f 848/848/817 843/843/814 840/840/810
f 849/849/838 848/848/817 840/840/810
f 842/842/813 848/848/817 845/845/818
f 848/848/817 850/850/823 845/845/818
f 851/851/821 852/852/819 845/845/818
f 852/852/819 851/851/821 846/846/820
f 845/845/818 850/850/823 851/851/821
f 852/852/819 846/846/820 845/845/818
f 847/847/816 846/846/820 853/853/849
f 851/851/821 853/853/849 846/846/820
f 854/854/822 850/850/823 848/848/817
f 854/854/822 848/848/817 849/849/838
f 850/850/823 854/854/822 849/849/838
f 849/849/838 855/855/858 850/850/823
f 823/823/798 856/856/824 832/832/806
f 856/856/824 823/823/798 822/822/795
f 839/839/827 837/837/807 832/832/806
f 857/857/825 839/839/827 832/832/806
f 858/858/826 838/838/808 839/839/827
f 859/859/828 838/838/808 858/858/826
f 832/832/806 856/856/824 857/857/825
f 839/839/827 857/857/825 858/858/826
f 857/857/825 856/856/824 860/860/836
f 857/857/825 860/860/836 858/858/826
f 859/859/828 861/861/840 838/838/808
f 859/859/828 858/858/826 860/860/836
f 825/825/829 856/856/824 822/822/795
f 862/862/830 860/860/836 856/856/824
f 863/863/831 862/862/830 856/856/824
f 864/864/832 865/865/833 863/863/831
f 864/864/832 863/863/831 856/856/824
f 866/866/835 865/865/833 864/864/832
f 867/867/834 866/866/835 864/864/832
f 867/867/834 868/868/842 866/866/835
f 860/860/836 869/869/837 859/859/828
f 869/869/837 861/861/840 859/859/828
f 862/862/830 869/869/837 860/860/836
f 862/862/830 865/865/833 869/869/837
f 865/865/833 862/862/830 863/863/831
f 869/869/837 865/865/833 868/868/842
f 866/866/835 868/868/842 865/865/833
f 840/840/810 838/838/808 861/861/840
f 861/861/840 849/849/838 840/840/810
f 870/870/863 849/849/838 861/861/840
f 871/871/839 870/870/863 861/861/840
f 861/861/840 869/869/837 868/868/842
f 872/872/841 861/861/840 868/868/842
f 873/873/857 871/871/839 861/861/840
f 872/872/841 873/873/857 861/861/840
f 849/849/838 870/870/863 855/855/858
f 788/788/843 781/781/753 844/844/815
f 788/788/843 844/844/815 847/847/816
f 788/788/843 874/874/844 875/875/845
f 787/787/761 788/788/843 875/875/845
f 787/787/761 875/875/845 876/876/847
f 876/876/847 875/875/845 877/877/846
f 876/876/847 790/790/853 787/787/761
f 847/847/816 853/853/849 788/788/843
f 878/878/848 788/788/843 853/853/849
f 878/878/848 874/874/844 788/788/843
f 879/879/850 875/875/845 874/874/844
f 880/880/851 879/879/850 874/874/844
f 874/874/844 878/878/848 853/853/849
f 853/853/849 881/881/878 874/874/844
f 881/881/878 853/853/849 870/870/863
f 875/875/845 879/879/850 880/880/851
f 881/881/878 880/880/851 874/874/844
f 875/875/845 880/880/851 881/881/878
f 882/882/852 877/877/846 790/790/853
f 876/876/847 882/882/852 790/790/853
f 877/877/846 882/882/852 876/876/847
f 793/793/854 790/790/853 877/877/846
f 881/881/878 877/877/846 875/875/845
f 877/877/846 881/881/878 793/793/854
f 883/883/855 793/793/854 881/881/878
f 884/884/875 883/883/855 881/881/878
f 885/885/856 886/886/1672 873/873/857
f 870/870/863 853/853/849 855/855/858
f 870/870/863 887/887/861 888/888/867
f 870/870/863 871/871/839 889/889/859
f 870/870/863 889/889/859 890/890/860
f 887/887/861 870/870/863 890/890/860
f 887/887/861 891/891/869 888/888/867
f 887/887/861 892/892/862 891/891/869
f 889/889/859 892/892/862 890/890/860
f 892/892/862 887/887/861 890/890/860
f 893/893/865 881/881/878 870/870/863
f 893/893/865 894/894/871 881/881/878
f 888/888/867 893/893/865 870/870/863
f 895/895/864 893/893/865 896/896/866
f 893/893/865 888/888/867 896/896/866
f 897/897/868 888/888/867 891/891/869
f 888/888/867 897/897/868 896/896/866
f 896/896/866 897/897/868 891/891/869
f 898/898/870 899/899/872 895/895/864
f 893/893/865 895/895/864 899/899/872
f 894/894/871 893/893/865 899/899/872
f 873/873/857 889/889/859 871/871/839
f 891/891/869 892/892/862 889/889/859
f 889/889/859 873/873/857 891/891/869
f 896/896/866 891/891/869 898/898/870
f 873/873/857 898/898/870 891/891/869
f 898/898/870 895/895/864 896/896/866
f 886/886/1672 898/898/870 873/873/857
f 900/900/874 881/881/878 894/894/871
f 901/901/873 894/894/871 899/899/872
f 894/894/871 901/901/873 900/900/874
f 901/901/873 881/881/878 900/900/874
f 884/884/875 881/881/878 902/902/876
f 901/901/873 903/903/877 881/881/878
f 903/903/877 902/902/876 881/881/878
f 898/898/870 901/901/873 899/899/872
f 904/904/1677 901/901/873 898/898/870
f 901/901/873 904/904/1677 905/905/1681
f 903/903/877 901/901/873 905/905/1681
f 617/617/586 618/618/695 733/733/703
f 734/734/709 626/626/879 617/617/586
f 734/734/709 617/617/586 733/733/703
f 626/626/879 734/734/709 741/741/758
f 626/626/879 629/629/881 627/627/594
f 906/906/880 629/629/881 626/626/879
f 906/906/880 633/633/617 629/629/881
f 626/626/879 741/741/758 906/906/880
f 907/907/882 908/908/899 906/906/880
f 785/785/883 906/906/880 741/741/758
f 785/785/883 907/907/882 906/906/880
f 907/907/882 785/785/883 908/908/899
f 906/906/880 658/658/884 633/633/617
f 908/908/899 658/658/884 906/906/880
f 909/909/890 658/658/884 908/908/899
f 910/910/887 650/650/615 649/649/613
f 910/910/887 649/649/613 659/659/629
f 615/615/614 650/650/615 911/911/885
f 912/912/888 910/910/887 659/659/629
f 911/911/885 650/650/615 910/910/887
f 913/913/886 910/910/887 912/912/888
f 914/914/892 912/912/888 909/909/890
f 914/914/892 913/913/886 912/912/888
f 913/913/886 911/911/885 910/910/887
f 658/658/884 915/915/889 657/657/627
f 915/915/889 659/659/629 657/657/627
f 915/915/889 658/658/884 909/909/890
f 912/912/888 915/915/889 909/909/890
f 915/915/889 912/912/888 659/659/629
f 916/916/944 615/615/614 911/911/885
f 917/917/894 916/916/944 911/911/885
f 918/918/891 911/911/885 913/913/886
f 917/917/894 911/911/885 918/918/891
f 913/913/886 914/914/892 918/918/891
f 919/919/898 916/916/944 917/917/894
f 914/914/892 920/920/893 918/918/891
f 918/918/891 920/920/893 917/917/894
f 921/921/895 917/917/894 920/920/893
f 922/922/896 921/921/895 923/923/897
f 914/914/892 909/909/890 923/923/897
f 920/920/893 914/914/892 923/923/897
f 920/920/893 923/923/897 921/921/895
f 923/923/897 909/909/890 922/922/896
f 919/919/898 917/917/894 921/921/895
f 919/919/898 921/921/895 924/924/902
f 924/924/902 921/921/895 922/922/896
f 789/789/760 792/792/763 785/785/883
f 792/792/763 908/908/899 785/785/883
f 925/925/1033 909/909/890 908/908/899
f 926/926/1030 919/919/898 924/924/902
f 922/922/896 909/909/890 927/927/900
f 922/922/896 927/927/900 924/924/902
f 928/928/901 926/926/1030 924/924/902
f 927/927/900 928/928/901 924/924/902
f 909/909/890 925/925/1033 927/927/900
f 792/792/763 925/925/1033 908/908/899
f 929/929/1034 928/928/901 927/927/900
f 930/930/903 925/925/1033 792/792/763
f 792/792/763 793/793/854 930/930/903
f 850/850/823 855/855/858 851/851/821
f 851/851/821 855/855/858 853/853/849
f 364/364/346 349/2026/904 375/375/905
f 375/375/905 931/931/907 374/374/355
f 376/376/906 374/374/355 931/931/907
f 146/146/535 559/559/538 349/349/904
f 349/2026/904 932/932/912 375/375/905
f 377/377/366 372/372/353 376/376/906
f 931/931/907 375/375/905 933/933/908
f 934/934/910 376/376/906 931/931/907
f 377/377/366 376/376/906 934/934/910
f 375/375/905 932/932/912 933/933/908
f 935/935/911 933/933/908 932/932/912
f 934/934/910 931/931/907 935/935/911
f 933/933/908 935/935/911 931/931/907
f 377/377/366 934/934/910 418/418/402
f 936/936/909 934/934/910 937/937/917
f 935/935/911 932/932/912 938/938/916
f 564/2031/914 932/932/912 349/2026/904
f 932/932/912 564/2031/914 938/938/916
f 938/938/916 939/939/918 935/935/911
f 940/940/913 938/938/916 564/2031/914
f 566/566/915 940/2048/913 564/564/914
f 941/941/930 938/938/916 940/940/913
f 935/935/911 942/942/919 937/937/917
f 942/942/919 935/935/911 939/939/918
f 934/934/910 935/935/911 937/937/917
f 942/942/919 939/939/918 597/597/920
f 941/941/930 939/939/918 938/938/916
f 597/597/920 939/939/918 941/941/930
f 943/943/925 942/942/919 597/597/920
f 936/936/909 418/418/402 934/934/910
f 418/418/402 936/936/909 944/944/924
f 944/944/924 936/936/909 945/945/921
f 945/945/921 936/936/909 937/937/917
f 944/944/924 945/945/921 937/937/917
f 946/946/922 937/937/917 947/947/923
f 943/943/925 937/937/917 942/942/919
f 947/947/923 937/937/917 943/943/925
f 946/946/922 944/944/924 937/937/917
f 948/948/928 943/943/925 949/949/926
f 950/950/927 943/943/925 948/948/928
f 950/950/927 947/947/923 943/943/925
f 947/947/923 950/950/927 948/948/928
f 948/948/928 951/951/929 947/947/923
f 590/590/564 940/2048/913 566/566/915
f 941/941/930 940/940/913 590/2034/564
f 590/2034/564 592/592/931 941/941/930
f 597/597/920 941/941/930 592/592/931
f 597/597/920 592/592/931 591/591/569
f 943/943/925 597/597/920 949/949/926
f 604/604/575 949/949/926 597/597/920
f 604/604/575 948/948/928 949/949/926
f 952/952/932 418/418/402 944/944/924
f 455/455/937 419/419/415 418/418/402
f 418/418/402 953/953/938 455/455/937
f 953/953/938 418/418/402 952/952/932
f 944/944/924 946/946/922 952/952/932
f 946/946/922 947/947/923 951/951/929
f 954/954/934 946/946/922 951/951/929
f 955/955/933 946/946/922 956/956/935
f 946/946/922 954/954/934 956/956/935
f 954/954/934 955/955/933 956/956/935
f 952/952/932 946/946/922 955/955/933
f 954/954/934 952/952/932 955/955/933
f 957/957/940 952/952/932 954/954/934
f 958/958/936 455/455/937 953/953/938
f 455/455/937 959/959/953 456/456/480
f 455/455/937 958/958/936 959/959/953
f 953/953/938 960/960/957 958/958/936
f 961/961/939 952/952/932 957/957/940
f 961/961/939 953/953/938 952/952/932
f 962/962/943 953/953/938 961/961/939
f 960/960/957 953/953/938 962/962/943
f 963/963/941 962/962/943 961/961/939
f 963/963/941 961/961/939 957/957/940
f 964/964/942 963/963/941 957/957/940
f 963/963/941 964/964/942 962/962/943
f 954/954/934 951/951/929 948/948/928
f 954/954/934 948/948/928 604/604/575
f 954/954/934 604/604/575 615/615/614
f 965/965/945 954/954/934 615/615/614
f 916/916/944 965/965/945 615/615/614
f 965/965/945 957/957/940 954/954/934
f 966/966/948 957/957/940 965/965/945
f 966/966/948 964/964/942 957/957/940
f 967/967/946 965/965/945 916/916/944
f 965/965/945 967/967/946 968/968/1040
f 965/965/945 969/969/947 966/966/948
f 969/969/947 965/965/945 968/968/1040
f 966/966/948 969/969/947 970/970/949
f 506/506/951 456/456/480 971/971/950
f 506/506/951 972/972/952 508/508/482
f 973/973/955 508/508/482 972/972/952
f 972/972/952 506/506/951 971/971/950
f 971/971/950 456/456/480 959/959/953
f 972/972/952 971/971/950 959/959/953
f 960/960/957 959/959/953 958/958/936
f 959/959/953 960/960/957 974/974/967
f 975/975/954 516/516/491 508/508/482
f 975/975/954 508/508/482 973/973/955
f 973/973/955 972/972/952 976/976/956
f 975/975/954 973/973/955 976/976/956
f 974/974/967 972/972/952 959/959/953
f 976/976/956 972/972/952 974/974/967
f 977/977/973 976/976/956 974/974/967
f 978/978/961 960/960/957 962/962/943
f 960/960/957 978/978/961 979/979/958
f 980/980/959 960/960/957 979/979/958
f 980/980/959 974/974/967 960/960/957
f 962/962/943 964/964/942 981/981/1001
f 982/982/968 978/978/961 983/983/960
f 983/983/960 978/978/961 984/984/962
f 984/984/962 978/978/961 962/962/943
f 977/977/973 974/974/967 985/985/963
f 986/986/964 985/985/963 974/974/967
f 977/977/973 985/985/963 987/987/983
f 986/986/964 974/974/967 988/988/972
f 989/989/966 979/979/958 978/978/961
f 989/989/966 980/980/959 979/979/958
f 978/978/961 990/990/965 989/989/966
f 989/989/966 974/974/967 980/980/959
f 978/978/961 982/982/968 990/990/965
f 991/991/970 990/990/965 982/982/968
f 991/991/970 982/982/968 983/983/960
f 992/992/969 991/991/970 983/983/960
f 993/993/971 989/989/966 990/990/965
f 993/993/971 974/974/967 989/989/966
f 993/993/971 990/990/965 991/991/970
f 991/991/970 992/992/969 993/993/971
f 988/988/972 974/974/967 993/993/971
f 976/976/956 977/977/973 994/994/999
f 995/995/974 994/994/999 977/977/973
f 996/996/975 997/997/976 994/994/999
f 996/996/975 994/994/999 995/995/974
f 977/977/973 987/987/983 998/998/977
f 998/998/977 995/995/974 977/977/973
f 999/999/978 998/998/977 987/987/983
f 985/985/963 1000/1000/986 987/987/983
f 1001/1001/1002 1002/1002/979 992/992/969
f 993/993/971 992/992/969 1002/1002/979
f 1003/1003/980 993/993/971 1002/1002/979
f 1004/1004/988 1003/1003/980 1005/1005/981
f 988/988/972 993/993/971 1003/1003/980
f 985/985/963 986/986/964 1006/1006/989
f 1006/1006/989 986/986/964 988/988/972
f 1007/1007/982 985/985/963 1008/1008/985
f 1000/1000/986 985/985/963 1007/1007/982
f 985/985/963 1006/1006/989 1008/1008/985
f 1004/1004/988 988/988/972 1003/1003/980
f 996/996/975 995/995/974 998/998/977
f 996/996/975 998/998/977 999/999/978
f 1009/1009/984 996/996/975 999/999/978
f 1009/1009/984 999/999/978 987/987/983
f 1009/1009/984 987/987/983 1000/1000/986
f 997/997/976 996/996/975 1009/1009/984
f 1010/1010/993 1009/1009/984 1000/1000/986
f 1009/1009/984 1010/1010/993 997/997/976
f 1008/1008/985 1000/1000/986 1007/1007/982
f 1008/1008/985 1011/1011/987 1000/1000/986
f 1004/1004/988 1006/1006/989 988/988/972
f 1012/1012/990 1008/1008/985 1006/1006/989
f 1004/1004/988 1013/1013/991 1006/1006/989
f 1014/1014/1770 1006/1006/989 1013/1013/991
f 1015/1015/994 1011/1011/987 1016/1016/992
f 1016/1016/992 1011/1011/987 1008/1008/985
f 1008/1008/985 1012/1012/990 1016/1016/992
f 1010/1010/993 1000/1000/986 1011/1011/987
f 1015/1015/994 1010/1010/993 1011/1011/987
f 1017/1017/1769 1012/1012/990 1006/1006/989
f 1017/1017/1769 1006/1006/989 1014/1014/1770
f 518/518/498 516/516/491 975/975/954
f 975/975/954 521/521/1780 518/518/498
f 521/521/1780 975/975/954 1018/1018/995
f 521/521/1780 1018/1018/995 1019/1019/996
f 1018/1018/995 975/975/954 976/976/956
f 1019/1019/996 1018/1018/995 976/976/956
f 994/994/999 1019/1019/996 976/976/956
f 1020/1020/997 1019/1019/996 994/994/999
f 1021/1021/998 1019/1019/996 1020/1020/997
f 1021/1021/998 521/521/1780 1019/1019/996
f 997/997/976 1021/1021/998 994/994/999
f 1021/1021/998 1020/1020/997 994/994/999
f 1021/1021/998 997/997/976 1022/1022/1781
f 981/981/1001 964/964/942 1023/1023/1000
f 1023/1023/1000 964/964/942 966/966/948
f 984/984/962 962/962/943 981/981/1001
f 983/983/960 984/984/962 992/992/969
f 992/992/969 984/984/962 1001/1001/1002
f 1001/1001/1002 984/984/962 981/981/1001
f 981/981/1001 1023/1023/1000 1001/1001/1002
f 1023/1023/1000 966/966/948 1001/1001/1002
f 970/970/949 1024/1024/1003 966/966/948
f 1024/1024/1003 1025/1025/1010 966/966/948
f 793/793/854 883/883/855 930/930/903
f 1026/1026/1004 1027/1027/1005 1024/1024/1003
f 1027/1027/1005 1026/1026/1004 1028/1028/1042
f 1025/1025/1010 1024/1024/1003 1027/1027/1005
f 883/883/855 1028/1028/1042 930/930/903
f 1028/1028/1042 883/883/855 1029/1029/1006
f 1030/1030/1007 1027/1027/1005 1028/1028/1042
f 1029/1029/1006 1030/1030/1007 1028/1028/1042
f 1031/1031/1008 1025/1025/1010 1027/1027/1005
f 1030/1030/1007 1031/1031/1008 1027/1027/1005
f 1032/1032/1009 966/966/948 1025/1025/1010
f 1033/1033/1011 1030/1030/1007 1029/1029/1006
f 883/883/855 884/884/875 902/902/876
f 1029/1029/1006 883/883/855 1033/1033/1011
f 1034/1034/1012 1032/1032/1009 1025/1025/1010
f 1034/1034/1012 1025/1025/1010 1035/1035/1020
f 1031/1031/1008 1030/1030/1007 1033/1033/1011
f 1035/1035/1020 1025/1025/1010 1031/1031/1008
f 1031/1031/1008 1033/1033/1011 1035/1035/1020
f 1005/1005/981 1003/1003/980 1002/1002/979
f 1004/1004/988 1005/1005/981 1002/1002/979
f 1002/1002/979 1001/1001/1002 1036/1036/1790
f 1037/1037/1015 1001/1001/1002 966/966/948
f 1037/1037/1015 966/966/948 1032/1032/1009
f 1037/1037/1015 1036/1036/1790 1001/1001/1002
f 1004/1004/988 1002/1002/979 1038/1038/1013
f 1038/1038/1013 1002/1002/979 1039/1039/1014
f 1039/1039/1014 1002/1002/979 1036/1036/1790
f 1013/1013/991 1004/1004/988 1038/1038/1013
f 1038/1038/1013 1039/1039/1014 1040/1040/1785
f 1037/1037/1015 1032/1032/1009 1041/1041/1016
f 1034/1034/1012 1041/1041/1016 1032/1032/1009
f 1041/1041/1016 1034/1034/1012 1042/1042/1027
f 903/903/877 883/883/855 902/902/876
f 1043/1043/1018 883/883/855 903/903/877
f 905/905/1681 1043/1043/1018 903/903/877
f 1044/1044/1017 1035/1035/1020 1033/1033/1011
f 1045/1045/1022 1044/1044/1017 1033/1033/1011
f 883/883/855 1043/1043/1018 1033/1033/1011
f 1033/1033/1011 1043/1043/1018 1045/1045/1022
f 1034/1034/1012 1035/1035/1020 1042/1042/1027
f 1046/1046/1019 1035/1035/1020 1047/1047/1021
f 1035/1035/1020 1046/1046/1019 1042/1042/1027
f 1045/1045/1022 1035/1035/1020 1044/1044/1017
f 1047/1047/1021 1035/1035/1020 1045/1045/1022
f 1045/1045/1022 1043/1043/1018 1047/1047/1021
f 1037/1037/1015 1041/1041/1016 1042/1042/1027
f 1048/1048/1023 1043/1043/1018 905/905/1681
f 1043/1043/1018 1048/1048/1023 1047/1047/1021
f 1047/1047/1021 1048/1048/1023 1049/1049/1024
f 1050/1050/1025 1048/1048/1023 905/905/1681
f 1050/1050/1025 1049/1049/1024 1048/1048/1023
f 1049/1049/1024 1046/1046/1019 1047/1047/1021
f 1051/1051/1026 1042/1042/1027 1046/1046/1019
f 1051/1051/1026 1046/1046/1019 1049/1049/1024
f 1052/1052/1789 1051/1051/1026 1049/1049/1024
f 1053/1053/1028 916/916/944 919/919/898
f 967/967/946 916/916/944 1053/1053/1028
f 1054/1054/1029 967/967/946 1053/1053/1028
f 1054/1054/1029 1053/1053/1028 919/919/898
f 919/919/898 1055/1055/1032 968/968/1040
f 926/926/1030 1056/1056/1031 919/919/898
f 1055/1055/1032 919/919/898 1056/1056/1031
f 1056/1056/1031 926/926/1030 928/928/901
f 1054/1054/1029 968/968/1040 967/967/946
f 968/968/1040 1054/1054/1029 919/919/898
f 925/925/1033 929/929/1034 927/927/900
f 1056/1056/1031 929/929/1034 1055/1055/1032
f 929/929/1034 1056/1056/1031 928/928/901
f 1057/1057/1035 1055/1055/1032 929/929/1034
f 1057/1057/1035 929/929/1034 925/925/1033
f 1058/1058/1036 1055/1055/1032 1057/1057/1035
f 925/925/1033 1059/1059/1038 1057/1057/1035
f 1059/1059/1038 1058/1058/1036 1057/1057/1035
f 968/968/1040 1055/1055/1032 1058/1058/1036
f 1060/1060/1039 1058/1058/1036 1059/1059/1038
f 1061/1061/1037 1059/1059/1038 925/925/1033
f 1060/1060/1039 968/968/1040 1058/1058/1036
f 1062/1062/1043 968/968/1040 1060/1060/1039
f 1062/1062/1043 970/970/949 968/968/1040
f 930/930/903 1061/1061/1037 925/925/1033
f 1060/1060/1039 1059/1059/1038 1061/1061/1037
f 1060/1060/1039 1063/1063/1041 1062/1062/1043
f 1063/1063/1041 1060/1060/1039 1061/1061/1037
f 968/968/1040 970/970/949 969/969/947
f 1063/1063/1041 1061/1061/1037 930/930/903
f 1028/1028/1042 1063/1063/1041 930/930/903
f 1028/1028/1042 1062/1062/1043 1063/1063/1041
f 1062/1062/1043 1024/1024/1003 970/970/949
f 1026/1026/1004 1062/1062/1043 1028/1028/1042
f 1062/1062/1043 1026/1026/1004 1024/1024/1003
f 1064/1064/1131 1065/1065/1044 1066/1066/1045
f 1067/1067/1053 1065/1065/1044 1068/1068/1047
f 1066/1066/1045 1065/1065/1044 1067/1067/1053
f 1066/1066/1045 1069/1069/1046 1064/1064/1131
f 1067/2049/1053 1068/2050/1047 1070/1070/1048
f 1067/1067/1053 1069/1069/1046 1066/1066/1045
f 1071/1071/1049 1069/1069/1046 1067/1067/1053
f 1072/1072/1130 1069/1069/1046 1071/1071/1050
f 1072/1072/1130 1071/1071/1050 1073/1073/1052
f 1067/1067/1053 1073/1073/1052 1071/1071/1049
f 1074/1074/1051 1073/1073/1052 1067/1067/1053
f 1072/1072/1130 1073/1073/1052 1075/1075/1174
f 1075/1075/1174 1073/1073/1052 1074/1074/1051
f 1076/1076/1054 252/252/252 277/277/261
f 1077/1077/1072 252/252/252 1076/1076/1054
f 252/252/252 1077/1077/1072 262/262/1055
f 1078/1078/1056 277/277/261 283/283/1057
f 1078/1078/1056 1076/1076/1054 277/277/261
f 1079/1079/1058 1076/1076/1054 1078/1078/1056
f 1078/1078/1056 283/283/1057 1079/1079/1058
f 1080/1080/1059 1079/1079/1058 283/283/1057
f 1076/1076/1054 1079/1079/1058 1080/1080/1059
f 1080/1080/1059 1081/1081/1060 1076/1076/1054
f 1077/1077/1072 1076/1076/1054 1081/1081/1060
f 283/2025/1057 279/279/1061 1082/1082/1065
f 1082/1082/1065 279/279/1061 282/282/1062
f 283/283/1057 1068/1068/1047 1083/1083/1063
f 1080/1080/1059 1083/1083/1063 1081/1081/1060
f 1081/1081/1060 1084/1084/1064 1077/1077/1072
f 283/283/1057 1083/1083/1063 1080/1080/1059
f 1084/1084/1064 1081/1081/1060 1083/1083/1063
f 1068/2050/1047 283/2025/1057 1082/1082/1065
f 1085/1085/1095 285/285/264 262/262/1055
f 1086/1086/1066 285/285/264 1087/1087/1067
f 1088/1088/1069 1083/1083/1063 1068/1068/1047
f 1084/1084/1064 1083/1083/1063 1088/1088/1069
f 1088/1088/1069 1089/1089/1071 1084/1084/1064
f 1090/1090/1068 1088/1088/1069 1091/1091/1070
f 1090/1090/1068 1091/1091/1070 1064/1064/1131
f 1088/1088/1069 1090/1090/1068 1089/1089/1071
f 1092/1092/1080 1089/1089/1071 1090/1090/1068
f 1077/1077/1072 1084/1084/1064 1089/1089/1071
f 1077/1077/1072 1092/1092/1080 1093/1093/1077
f 1091/1091/1070 1088/1088/1069 1068/1068/1047
f 1094/1094/1073 1077/1077/1072 1095/1095/1076
f 1094/1094/1073 262/262/1055 1077/1077/1072
f 1094/1094/1073 1095/1095/1076 1096/1096/1075
f 1096/1096/1075 1095/1095/1076 1097/1097/1074
f 1094/1094/1073 1096/1096/1075 1098/1098/1078
f 1097/1097/1074 1098/1098/1078 1096/1096/1075
f 1095/1095/1076 1077/1077/1072 1093/1093/1077
f 1093/1093/1077 1097/1097/1074 1095/1095/1076
f 1099/1099/1093 262/262/1055 1094/1094/1073
f 1094/1094/1073 1098/1098/1078 1100/1100/1079
f 1094/1094/1073 1100/1100/1079 1099/1099/1093
f 1100/1100/1079 1101/1101/1085 1099/1099/1093
f 1064/1064/1131 1092/1092/1080 1090/1090/1068
f 1077/1077/1072 1089/1089/1071 1092/1092/1080
f 1092/1092/1080 1102/1102/1081 1103/1103/1083
f 1102/1102/1081 1092/1092/1080 1064/1064/1131
f 1091/1091/1070 1065/1065/1044 1064/1064/1131
f 1065/1065/1044 1091/1091/1070 1068/1068/1047
f 1064/1064/1131 1104/1104/1082 1102/1102/1081
f 1097/1097/1074 1103/1103/1083 1098/1098/1078
f 1098/1098/1078 1103/1103/1083 1105/1105/1086
f 1097/1097/1074 1093/1093/1077 1103/1103/1083
f 1092/1092/1080 1103/1103/1083 1093/1093/1077
f 1103/1103/1083 1106/1106/1084 1105/1105/1086
f 1098/1098/1078 1101/1101/1085 1100/1100/1079
f 1101/1101/1085 1098/1098/1078 1105/1105/1086
f 1106/1106/1084 1101/1101/1085 1105/1105/1086
f 1107/1107/1089 1101/1101/1085 1106/1106/1084
f 1108/1108/1087 1103/1103/1083 1102/1102/1081
f 1109/1109/1133 1106/1106/1084 1103/1103/1083
f 1108/1108/1087 1109/1109/1133 1103/1103/1083
f 1110/1110/1088 1107/1107/1089 1106/1106/1084
f 1106/1106/1084 1111/1111/1090 1112/1112/1091
f 1112/1112/1091 1110/1110/1088 1106/1106/1084
f 1112/1112/1091 1113/1113/1092 1110/1110/1088
f 1111/1111/1090 1113/1113/1092 1112/1112/1091
f 1111/1111/1090 1106/1106/1084 1109/1109/1133
f 262/262/1055 1099/1099/1093 1085/1085/1095
f 1114/1114/1122 1085/1085/1095 1099/1099/1093
f 1114/1114/1122 1115/1115/1094 1085/1085/1095
f 1116/1116/1096 1085/1085/1095 1117/1117/1097
f 1117/1117/1097 1085/1085/1095 1115/1115/1094
f 1118/1118/1099 1085/1085/1095 1116/1116/1096
f 1087/1087/1067 285/285/264 1118/1118/1099
f 1119/1119/1098 1087/1087/1067 1118/1118/1099
f 285/285/264 1085/1085/1095 1118/1118/1099
f 1120/1120/1100 1119/1119/1098 1118/1118/1099
f 1121/1121/1105 1120/1120/1100 1118/1118/1099
f 1119/1119/1098 1122/1122/1110 1123/1123/1101
f 1122/1122/1110 1119/1119/1098 1120/1120/1100
f 1124/1124/1103 1117/1117/1097 1125/1125/1102
f 1117/1117/1097 1124/1124/1103 1116/1116/1096
f 1124/1124/1103 1126/1126/1104 1116/1116/1096
f 1124/1124/1103 1125/1125/1102 1127/1127/1127
f 1128/1128/1157 1124/1124/1103 1127/1127/1127
f 1126/1126/1104 1118/1118/1099 1116/1116/1096
f 1126/1126/1104 1129/1129/1109 1118/1118/1099
f 1121/1121/1105 1118/1118/1099 1129/1129/1109
f 1129/1129/1109 1126/1126/1104 1124/1124/1103
f 1130/1130/1106 1129/1129/1109 1131/1131/1107
f 1129/1129/1109 1124/1124/1103 1131/1131/1107
f 1132/1132/1108 1121/1121/1105 1129/1129/1109
f 1132/1132/1108 1129/1129/1109 1130/1130/1106
f 1122/1122/1110 1120/1120/1100 1121/1121/1105
f 1122/1122/1110 1121/1121/1105 1132/1132/1108
f 1133/1133/1116 1132/1132/1108 1130/1130/1106
f 1122/1122/1110 1133/1133/1116 1134/1134/1152
f 1128/1128/1157 1131/1131/1107 1124/1124/1103
f 1135/1135/1112 1130/1130/1106 1131/1131/1107
f 1136/1136/1111 1130/1130/1106 1135/1135/1112
f 1128/1128/1157 1135/1135/1112 1131/1131/1107
f 1135/1135/1112 1128/1128/1157 1137/1137/1113
f 1137/1137/1113 1136/1136/1111 1135/1135/1112
f 1136/1136/1111 1137/1137/1113 1138/1138/1114
f 1136/1136/1111 1138/1138/1114 1139/1139/1117
f 1128/1128/1157 1140/1140/1115 1137/1137/1113
f 1137/1137/1113 1140/1140/1115 1138/1138/1114
f 1141/1141/1118 1138/1138/1114 1140/1140/1115
f 1138/1138/1114 1133/1133/1116 1139/1139/1117
f 1138/1138/1114 1141/1141/1118 1133/1133/1116
f 1139/1139/1117 1133/1133/1116 1130/1130/1106
f 1139/1139/1117 1130/1130/1106 1136/1136/1111
f 1132/1132/1108 1133/1133/1116 1122/1122/1110
f 1133/1133/1116 1141/1141/1118 1142/1142/1119
f 1142/1142/1119 1143/1143/1120 1133/1133/1116
f 1142/1142/1119 1141/1141/1118 1143/1143/1120
f 1099/1099/1093 1144/1144/1121 1114/1114/1122
f 1101/1101/1085 1144/1144/1121 1099/1099/1093
f 1144/1144/1121 1101/1101/1085 1145/1145/1123
f 1145/1145/1123 1114/1114/1122 1144/1144/1121
f 1145/1145/1123 1101/1101/1085 1107/1107/1089
f 1145/1145/1123 1146/1146/1124 1114/1114/1122
f 1117/1117/1097 1115/1115/1094 1114/1114/1122
f 1114/1114/1122 1146/1146/1124 1117/1117/1097
f 1125/1125/1102 1117/1117/1097 1146/1146/1124
f 1113/1113/1092 1107/1107/1089 1110/1110/1088
f 1146/1146/1124 1145/1145/1123 1107/1107/1089
f 1147/1147/1125 1146/1146/1124 1107/1107/1089
f 1146/1146/1124 1147/1147/1125 1148/1148/1126
f 1148/1148/1126 1125/1125/1102 1146/1146/1124
f 1147/1147/1125 1107/1107/1089 1113/1113/1092
f 1147/1147/1125 1113/1113/1092 1127/1127/1127
f 1149/1149/1154 1127/1127/1127 1113/1113/1092
f 1125/1125/1102 1148/1148/1126 1127/1127/1127
f 1147/1147/1125 1127/1127/1127 1148/1148/1126
f 338/338/319 325/325/306 335/335/315
f 1150/1150/1128 338/338/319 335/335/315
f 1150/1150/1128 335/335/315 1151/1151/1214
f 1151/1151/1214 335/335/315 1152/1152/1210
f 1153/1153/1129 1154/1154/1636 1150/1150/1128
f 1151/1151/1214 1153/1153/1129 1150/1150/1128
f 1086/1086/1066 284/284/263 285/285/264
f 1086/1086/1066 318/318/298 284/284/263
f 335/335/315 318/318/298 1086/1086/1066
f 1152/1152/1210 335/335/315 1086/1086/1066
f 1087/1087/1067 1119/1119/1098 1086/1086/1066
f 1123/1123/1101 1086/1086/1066 1119/1119/1098
f 1123/1123/1101 1122/1122/1110 1134/1134/1152
f 1143/1143/1120 1134/1134/1152 1133/1133/1116
f 1123/1123/1101 1134/1134/1152 1155/1155/1208
f 1123/1123/1101 1155/1155/1208 1086/1086/1066
f 1155/1155/1208 1152/1152/1210 1086/1086/1066
f 1104/1104/1082 1108/1108/1087 1102/1102/1081
f 1069/1069/1046 1072/1072/1130 1064/1064/1131
f 1064/1064/1131 1072/1072/1130 1104/1104/1082
f 1072/1072/1130 1156/1156/1132 1104/1104/1082
f 1108/1108/1087 1156/1156/1132 1109/1109/1133
f 1104/1104/1082 1156/1156/1132 1108/1108/1087
f 1157/1157/1134 1109/1109/1133 1156/1156/1132
f 1157/1157/1134 1111/1111/1090 1109/1109/1133
f 1158/1158/1135 1111/1111/1090 1157/1157/1134
f 1159/1159/1155 1158/1158/1135 1157/1157/1134
f 1156/1156/1132 1160/1160/1136 1157/1157/1134
f 1159/1159/1155 1157/1157/1134 1160/1160/1136
f 1161/1161/1137 1156/1156/1132 1072/1072/1130
f 1162/1162/1170 1072/1072/1130 1075/1075/1174
f 1163/1163/1138 1072/1072/1130 1162/1162/1170
f 1164/1164/1139 1161/1161/1137 1072/1072/1130
f 1072/1072/1130 1165/1165/1140 1164/1164/1139
f 1165/1165/1140 1072/1072/1130 1163/1163/1138
f 1164/1164/1139 1165/1165/1140 1163/1163/1138
f 1166/1166/1141 1156/1156/1132 1161/1161/1137
f 1167/1167/1142 1156/1156/1132 1166/1166/1141
f 1167/1167/1142 1160/1160/1136 1156/1156/1132
f 1167/1167/1142 1166/1166/1141 1168/1168/1144
f 1169/1169/1148 1167/1167/1142 1168/1168/1144
f 1161/1161/1137 1170/1170/1145 1166/1166/1141
f 1166/1166/1141 1170/1170/1145 1168/1168/1144
f 1171/1171/1143 1168/1168/1144 1170/1170/1145
f 1172/1172/1146 1161/1161/1137 1164/1164/1139
f 1172/1172/1146 1170/1170/1145 1161/1161/1137
f 1172/1172/1146 1171/1171/1143 1170/1170/1145
f 1172/1172/1146 1164/1164/1139 1173/1173/1172
f 1171/1171/1143 1169/1169/1148 1168/1168/1144
f 1172/1172/1146 1174/1174/1147 1171/1171/1143
f 1174/1174/1147 1175/1175/1177 1171/1171/1143
f 1175/1175/1177 1169/1169/1148 1171/1171/1143
f 1176/1176/1149 1140/1140/1115 1128/1128/1157
f 1177/1177/1150 1141/1141/1118 1140/1140/1115
f 1134/1134/1152 1143/1143/1120 1141/1141/1118
f 1141/1141/1118 1177/1177/1150 1178/1178/1151
f 1141/1141/1118 1178/1178/1151 1134/1134/1152
f 1155/1155/1208 1178/1178/1151 1179/1179/1166
f 1158/1158/1135 1149/1149/1154 1111/1111/1090
f 1149/1149/1154 1113/1113/1092 1111/1111/1090
f 1180/1180/1153 1149/1149/1154 1158/1158/1135
f 1180/1180/1153 1127/1127/1127 1149/1149/1154
f 1158/1158/1135 1159/1159/1155 1180/1180/1153
f 1159/1159/1155 1127/1127/1127 1180/1180/1153
f 1127/1127/1127 1181/1181/1156 1128/1128/1157
f 1128/1128/1157 1181/1181/1156 1182/1182/1158
f 1182/1182/1158 1176/1176/1149 1128/1128/1157
f 1181/1181/1156 1127/1127/1127 1159/1159/1155
f 1160/1160/1136 1181/1181/1156 1159/1159/1155
f 1176/1176/1149 1177/1177/1150 1140/1140/1115
f 1176/1176/1149 1182/1182/1158 1178/1178/1151
f 1176/1176/1149 1178/1178/1151 1177/1177/1150
f 1181/1181/1156 1178/1178/1151 1182/1182/1158
f 1179/1179/1166 1178/1178/1151 1181/1181/1156
f 1167/1167/1142 1169/1169/1148 1160/1160/1136
f 1169/1169/1148 1181/1181/1156 1160/1160/1136
f 1181/1181/1156 1169/1169/1148 1183/1183/1159
f 1184/1184/1163 1181/1181/1156 1183/1183/1159
f 1179/1179/1166 1181/1181/1156 1184/1184/1163
f 1185/1185/1160 1186/1186/1161 1169/1169/1148
f 1186/1186/1161 1183/1183/1159 1169/1169/1148
f 1185/1185/1160 1183/1183/1159 1186/1186/1161
f 1187/1187/1162 1184/1184/1163 1183/1183/1159
f 1188/1188/1168 1187/1187/1162 1189/1189/1165
f 1184/1184/1163 1187/1187/1162 1188/1188/1168
f 1190/1190/1164 1187/1187/1162 1183/1183/1159
f 1189/1189/1165 1187/1187/1162 1190/1190/1164
f 1179/1179/1166 1184/1184/1163 1191/1191/1167
f 1192/1192/1169 1191/1191/1167 1184/1184/1163
f 1188/1188/1168 1192/1192/1169 1184/1184/1163
f 1192/1192/1169 1179/1179/1166 1191/1191/1167
f 1193/1193/1196 1179/1179/1166 1192/1192/1169
f 1193/1193/1196 1194/1194/1209 1179/1179/1166
f 1173/1173/1172 1164/1164/1139 1163/1163/1138
f 1162/1162/1170 1195/1195/1171 1163/1163/1138
f 1173/1173/1172 1163/1163/1138 1195/1195/1171
f 1162/1162/1170 1173/1173/1172 1195/1195/1171
f 1173/1173/1172 1162/1162/1170 1196/1196/1173
f 1075/1075/1174 1197/1197/1175 1162/1162/1170
f 1198/1198/1176 1162/1162/1170 1197/1197/1175
f 1197/1197/1175 1199/1199/1181 1198/1198/1176
f 1196/1196/1173 1172/1172/1146 1173/1173/1172
f 1196/1196/1173 1200/1200/1182 1172/1172/1146
f 1200/1200/1182 1174/1174/1147 1172/1172/1146
f 1200/1200/1182 1175/1175/1177 1174/1174/1147
f 1162/1162/1170 1201/1201/1178 1196/1196/1173
f 1198/1198/1176 1201/1201/1178 1162/1162/1170
f 1202/1202/1179 1201/1201/1178 1199/1199/1181
f 1202/1202/1179 1196/1196/1173 1201/1201/1178
f 1198/1198/1176 1199/1199/1181 1201/1201/1178
f 1203/1203/1180 1202/1202/1179 1199/1199/1181
f 1204/1204/1190 1200/1200/1182 1196/1196/1173
f 1175/1175/1177 1200/1200/1182 1204/1204/1190
f 1204/1204/1190 1196/1196/1173 1202/1202/1179
f 1204/1204/1190 1202/1202/1179 1203/1203/1180
f 1175/1175/1177 1204/1204/1190 1205/1205/1193
f 1206/1206/1183 1197/1197/1175 1075/1075/1174
f 1207/1207/1185 1208/1208/1187 1197/1197/1175
f 1206/1206/1183 1207/1207/1185 1197/1197/1175
f 1206/1206/1183 1209/1209/1184 1207/1207/1185
f 1207/1207/1185 1210/1210/1556 1211/1211/1191
f 1212/1212/1186 1203/1203/1180 1199/1199/1181
f 1197/1197/1175 1212/1212/1186 1199/1199/1181
f 1213/1213/1188 1212/1212/1186 1197/1197/1175
f 1208/1208/1187 1213/1213/1188 1197/1197/1175
f 1212/1212/1186 1213/1213/1188 1203/1203/1180
f 1214/1214/1189 1204/1204/1190 1203/1203/1180
f 1214/1214/1189 1203/1203/1180 1213/1213/1188
f 1215/1215/1202 1204/1204/1190 1216/1216/1192
f 1204/1204/1190 1214/1214/1189 1216/1216/1192
f 1213/1213/1188 1216/1216/1192 1214/1214/1189
f 1211/1211/1191 1208/1208/1187 1207/1207/1185
f 1211/1211/1191 1213/1213/1188 1208/1208/1187
f 1211/1211/1191 1216/1216/1192 1213/1213/1188
f 1211/1211/1191 1217/1217/1203 1216/1216/1192
f 1185/1185/1160 1169/1169/1148 1175/1175/1177
f 1183/1183/1159 1185/1185/1160 1190/1190/1164
f 1190/1190/1164 1185/1185/1160 1205/1205/1193
f 1189/1189/1165 1190/1190/1164 1188/1188/1168
f 1190/1190/1164 1218/1218/1197 1188/1188/1168
f 1219/1219/1195 1218/1218/1197 1190/1190/1164
f 1193/1193/1196 1190/1190/1164 1205/1205/1193
f 1220/1220/1194 1219/1219/1195 1190/1190/1164
f 1193/1193/1196 1220/1220/1194 1190/1190/1164
f 1221/1221/1199 1193/1193/1196 1205/1205/1193
f 1205/1205/1193 1185/1185/1160 1175/1175/1177
f 1215/1215/1202 1221/1221/1199 1205/1205/1193
f 1192/1192/1169 1219/1219/1195 1193/1193/1196
f 1218/1218/1197 1192/1192/1169 1188/1188/1168
f 1192/1192/1169 1218/1218/1197 1219/1219/1195
f 1193/1193/1196 1219/1219/1195 1220/1220/1194
f 1222/1222/1198 1193/1193/1196 1223/1223/1200
f 1194/1194/1209 1193/1193/1196 1222/1222/1198
f 1193/1193/1196 1221/1221/1199 1223/1223/1200
f 1215/1215/1202 1223/1223/1200 1221/1221/1199
f 1215/1215/1202 1205/1205/1193 1204/1204/1190
f 1216/1216/1192 1224/1224/1201 1215/1215/1202
f 1217/1217/1203 1224/1224/1201 1216/1216/1192
f 1225/1225/1204 1215/1215/1202 1224/1224/1201
f 1225/1225/1204 1224/1224/1201 1226/1226/1205
f 1217/1217/1203 1227/1227/1206 1224/1224/1201
f 1224/1224/1201 1227/1227/1206 1226/1226/1205
f 1225/1225/1204 1223/1223/1200 1215/1215/1202
f 1228/1228/1207 1222/1222/1198 1223/1223/1200
f 1226/1226/1205 1228/1228/1207 1223/1223/1200
f 1225/1225/1204 1226/1226/1205 1223/1223/1200
f 1227/1227/1206 1228/1228/1207 1226/1226/1205
f 1155/1155/1208 1134/1134/1152 1178/1178/1151
f 1194/1194/1209 1155/1155/1208 1179/1179/1166
f 1155/1155/1208 1194/1194/1209 1152/1152/1210
f 1152/1152/1210 1194/1194/1209 1229/1229/1211
f 1152/1152/1210 1229/1229/1211 1151/1151/1214
f 1229/1229/1211 1230/1230/1212 1151/1151/1214
f 1230/1230/1212 1231/1231/1213 1151/1151/1214
f 1229/1229/1211 1232/1232/1215 1230/1230/1212
f 1229/1229/1211 1194/1194/1209 1233/1233/1245
f 1232/1232/1215 1229/1229/1211 1233/1233/1245
f 1234/1234/1216 1211/1211/1191 1210/1210/1556
f 1211/1211/1191 1234/1234/1216 1217/1217/1203
f 1235/1235/1559 1234/1234/1216 1236/1236/1217
f 1234/1234/1216 1235/1235/1559 1237/1237/1218
f 1237/1237/1218 1217/1217/1203 1234/1234/1216
f 1235/1235/1559 1238/1238/1564 1237/1237/1218
f 1239/1239/1219 1227/1227/1206 1217/1217/1203
f 1228/1228/1207 1227/1227/1206 1239/1239/1219
f 1239/1239/1219 1222/1222/1198 1228/1228/1207
f 1237/1237/1218 1239/1239/1219 1217/1217/1203
f 1239/1239/1219 1240/1240/1220 1222/1222/1198
f 1240/1240/1220 1194/1194/1209 1222/1222/1198
f 1238/1238/1564 1239/1239/1219 1237/1237/1218
f 1240/1240/1220 1239/1239/1219 1238/1238/1564
f 1238/1238/1564 1241/1241/1226 1242/1242/1221
f 1242/1242/1221 1240/1240/1220 1238/1238/1564
f 1243/1243/1224 1244/1244/1225 1245/1245/1222
f 1246/1246/1223 1244/1244/1225 1243/1243/1224
f 1241/1241/1226 1238/1238/1564 1245/1245/1222
f 1244/1244/1225 1241/1241/1226 1245/1245/1222
f 1244/1244/1225 1247/1247/1231 1241/1241/1226
f 1247/1247/1231 1248/1248/1227 1241/1241/1226
f 1241/1241/1226 1248/1248/1227 1242/1242/1221
f 1248/1248/1227 1249/1249/1228 1242/1242/1221
f 1240/1240/1220 1242/1242/1221 1249/1249/1228
f 1248/1248/1227 1247/1247/1231 1250/1250/1229
f 1250/1250/1229 1249/1249/1228 1248/1248/1227
f 1247/1247/1231 1251/1251/1230 1250/1250/1229
f 1251/1251/1230 1247/1247/1231 1252/1252/1232
f 1253/1253/1233 1251/1251/1230 1252/1252/1232
f 1251/1251/1230 1254/1254/1239 1250/1250/1229
f 1254/1254/1239 1249/1249/1228 1250/1250/1229
f 1194/1194/1209 1240/1240/1220 1233/1233/1245
f 1240/1240/1220 1255/1255/1237 1233/1233/1245
f 1256/1256/1244 1232/1232/1215 1233/1233/1245
f 1255/1255/1237 1240/1240/1220 1249/1249/1228
f 1257/1257/1234 1255/1255/1237 1249/1249/1228
f 1254/1254/1239 1257/1257/1234 1249/1249/1228
f 1253/1253/1233 1258/1258/1235 1251/1251/1230
f 1258/1258/1235 1253/1253/1233 1259/1259/1251
f 1257/1257/1234 1260/1260/1241 1255/1255/1237
f 1261/1261/1236 1255/1255/1237 1260/1260/1241
f 1262/1262/1238 1261/1261/1236 1260/1260/1241
f 1254/1254/1239 1260/1260/1241 1257/1257/1234
f 1251/1251/1230 1260/1260/1241 1254/1254/1239
f 1258/1258/1235 1263/1263/1240 1251/1251/1230
f 1263/1263/1240 1258/1258/1235 1259/1259/1251
f 1262/1262/1238 1260/1260/1241 1264/1264/1242
f 1260/1260/1241 1251/1251/1230 1264/1264/1242
f 1264/1264/1242 1251/1251/1230 1263/1263/1240
f 1265/1265/1243 1256/1256/1244 1233/1233/1245
f 1233/1233/1245 1255/1255/1237 1261/1261/1236
f 1265/1265/1243 1233/1233/1245 1261/1261/1236
f 1266/1266/1246 1261/1261/1236 1262/1262/1238
f 1264/1264/1242 1266/1266/1246 1262/1262/1238
f 1265/1265/1243 1261/1261/1236 1267/1267/1247
f 1266/1266/1246 1267/1267/1247 1261/1261/1236
f 1268/1268/1248 1266/1266/1246 1264/1264/1242
f 1268/1268/1248 1269/1269/1249 1266/1266/1246
f 1269/1269/1249 1267/1267/1247 1266/1266/1246
f 1270/1270/1250 1264/1264/1242 1263/1263/1240
f 1270/1270/1250 1268/1268/1248 1264/1264/1242
f 1271/1271/1253 1259/1259/1251 1272/1272/1252
f 1271/1271/1253 1263/1263/1240 1259/1259/1251
f 1271/1271/1253 1270/1270/1250 1263/1263/1240
f 1256/1256/1244 1265/1265/1243 1273/1273/1254
f 1269/1269/1249 1268/1268/1248 1267/1267/1247
f 1268/1268/1248 1270/1270/1250 1274/1274/1255
f 1274/1274/1255 1267/1267/1247 1268/1268/1248
f 1265/1265/1243 1267/1267/1247 1273/1273/1254
f 1273/1273/1254 1267/1267/1247 1274/1274/1255
f 1275/1275/1256 1271/1271/1253 1272/1272/1252
f 1275/1275/1256 1272/1272/1252 1276/1276/1613
f 1277/1277/1257 1270/1270/1250 1271/1271/1253
f 1271/1271/1253 1275/1275/1256 1277/1277/1257
f 1270/1270/1250 1277/1277/1257 1278/1278/1258
f 1279/1279/1261 1067/2049/1053 1070/1070/1048
f 1074/1074/1051 1067/1067/1053 1279/2051/1261
f 1280/1280/1259 1074/1074/1051 1279/2051/1261
f 1075/1075/1174 1074/1074/1051 1280/1280/1259
f 1281/1281/1260 1279/1279/1261 1070/1070/1048
f 1282/1282/1262 1280/1280/1259 1279/2051/1261
f 1279/2051/1261 1281/2052/1260 1282/1282/1262
f 1075/1075/1174 1280/1280/1259 1282/1282/1262
f 1281/1281/1260 1070/1070/1048 1283/1283/1263
f 1075/1075/1174 1282/1282/1262 1284/1284/1264
f 1285/1285/1266 1075/1075/1174 1284/1284/1264
f 1281/2052/1260 1284/1284/1264 1282/1282/1262
f 1075/1075/1174 1285/1285/1266 1209/1209/1184
f 1206/1206/1183 1075/1075/1174 1209/1209/1184
f 1286/1286/1265 1285/1285/1266 1284/1284/1264
f 1286/1286/1265 1284/1284/1264 1281/2052/1260
f 1287/1287/1267 1281/1281/1260 1288/1288/1482
f 1285/1285/1266 1289/1289/1481 1209/1209/1184
f 1288/1288/1482 1281/1281/1260 1283/1283/1263
f 1288/1288/1482 1283/1283/1263 1290/1290/1269
f 1283/1283/1263 1291/1291/1268 1290/1290/1269
f 1291/1291/1268 1292/1292/1484 1290/1290/1269
f 1082/1082/1065 282/282/1062 281/281/259
f 493/493/1272 281/281/259 480/480/462
f 1293/1293/1297 1082/1082/1065 281/281/259
f 1070/1070/1048 1068/2050/1047 1082/1082/1065
f 1293/1293/1297 1070/1070/1048 1082/1082/1065
f 1294/1294/1298 1293/1293/1297 281/281/259
f 493/493/1272 1294/1294/1298 281/281/259
f 494/494/470 486/486/472 497/497/1270
f 497/497/1270 498/498/475 494/494/470
f 1295/1295/1271 493/493/1272 494/494/470
f 1295/1295/1271 494/494/470 498/498/475
f 498/498/475 499/499/1276 1296/1296/1273
f 1295/1295/1271 498/498/475 1296/1296/1273
f 1297/1297/1275 487/487/473 501/501/478
f 499/499/1276 487/487/473 1297/1297/1275
f 504/504/1274 1297/1297/1275 501/501/478
f 503/503/477 504/504/1274 502/502/479
f 1298/1298/1278 1299/1299/1277 1297/1297/1275
f 499/499/1276 1297/1297/1275 1299/1299/1277
f 504/504/1274 1298/1298/1278 1297/1297/1275
f 1300/1300/1287 1298/1298/1278 504/504/1274
f 1301/1301/1284 504/504/1274 503/503/477
f 499/499/1276 1299/1299/1277 1302/1302/1279
f 1301/1301/1284 1300/1300/1287 504/504/1274
f 1299/1299/1277 1298/1298/1278 1302/1302/1279
f 1298/1298/1278 1300/1300/1287 1302/1302/1279
f 1303/1303/1280 493/493/1272 1295/1295/1271
f 1303/1303/1280 1294/1294/1298 493/493/1272
f 1304/1304/1281 1296/1296/1273 499/499/1276
f 1304/1304/1281 499/499/1276 1302/1302/1279
f 1302/1302/1279 1305/1305/1282 1304/1304/1281
f 1302/1302/1279 1300/1300/1287 1305/1305/1282
f 1295/1295/1271 1296/1296/1273 1306/1306/1332
f 1304/1304/1281 1305/1305/1282 1307/1307/1283
f 1308/1308/1292 1300/1300/1287 1301/1301/1284
f 1306/1306/1332 1303/1303/1280 1295/1295/1271
f 1306/1306/1332 1296/1296/1273 1309/1309/1302
f 1307/1307/1283 1305/1305/1282 1300/1300/1287
f 1310/1310/1285 1296/1296/1273 1304/1304/1281
f 1309/1309/1302 1296/1296/1273 1310/1310/1285
f 1307/1307/1283 1310/1310/1285 1304/1304/1281
f 1310/1310/1285 1307/1307/1283 1311/1311/1286
f 1300/1300/1287 1311/1311/1286 1307/1307/1283
f 1312/1312/1293 1301/1301/1284 503/503/477
f 1312/1312/1293 503/503/477 513/513/488
f 1312/1312/1293 513/513/488 1313/1313/1370
f 519/519/1289 520/520/497 522/522/1288
f 1314/1314/1291 519/519/1289 522/522/1288
f 1313/1313/1370 513/513/488 519/519/1289
f 519/519/1289 1315/1315/1290 1313/1313/1370
f 1315/1315/1290 519/519/1289 1314/1314/1291
f 1314/1314/1291 522/522/1288 1316/1316/1782
f 1308/1308/1292 1301/1301/1284 1312/1312/1293
f 1313/1313/1370 1308/1308/1292 1312/1312/1293
f 1317/1317/1294 1313/1313/1370 1318/1318/1295
f 1318/1318/1295 1315/1315/1290 1314/1314/1291
f 1318/1318/1295 1314/1314/1291 1319/1319/1393
f 1318/1318/1295 1313/1313/1370 1315/1315/1290
f 1283/1283/1263 1070/1070/1048 1293/1293/1297
f 1320/1320/1296 1293/1293/1297 1294/1294/1298
f 1321/1321/1299 1283/1283/1263 1293/1293/1297
f 1321/1321/1299 1293/1293/1297 1320/1320/1296
f 1209/1209/1184 1210/1210/1556 1207/1207/1185
f 1291/1291/1268 1283/1283/1263 1321/1321/1299
f 1303/1303/1280 1320/1320/1296 1294/1294/1298
f 1322/1322/1309 1320/1320/1296 1323/1323/1300
f 1323/1323/1300 1320/1320/1296 1303/1303/1280
f 1323/1323/1300 1303/1303/1280 1306/1306/1332
f 1306/1306/1332 1309/1309/1302 1324/1324/1301
f 1324/1324/1301 1309/1309/1302 1325/1325/1303
f 1325/1325/1303 1310/1310/1285 1311/1311/1286
f 1325/1325/1303 1309/1309/1302 1310/1310/1285
f 1300/1300/1287 1326/1326/1305 1311/1311/1286
f 1300/1300/1287 1327/1327/1415 1326/1326/1305
f 1326/1326/1305 1325/1325/1303 1311/1311/1286
f 1327/1327/1415 1328/1328/1455 1326/1326/1305
f 1327/1327/1415 1300/1300/1287 1308/1308/1292
f 1329/1329/1304 1325/1325/1303 1326/1326/1305
f 1329/1329/1304 1326/1326/1305 1328/1328/1455
f 1322/1322/1309 1321/1321/1299 1320/1320/1296
f 1291/1291/1268 1321/1321/1299 1322/1322/1309
f 1291/1291/1268 1322/1322/1309 1330/1330/1306
f 1330/1330/1306 1331/1331/1307 1291/1291/1268
f 1332/1332/1597 1331/1331/1307 1330/1330/1306
f 1333/1333/1308 1330/1330/1306 1322/1322/1309
f 1333/1333/1308 1322/1322/1309 1334/1334/1310
f 1335/1335/1602 1336/1336/1313 1337/1337/1311
f 1330/1330/1306 1333/1333/1308 1338/1338/1312
f 1336/1336/1313 1330/1330/1306 1339/1339/1314
f 1339/1339/1314 1337/1337/1311 1336/1336/1313
f 1335/1335/1315 1337/1337/1316 1340/1340/1603
f 1340/1340/1603 1337/1337/1316 1341/1341/1317
f 1338/1338/1312 1337/1337/1311 1339/1339/1314
f 1339/1339/1314 1330/1330/1306 1338/1338/1312
f 1333/1333/1308 1342/1342/1318 1338/1338/1312
f 1342/1342/1318 1343/1343/1319 1338/1338/1312
f 1344/1344/1320 1337/1337/1311 1343/1343/1319
f 1337/1337/1311 1338/1338/1312 1343/1343/1319
f 1337/1337/1316 1344/1344/1321 1341/1341/1317
f 1343/1343/1319 1345/1345/1326 1344/1344/1320
f 1346/1346/1322 1343/1343/1319 1342/1342/1318
f 1344/1344/1321 1345/1345/1323 1347/1347/1324
f 1345/1345/1326 1343/1343/1319 1346/1346/1322
f 1347/1347/1324 1345/1345/1323 1348/1348/1340
f 1347/1347/1324 1341/1341/1317 1344/1344/1321
f 1349/1349/1328 1341/1341/1317 1347/1347/1324
f 1333/1333/1308 1350/1350/1325 1346/1346/1322
f 1342/1342/1318 1333/1333/1308 1346/1346/1322
f 1345/1345/1326 1351/1351/1341 1348/1348/1340
f 1351/1351/1341 1345/1345/1326 1350/1350/1327
f 1346/1346/1322 1350/1350/1327 1345/1345/1326
f 1350/1350/1325 1333/1333/1308 1352/1352/1343
f 1349/1349/1328 1347/1347/1324 1353/1353/1329
f 1354/1354/1347 1355/1355/1330 1349/1349/1328
f 1356/1356/1331 1322/1322/1309 1323/1323/1300
f 1356/1356/1331 1323/1323/1300 1306/1306/1332
f 1322/1322/1309 1356/1356/1331 1357/1357/1333
f 1358/1358/1444 1306/1306/1332 1324/1324/1301
f 1358/1358/1444 1356/1356/1331 1306/1306/1332
f 1359/1359/1357 1356/1356/1331 1358/1358/1444
f 1360/1360/1335 1334/1334/1310 1322/1322/1309
f 1361/1361/1336 1334/1334/1310 1360/1360/1335
f 1362/1362/1334 1361/1361/1336 1360/1360/1335
f 1353/1353/1329 1347/1347/1324 1348/1348/1340
f 1352/1352/1343 1333/1333/1308 1363/1363/1337
f 1352/1352/1343 1363/1363/1337 1364/1364/1338
f 1334/1334/1310 1361/1361/1336 1333/1333/1308
f 1361/1361/1336 1363/1363/1337 1333/1333/1308
f 1363/1363/1337 1361/1361/1336 1364/1364/1338
f 1364/1364/1338 1361/1361/1336 1365/1365/1339
f 1348/1348/1340 1351/1351/1341 1366/1366/1342
f 1352/1352/1343 1351/1351/1341 1350/1350/1327
f 1352/1352/1343 1366/1366/1342 1351/1351/1341
f 1366/1366/1342 1352/1352/1343 1367/1367/1345
f 1353/1353/1329 1348/1348/1340 1366/1366/1342
f 1366/1366/1342 1368/1368/1344 1353/1353/1329
f 1368/1368/1344 1366/1366/1342 1367/1367/1345
f 1368/1368/1344 1367/1367/1345 1369/1369/1346
f 1349/1349/1328 1353/1353/1329 1368/1368/1344
f 1354/1354/1347 1349/1349/1328 1368/1368/1344
f 1370/1370/1349 1354/1354/1347 1368/1368/1344
f 1367/1367/1345 1352/1352/1343 1364/1364/1338
f 1369/1369/1346 1367/1367/1345 1364/1364/1338
f 1370/1370/1349 1368/1368/1344 1369/1369/1346
f 1369/1369/1346 1364/1364/1338 1371/1371/1348
f 1371/1371/1348 1364/1364/1338 1365/1365/1339
f 1370/1370/1349 1369/1369/1346 1371/1371/1348
f 1372/1372/1356 1354/2054/1347 1370/2056/1349
f 1370/2056/1349 1371/2057/1348 1372/1372/1356
f 1373/1373/1352 1361/1361/1336 1362/1362/1334
f 1365/1365/1339 1361/1361/1336 1373/1373/1352
f 1371/1371/1348 1365/1365/1339 1374/1374/1350
f 1374/2058/1354 1372/1372/1356 1371/2057/1348
f 1360/1360/1335 1322/1322/1309 1357/1357/1333
f 1360/1360/1335 1357/1357/1333 1375/1375/1351
f 1362/1362/1334 1360/1360/1335 1375/1375/1351
f 1373/1373/1352 1362/1362/1334 1375/1375/1351
f 1373/1373/1352 1374/1374/1350 1365/1365/1339
f 1373/1373/1352 1375/1375/1351 1376/1376/1364
f 1377/1377/1353 1373/1373/1352 1376/1376/1364
f 1374/1374/1350 1373/1373/1352 1377/1377/1353
f 1372/1372/1356 1374/2058/1354 1378/1378/1367
f 1378/1378/1367 1374/2058/1354 1377/2059/1355
f 1372/1372/1356 1378/1378/1367 1379/1379/1604
f 1357/1357/1333 1356/1356/1331 1359/1359/1357
f 1375/1375/1351 1357/1357/1333 1359/1359/1357
f 1359/1359/1357 1380/1380/1358 1375/1375/1351
f 1375/1375/1351 1380/1380/1358 1376/1376/1364
f 1381/1381/1359 1376/1376/1364 1380/1380/1358
f 1380/1380/1358 1359/1359/1357 1382/1382/1360
f 1381/1381/1359 1380/1380/1358 1382/1382/1360
f 1383/1383/1446 1359/1359/1357 1358/1358/1444
f 1382/1382/1360 1359/1359/1357 1383/1383/1446
f 1381/1381/1359 1382/1382/1360 1384/1384/1361
f 1385/1385/1365 1381/1381/1359 1384/1384/1361
f 1382/1382/1360 1383/1383/1446 1384/1384/1361
f 1384/1384/1361 1383/1383/1446 1386/1386/1362
f 1386/2062/1362 1387/1387/1363 1388/1388/1368
f 1376/1376/1364 1385/1385/1365 1377/1377/1353
f 1378/1378/1367 1377/2059/1355 1385/2061/1366
f 1376/1376/1364 1381/1381/1359 1385/1385/1365
f 1384/2060/1361 1378/1378/1367 1385/2061/1366
f 1384/2060/1361 1388/1388/1368 1378/1378/1367
f 1388/1388/1368 1379/1379/1604 1378/1378/1367
f 1386/2062/1362 1388/1388/1368 1384/2060/1361
f 1388/1388/1368 1387/1387/1363 1379/1379/1604
f 1313/1313/1370 1389/1389/1369 1308/1308/1292
f 1389/1389/1369 1313/1313/1370 1390/1390/1371
f 1390/1390/1371 1313/1313/1370 1391/1391/1372
f 1392/1392/1373 1317/1317/1294 1318/1318/1295
f 1390/1390/1371 1391/1391/1372 1393/1393/1375
f 1317/1317/1294 1391/1391/1372 1313/1313/1370
f 1394/1394/1374 1393/1393/1375 1391/1391/1372
f 1308/1308/1292 1389/1389/1369 1327/1327/1415
f 1389/1389/1369 1390/1390/1371 1393/1393/1375
f 1395/1395/1380 1389/1389/1369 1393/1393/1375
f 1396/1396/1401 1389/1389/1369 1395/1395/1380
f 1391/1391/1372 1397/1397/1376 1394/1394/1374
f 1397/1397/1376 1398/1398/1379 1394/1394/1374
f 1391/1391/1372 1317/1317/1294 1392/1392/1373
f 1391/1391/1372 1392/1392/1373 1399/1399/1377
f 1400/1400/1382 1401/1401/1378 1392/1392/1373
f 1399/1399/1377 1392/1392/1373 1401/1401/1378
f 1402/1402/1389 1399/1399/1377 1401/1401/1378
f 1399/1399/1377 1397/1397/1376 1391/1391/1372
f 1398/1398/1379 1393/1393/1375 1394/1394/1374
f 1398/1398/1379 1395/1395/1380 1393/1393/1375
f 1398/1398/1379 1397/1397/1376 1399/1399/1377
f 1395/1395/1380 1398/1398/1379 1403/1403/1409
f 1403/1403/1409 1398/1398/1379 1399/1399/1377
f 1404/1404/1406 1395/1395/1380 1403/1403/1409
f 1405/1405/1813 1319/1319/1393 1314/1314/1291
f 1406/1406/1384 1318/1318/1295 1407/1407/1381
f 1392/1392/1373 1318/1318/1295 1406/1406/1384
f 1392/1392/1373 1406/1406/1384 1400/1400/1382
f 1407/1407/1381 1408/1408/1383 1406/1406/1384
f 1406/1406/1384 1408/1408/1383 1400/1400/1382
f 1407/1407/1381 1318/1318/1295 1319/1319/1393
f 1402/1402/1389 1401/1401/1378 1400/1400/1382
f 1408/1408/1383 1407/1407/1381 1409/1409/1385
f 1410/1410/1386 1400/1400/1382 1408/1408/1383
f 1410/1410/1386 1408/1408/1383 1409/1409/1385
f 1411/1411/1387 1409/1409/1385 1407/1407/1381
f 1410/1410/1386 1402/1402/1389 1400/1400/1382
f 1412/1412/1407 1399/1399/1377 1413/1413/1420
f 1413/1413/1420 1399/1399/1377 1402/1402/1389
f 1409/1409/1385 1411/1411/1387 1414/1414/1388
f 1410/1410/1386 1409/1409/1385 1414/1414/1388
f 1402/1402/1389 1410/1410/1386 1414/1414/1388
f 1402/1402/1389 1414/1414/1388 1415/1415/1390
f 1416/1416/1391 1414/1414/1388 1411/1411/1387
f 1416/1416/1391 1407/1407/1381 1417/1417/1392
f 1416/1416/1391 1411/1411/1387 1407/1407/1381
f 1417/1417/1392 1407/1407/1381 1319/1319/1393
f 1417/1417/1392 1319/1319/1393 1418/1418/1394
f 1419/1419/1395 1416/1416/1391 1417/1417/1392
f 1419/1419/1395 1417/1417/1392 1420/1420/1396
f 1420/1420/1396 1417/1417/1392 1418/1418/1394
f 1421/1421/1397 1420/1420/1396 1418/1418/1394
f 1421/1421/1397 1418/1418/1394 1422/1422/1398
f 1422/1422/1398 1418/1418/1394 1423/1423/1811
f 1420/1420/1396 1421/1421/1397 1419/1419/1395
f 1424/1424/1399 1419/1419/1395 1421/1421/1397
f 1424/1424/1399 1421/1421/1397 1422/1422/1398
f 1425/1425/1404 1396/1396/1401 1395/1395/1380
f 1425/1425/1404 1395/1395/1380 1426/1426/1400
f 1427/1427/1402 1389/1389/1369 1396/1396/1401
f 1396/1396/1401 1425/1425/1404 1427/1427/1402
f 1427/1427/1402 1327/1327/1415 1389/1389/1369
f 1428/1428/1403 1425/1425/1404 1426/1426/1400
f 1427/1427/1402 1425/1425/1404 1428/1428/1403
f 1429/1429/1405 1426/1426/1400 1395/1395/1380
f 1429/1429/1405 1395/1395/1380 1404/1404/1406
f 1429/1429/1405 1404/1404/1406 1403/1403/1409
f 1426/1426/1400 1429/1429/1405 1430/1430/1408
f 1412/1412/1407 1403/1403/1409 1399/1399/1377
f 1431/1431/1413 1403/1403/1409 1412/1412/1407
f 1430/1430/1408 1429/1429/1405 1403/1403/1409
f 1430/1430/1408 1403/1403/1409 1431/1431/1413
f 1431/1431/1413 1412/1412/1407 1432/1432/1410
f 1433/1433/1411 1428/1428/1403 1426/1426/1400
f 1433/1433/1411 1426/1426/1400 1430/1430/1408
f 1434/1434/1412 1433/1433/1411 1430/1430/1408
f 1428/1428/1403 1433/1433/1411 1434/1434/1412
f 1435/1435/1418 1434/1434/1412 1430/1430/1408
f 1436/1436/1419 1430/1430/1408 1431/1431/1413
f 1436/1436/1419 1431/1431/1413 1437/1437/1414
f 1432/1432/1410 1437/1437/1414 1431/1431/1413
f 1436/1436/1419 1437/1437/1414 1432/1432/1410
f 1427/1427/1402 1438/1438/1416 1327/1327/1415
f 1438/1438/1416 1427/1427/1402 1439/1439/1417
f 1439/1439/1417 1427/1427/1402 1435/1435/1418
f 1435/1435/1418 1428/1428/1403 1434/1434/1412
f 1436/1436/1419 1435/1435/1418 1430/1430/1408
f 1436/1436/1419 1432/1432/1410 1440/1440/1428
f 1441/1441/1436 1435/1435/1418 1436/1436/1419
f 1441/1441/1436 1436/1436/1419 1440/1440/1428
f 1441/1441/1436 1442/1442/1431 1435/1435/1418
f 1427/1427/1402 1428/1428/1403 1435/1435/1418
f 1402/1402/1389 1415/1415/1390 1413/1413/1420
f 1432/1432/1410 1412/1412/1407 1413/1413/1420
f 1413/1413/1420 1443/1443/1421 1432/1432/1410
f 1443/1443/1421 1413/1413/1420 1444/1444/1422
f 1444/1444/1422 1413/1413/1420 1415/1415/1390
f 1416/1416/1391 1415/1415/1390 1414/1414/1388
f 1445/1445/1423 1415/1415/1390 1416/1416/1391
f 1444/1444/1422 1415/1415/1390 1445/1445/1423
f 1432/1432/1410 1443/1443/1421 1446/1446/1424
f 1444/1444/1422 1447/1447/1425 1443/1443/1421
f 1446/1446/1424 1443/1443/1421 1447/1447/1425
f 1447/1447/1425 1444/1444/1422 1448/1448/1426
f 1446/1446/1424 1447/1447/1425 1448/1448/1426
f 1449/1449/1427 1446/1446/1424 1448/1448/1426
f 1432/1432/1410 1446/1446/1424 1440/1440/1428
f 1445/1445/1423 1416/1416/1391 1419/1419/1395
f 1445/1445/1423 1419/1419/1395 1424/1424/1399
f 1424/1424/1399 1422/1422/1398 1423/1423/1811
f 1448/1448/1426 1444/1444/1422 1445/1445/1423
f 1449/1449/1427 1448/1448/1426 1445/1445/1423
f 1449/1449/1427 1440/1440/1428 1446/1446/1424
f 1449/1449/1427 1445/1445/1423 1424/1424/1399
f 1423/1423/1811 1450/1450/1435 1424/1424/1399
f 1451/1451/1429 1452/1452/1430 1442/1442/1431
f 1453/1453/1433 1449/1449/1427 1424/1424/1399
f 1440/1440/1428 1449/1449/1427 1441/1441/1436
f 1454/1454/1432 1449/1449/1427 1453/1453/1433
f 1453/1453/1433 1424/1424/1399 1450/1450/1435
f 1455/1455/1434 1453/1453/1433 1450/1450/1435
f 1441/1441/1436 1449/1449/1427 1454/1454/1432
f 1456/1456/1437 1441/1441/1436 1454/1454/1432
f 1442/1442/1431 1441/1441/1436 1456/1456/1437
f 1454/1454/1432 1453/1453/1433 1456/1456/1437
f 1456/1456/1437 1453/1453/1433 1455/1455/1434
f 1442/1442/1431 1456/1456/1437 1457/1457/1839
f 1458/1458/1438 1325/1325/1303 1329/1329/1304
f 1325/1325/1303 1459/1459/1439 1324/1324/1301
f 1458/1458/1438 1459/1459/1439 1325/1325/1303
f 1460/1460/1448 1358/1358/1444 1324/1324/1301
f 1461/1461/1441 1324/1324/1301 1459/1459/1439
f 1459/1459/1439 1458/1458/1438 1462/1462/1440
f 1462/1462/1440 1458/1458/1438 1463/1463/1456
f 1461/1461/1441 1460/1460/1448 1324/1324/1301
f 1461/1461/1441 1459/1459/1439 1462/1462/1440
f 1462/1462/1440 1464/1464/1442 1461/1461/1441
f 1463/1463/1456 1465/1465/1443 1462/1462/1440
f 1465/1465/1443 1464/1464/1442 1462/1462/1440
f 1465/1465/1443 1463/1463/1456 1466/1466/1457
f 1358/1358/1444 1467/1467/1445 1383/1383/1446
f 1386/1386/1362 1383/1383/1446 1468/1468/1447
f 1386/1386/1362 1468/1468/1447 1387/2063/1363
f 1468/1468/1447 1383/1383/1446 1467/1467/1445
f 1467/1467/1445 1358/1358/1444 1460/1460/1448
f 1464/1464/1442 1460/1460/1448 1461/1461/1441
f 1467/1467/1445 1460/1460/1448 1464/1464/1442
f 1467/1467/1445 1464/1464/1442 1468/1468/1447
f 1469/1469/1467 1379/1379/1604 1387/1387/1363
f 1469/1469/1467 1387/1387/1363 1470/1470/1449
f 1471/1471/1450 1464/1464/1442 1465/1465/1443
f 1472/1472/1453 1471/1471/1450 1465/1465/1443
f 1464/1464/1442 1471/1471/1450 1473/1473/1451
f 1473/1473/1451 1468/1468/1447 1464/1464/1442
f 1474/1474/1452 1473/1473/1451 1471/1471/1450
f 1468/1468/1447 1473/1473/1451 1387/2063/1363
f 1387/2063/1363 1473/1473/1451 1474/1474/1452
f 1387/1387/1363 1474/2065/1452 1470/1470/1449
f 1474/1474/1452 1471/1471/1450 1472/1472/1453
f 1472/1472/1453 1465/1465/1443 1475/1475/1454
f 1466/1466/1457 1475/1475/1454 1465/1465/1443
f 1470/2064/1449 1474/1474/1452 1472/1472/1453
f 1472/1472/1453 1476/1476/1459 1470/2064/1449
f 1476/1476/1459 1472/1472/1453 1475/1475/1454
f 1329/1329/1304 1328/1328/1455 1458/1458/1438
f 1458/1458/1438 1328/1328/1455 1463/1463/1456
f 1466/1466/1457 1463/1463/1456 1328/1328/1455
f 1438/1438/1416 1328/1328/1455 1327/1327/1415
f 1328/1328/1455 1438/1438/1416 1466/1466/1457
f 1438/1438/1416 1476/1476/1459 1466/1466/1457
f 1477/1477/1458 1476/1476/1459 1438/1438/1416
f 1476/1476/1459 1475/1475/1454 1466/1466/1457
f 1476/1476/1459 1478/1478/1460 1470/2064/1449
f 1469/1469/1467 1470/1470/1449 1478/2066/1460
f 1476/1476/1459 1477/1477/1458 1478/1478/1460
f 1438/1438/1416 1479/1479/1461 1477/1477/1458
f 1469/1469/1467 1478/2066/1460 1480/1480/1463
f 1477/1477/1458 1480/2067/1463 1478/1478/1460
f 1480/2067/1463 1477/1477/1458 1479/1479/1461
f 1481/1481/1462 1479/1479/1461 1438/1438/1416
f 1479/1479/1461 1481/1481/1462 1480/2067/1463
f 1481/1481/1462 1482/1482/1464 1480/2067/1463
f 1480/1480/1463 1482/2068/1464 1469/1469/1467
f 1483/1483/1465 1481/1481/1462 1438/1438/1416
f 1438/1438/1416 1439/1439/1417 1483/1483/1465
f 1482/1482/1464 1481/1481/1462 1484/1484/1466
f 1484/1484/1466 1481/1481/1462 1483/1483/1465
f 1469/1469/1467 1482/2068/1464 1484/2069/1466
f 1485/1485/1468 1483/1483/1465 1439/1439/1417
f 1483/1483/1465 1485/1485/1468 1484/1484/1466
f 1484/1484/1466 1485/1485/1468 1486/1486/1624
f 1286/1286/1265 1281/2052/1260 1287/2053/1267
f 1487/1487/1469 1287/1287/1267 1288/1288/1482
f 1286/1286/1265 1488/1488/1470 1489/1489/1471
f 1286/1286/1265 1287/2053/1267 1490/1490/1472
f 1488/1488/1470 1286/1286/1265 1490/1490/1472
f 1491/1491/1483 1492/1492/1473 1487/1487/1469
f 1492/1492/1473 1491/1491/1483 1493/1493/1474
f 1488/1488/1470 1490/1490/1472 1494/1494/1475
f 1494/2072/1475 1490/2071/1472 1495/1495/1477
f 1287/1287/1267 1487/1487/1469 1490/2071/1472
f 1487/1487/1469 1492/1492/1473 1496/1496/1476
f 1496/1496/1476 1490/2071/1472 1487/1487/1469
f 1495/1495/1477 1490/2071/1472 1496/1496/1476
f 1495/1495/1477 1496/1496/1476 1497/1497/1478
f 1492/1492/1473 1497/1497/1478 1496/1496/1476
f 1492/1492/1473 1493/1493/1474 1498/1498/1479
f 1497/1497/1478 1492/1492/1473 1498/1498/1479
f 1499/1499/1500 1500/1500/1487 1501/1501/1488
f 1499/2073/1500 1501/2074/1488 1502/1502/1516
f 1489/1489/1471 1285/1285/1266 1286/1286/1265
f 1489/1489/1471 1289/1289/1481 1285/1285/1266
f 1488/1488/1470 1503/1503/1493 1489/1489/1471
f 1503/1503/1493 1504/1504/1480 1489/1489/1471
f 1504/1504/1480 1289/1289/1481 1489/1489/1471
f 1504/1504/1480 1505/1505/1558 1289/1289/1481
f 1288/1288/1482 1290/1290/1269 1491/1491/1483
f 1487/1487/1469 1288/1288/1482 1491/1491/1483
f 1292/1292/1484 1491/1491/1483 1290/1290/1269
f 1292/1292/1484 1493/1493/1474 1491/1491/1483
f 1498/1498/1479 1493/1493/1474 1506/1506/1485
f 1499/1499/1500 1498/1498/1479 1500/1500/1487
f 1498/1498/1479 1506/1506/1485 1500/1500/1487
f 1506/1506/1485 1493/1493/1474 1507/1507/1486
f 1507/1507/1486 1500/1500/1487 1506/1506/1485
f 1500/1500/1487 1508/1508/1513 1501/1501/1488
f 1509/1509/1489 1510/1510/1511 1502/1502/1516
f 1494/1494/1475 1511/1511/1494 1488/1488/1470
f 1512/1512/1491 1511/1511/1494 1494/1494/1475
f 1513/1513/1490 1511/1511/1494 1512/1512/1491
f 1503/1503/1493 1488/1488/1470 1511/1511/1494
f 1514/1514/1492 1503/1503/1493 1511/1511/1494
f 1515/1515/1495 1511/1511/1494 1513/1513/1490
f 1515/1515/1495 1513/1513/1490 1516/1516/1504
f 1512/2076/1491 1494/2072/1475 1517/1517/1496
f 1495/1495/1477 1517/1517/1496 1494/2072/1475
f 1517/1517/1496 1495/1495/1477 1518/1518/1502
f 1513/1513/1490 1512/1512/1491 1519/1519/1497
f 1519/1519/1497 1512/1512/1491 1517/2077/1496
f 1517/2077/1496 1518/2078/1502 1520/1520/1498
f 1517/2077/1496 1520/1520/1498 1519/1519/1497
f 1518/1518/1502 1495/1495/1477 1497/1497/1478
f 1518/1518/1502 1497/1497/1478 1498/1498/1479
f 1516/1516/1504 1513/1513/1490 1519/1519/1497
f 1516/1516/1504 1519/1519/1497 1520/1520/1498
f 1521/1521/1499 1516/1516/1504 1520/1520/1498
f 1518/1518/1502 1498/1498/1479 1499/1499/1500
f 1499/2073/1500 1522/1522/1501 1518/2078/1502
f 1522/1522/1501 1520/1520/1498 1518/2078/1502
f 1520/1520/1498 1522/1522/1501 1510/1510/1511
f 1499/2073/1500 1502/1502/1516 1522/1522/1501
f 1522/1522/1501 1502/1502/1516 1510/1510/1511
f 1514/1514/1492 1504/1504/1480 1503/1503/1493
f 1515/1515/1495 1523/1523/1503 1514/1514/1492
f 1515/1515/1495 1514/1514/1492 1511/1511/1494
f 1524/1524/1508 1504/1504/1480 1514/1514/1492
f 1523/1523/1503 1515/1515/1495 1516/1516/1504
f 1523/1523/1503 1516/1516/1504 1525/1525/1505
f 1524/1524/1508 1514/1514/1492 1526/1526/1506
f 1526/1526/1506 1514/1514/1492 1523/1523/1503
f 1521/1521/1499 1525/1525/1505 1516/1516/1504
f 1525/1525/1505 1526/1526/1506 1523/1523/1503
f 1527/1527/1563 1525/1525/1505 1521/1521/1499
f 1528/1528/1507 1526/1526/1506 1525/1525/1505
f 1526/1526/1506 1528/1528/1507 1529/1529/1509
f 1527/1527/1563 1521/1521/1499 1530/1530/1551
f 1524/1524/1508 1531/1531/1557 1504/1504/1480
f 1529/1529/1509 1524/1524/1508 1526/1526/1506
f 1529/1529/1509 1531/1531/1557 1524/1524/1508
f 1525/1525/1505 1527/1527/1563 1528/1528/1507
f 1532/1532/1510 1529/1529/1509 1528/1528/1507
f 1528/1528/1507 1527/1527/1563 1532/1532/1510
f 1520/1520/1498 1510/1510/1511 1521/1521/1499
f 1510/1510/1511 1530/1530/1551 1521/1521/1499
f 1509/1509/1489 1530/1530/1551 1510/1510/1511
f 1331/1331/1307 1533/1533/1512 1292/1292/1484
f 1331/1331/1307 1292/1292/1484 1291/1291/1268
f 1507/1507/1486 1493/1493/1474 1292/1292/1484
f 1534/1534/1515 1508/1508/1513 1500/1500/1487
f 1535/1535/1514 1508/1508/1513 1534/1534/1515
f 1509/1509/1489 1508/2075/1513 1536/1536/1518
f 1507/1507/1486 1534/1534/1515 1500/1500/1487
f 1534/1534/1515 1537/1537/1521 1535/1535/1514
f 1502/1502/1516 1501/2074/1488 1508/2075/1513
f 1502/1502/1516 1508/2075/1513 1509/1509/1489
f 1508/2075/1513 1535/2079/1517 1536/1536/1518
f 1507/1507/1486 1292/1292/1484 1533/1533/1512
f 1507/1507/1486 1533/1533/1512 1538/1538/1519
f 1539/1539/1520 1535/1535/1514 1537/1537/1521
f 1538/1538/1519 1539/1539/1520 1537/1537/1521
f 1537/1537/1521 1507/1507/1486 1538/1538/1519
f 1540/1540/1522 1541/1541/1523 1539/1539/1520
f 1539/1539/1520 1538/1538/1519 1540/1540/1522
f 1536/1536/1518 1539/2080/1520 1541/2081/1523
f 1542/1542/1524 1536/1536/1518 1541/2081/1523
f 1539/2080/1520 1536/1536/1518 1535/2079/1517
f 1509/1509/1489 1536/1536/1518 1543/1543/1550
f 1543/1543/1550 1536/1536/1518 1542/1542/1524
f 1544/1544/1527 1533/1533/1512 1331/1331/1307
f 1544/1544/1527 1538/1538/1519 1533/1533/1512
f 1545/1545/1525 1546/1546/1547 1547/1547/1548
f 1548/1548/1532 1546/1546/1547 1545/1545/1525
f 1547/1547/1548 1549/1549/1526 1545/1545/1525
f 1547/1547/1548 1544/1544/1527 1549/1549/1526
f 1550/1550/1528 1549/1549/1526 1544/1544/1527
f 1549/1549/1526 1550/1550/1528 1545/1545/1525
f 1550/1550/1528 1551/1551/1529 1545/1545/1525
f 1548/1548/1532 1545/1545/1525 1552/1552/1530
f 1552/2083/1541 1553/1553/1531 1548/2082/1532
f 1554/1554/1533 1555/1555/1534 1551/1551/1535
f 1554/1554/1542 1551/1551/1536 1556/1556/1553
f 1545/1545/1525 1551/1551/1537 1552/1552/1530
f 1552/1552/1538 1551/1551/1539 1555/1555/1540
f 1553/1553/1531 1552/2083/1541 1554/2084/1542
f 1554/1554/1542 1552/1552/1541 1555/1555/1543
f 1550/1550/1528 1544/1544/1527 1331/1331/1307
f 1331/1331/1307 1557/1557/1544 1550/1550/1528
f 1550/1550/1528 1556/1556/1545 1551/1551/1529
f 1557/1557/1544 1556/1556/1545 1550/1550/1528
f 1541/1541/1523 1540/1540/1522 1558/1558/1546
f 1542/1542/1524 1541/2081/1523 1558/2085/1546
f 1558/1558/1546 1540/1540/1522 1546/1546/1547
f 1547/1547/1548 1540/1540/1522 1538/1538/1519
f 1547/1547/1548 1546/1546/1547 1540/1540/1522
f 1543/1543/1550 1542/1542/1524 1559/1559/1549
f 1548/1548/1532 1558/1558/1546 1546/1546/1547
f 1559/1559/1549 1542/1542/1524 1558/2085/1546
f 1548/2082/1532 1559/1559/1549 1558/2085/1546
f 1553/1553/1531 1559/1559/1549 1548/2082/1532
f 1560/1560/1569 1559/1559/1549 1553/1553/1531
f 1543/1543/1550 1530/1530/1551 1509/1509/1489
f 1557/1557/1544 1561/1561/1552 1562/1562/1595
f 1557/1557/1544 1562/1562/1595 1556/1556/1545
f 1554/1554/1542 1556/1556/1553 1563/1563/1554
f 1556/1556/1553 1562/1562/1595 1563/1563/1554
f 1557/1557/1544 1331/1331/1307 1561/1561/1552
f 1553/1553/1531 1563/2086/1554 1564/1564/1599
f 1553/1553/1531 1554/2084/1542 1563/2086/1554
f 1332/1332/1597 1562/1562/1595 1561/1561/1552
f 1563/1563/1554 1562/1562/1595 1565/1565/1555
f 1289/1289/1481 1210/1210/1556 1209/1209/1184
f 1289/1289/1481 1505/1505/1558 1236/1236/1217
f 1236/1236/1217 1210/1210/1556 1289/1289/1481
f 1236/1236/1217 1234/1234/1216 1210/1210/1556
f 1504/1504/1480 1531/1531/1557 1505/1505/1558
f 1235/1235/1559 1236/1236/1217 1505/1505/1558
f 1531/1531/1557 1235/1235/1559 1505/1505/1558
f 1235/1235/1559 1531/1531/1557 1566/1566/1560
f 1566/1566/1560 1531/1531/1557 1567/1567/1561
f 1531/1531/1557 1529/1529/1509 1567/1567/1561
f 1567/1567/1561 1529/1529/1509 1532/1532/1510
f 1567/1567/1561 1532/1532/1510 1568/1568/1562
f 1566/1566/1560 1567/1567/1561 1568/1568/1562
f 1568/1568/1562 1243/1243/1224 1566/1566/1560
f 1532/1532/1510 1243/1243/1224 1568/1568/1562
f 1246/1246/1223 1532/1532/1510 1527/1527/1563
f 1566/1566/1560 1238/1238/1564 1235/1235/1559
f 1566/1566/1560 1243/1243/1224 1238/1238/1564
f 1243/1243/1224 1532/1532/1510 1246/1246/1223
f 1243/1243/1224 1245/1245/1222 1238/1238/1564
f 1569/1569/1565 1559/1559/1549 1560/1560/1569
f 1543/1543/1550 1559/1559/1549 1569/1569/1565
f 1569/1569/1565 1570/1570/1566 1543/1543/1550
f 1571/1571/1567 1543/1543/1550 1570/1570/1566
f 1572/1572/1568 1560/1560/1569 1553/1553/1531
f 1572/1572/1568 1573/1573/1570 1560/1560/1569
f 1574/1574/1579 1560/1560/1569 1573/1573/1570
f 1569/1569/1565 1560/1560/1569 1570/1570/1566
f 1570/1570/1566 1560/1560/1569 1574/1574/1579
f 1530/1530/1551 1543/1543/1550 1571/1571/1567
f 1530/1530/1551 1571/1571/1567 1575/1575/1572
f 1570/1570/1566 1576/1576/1571 1571/1571/1567
f 1575/1575/1572 1571/1571/1567 1576/1576/1571
f 1576/1576/1571 1577/1577/1574 1575/1575/1572
f 1574/1574/1579 1576/1576/1571 1570/1570/1566
f 1578/1578/1581 1577/1577/1574 1576/1576/1571
f 1578/1578/1581 1576/1576/1571 1574/1574/1579
f 1530/1530/1551 1575/1575/1572 1579/1579/1573
f 1579/1579/1573 1575/1575/1572 1577/1577/1574
f 1580/1580/1575 1577/1577/1574 1578/1578/1581
f 1579/1579/1573 1577/1577/1574 1580/1580/1575
f 1581/1581/1576 1579/1579/1573 1580/1580/1575
f 1581/1581/1576 1530/1530/1551 1579/1579/1573
f 1581/1581/1576 1580/1580/1575 1578/1578/1581
f 1581/1581/1576 1582/1582/1577 1530/1530/1551
f 1578/1578/1581 1582/1582/1577 1581/1581/1576
f 1583/1583/1578 1530/1530/1551 1582/1582/1577
f 1574/1574/1579 1584/1584/1580 1578/1578/1581
f 1582/1582/1577 1578/1578/1581 1585/1585/1582
f 1585/1585/1582 1578/1578/1581 1584/1584/1580
f 1586/1586/1583 1582/1582/1577 1585/1585/1582
f 1587/1587/1586 1586/1586/1583 1585/1585/1582
f 1530/1530/1551 1583/1583/1578 1588/1588/1584
f 1589/1589/1590 1530/1530/1551 1588/1588/1584
f 1588/1588/1584 1590/1590/1585 1589/1589/1590
f 1588/1588/1584 1591/1591/1588 1590/1590/1585
f 1582/1582/1577 1586/1586/1583 1583/1583/1578
f 1583/1583/1578 1586/1586/1583 1587/1587/1586
f 1583/1583/1578 1591/1591/1588 1588/1588/1584
f 1591/1591/1588 1583/1583/1578 1587/1587/1586
f 1584/1584/1580 1587/1587/1586 1585/1585/1582
f 1584/1584/1580 1591/1591/1588 1587/1587/1586
f 1592/1592/1587 1591/1591/1588 1584/1584/1580
f 1252/1252/1232 1246/1246/1223 1527/1527/1563
f 1527/1527/1563 1530/1530/1551 1593/1593/1589
f 1246/1246/1223 1252/1252/1232 1244/1244/1225
f 1252/1252/1232 1247/1247/1231 1244/1244/1225
f 1252/1252/1232 1527/1527/1563 1593/1593/1589
f 1252/1252/1232 1593/1593/1589 1253/1253/1233
f 1593/1593/1589 1259/1259/1251 1253/1253/1233
f 1594/1594/1606 1259/1259/1251 1593/1593/1589
f 1593/1593/1589 1589/1589/1590 1595/1595/1591
f 1593/1593/1589 1595/1595/1591 1594/1594/1606
f 1593/1593/1589 1530/1530/1551 1589/1589/1590
f 1589/1589/1590 1590/1590/1585 1596/1596/1593
f 1596/1596/1593 1590/1590/1585 1591/1591/1588
f 1592/1592/1587 1597/1597/1592 1596/1596/1593
f 1592/1592/1587 1596/1596/1593 1591/1591/1588
f 1572/1572/1568 1553/1553/1531 1564/1564/1599
f 1332/1332/1597 1561/1561/1552 1331/1331/1307
f 1564/2087/1599 1563/1563/1554 1565/1565/1594
f 1565/1565/1555 1562/1562/1595 1598/1598/1596
f 1332/1332/1597 1598/1598/1596 1562/1562/1595
f 1332/1332/1597 1599/1599/1598 1598/1598/1596
f 1600/1600/1600 1564/2087/1599 1565/1565/1594
f 1572/1572/1568 1564/1564/1599 1573/1573/1570
f 1565/1565/1555 1598/1598/1596 1600/1600/1600
f 1600/1600/1600 1598/1598/1596 1599/1599/1601
f 1332/1332/1597 1330/1330/1306 1336/1336/1313
f 1599/1599/1598 1332/1332/1597 1335/1335/1602
f 1599/1599/1601 1335/1335/1315 1600/1600/1600
f 1336/1336/1313 1335/1335/1602 1332/1332/1597
f 1355/2055/1330 1573/1573/1570 1564/1564/1599
f 1600/1600/1600 1335/1335/1315 1340/1340/1603
f 1340/1340/1603 1564/2087/1599 1600/1600/1600
f 1349/1349/1328 1564/2087/1599 1340/1340/1603
f 1355/1355/1330 1564/2087/1599 1349/1349/1328
f 1341/1341/1317 1349/1349/1328 1340/1340/1603
f 1574/1574/1579 1573/1573/1570 1355/2055/1330
f 1354/2054/1347 1574/1574/1579 1355/2055/1330
f 1372/1372/1356 1574/1574/1579 1354/2054/1347
f 1379/1379/1604 1574/1574/1579 1372/1372/1356
f 1574/1574/1579 1379/1379/1604 1601/1601/1605
f 1601/1601/1605 1592/1592/1587 1584/1584/1580
f 1574/1574/1579 1601/1601/1605 1584/1584/1580
f 1469/1469/1467 1484/2069/1466 1486/2070/1624
f 1594/1594/1606 1595/1595/1591 1602/1602/1607
f 1602/1602/1607 1595/1595/1591 1597/1597/1592
f 1603/1603/1609 1602/1602/1607 1597/1597/1592
f 1603/1603/1609 1597/1597/1592 1592/1592/1587
f 1272/1272/1252 1259/1259/1251 1594/1594/1606
f 1597/1597/1592 1589/1589/1590 1596/1596/1593
f 1589/1589/1590 1597/1597/1592 1595/1595/1591
f 1594/1594/1606 1276/1276/1613 1272/1272/1252
f 1276/1276/1613 1594/1594/1606 1602/1602/1607
f 1276/1276/1613 1602/1602/1607 1604/1604/1608
f 1604/1604/1608 1602/1602/1607 1603/1603/1609
f 1605/1605/1615 1604/1604/1608 1603/1603/1609
f 1606/1606/1610 1604/1604/1608 1605/1605/1615
f 1607/1607/1611 1605/1605/1615 1603/1603/1609
f 1608/1608/1612 1276/1276/1613 1604/1604/1608
f 1608/1608/1612 1604/1604/1608 1606/1606/1610
f 1609/1609/1618 1608/1608/1612 1606/1606/1610
f 1610/1610/1616 1611/1611/1614 1606/1606/1610
f 1606/1606/1610 1605/1605/1615 1610/1610/1616
f 1610/1610/1616 1605/1605/1615 1607/1607/1611
f 1610/1610/1616 1607/1607/1611 1612/1612/1617
f 1610/1610/1616 1612/1612/1617 1611/1611/1614
f 1613/1613/1619 1606/1606/1610 1611/1611/1614
f 1613/1613/1619 1611/1611/1614 1612/1612/1617
f 1608/1608/1612 1609/1609/1618 1614/1614/1883
f 1609/1609/1618 1606/1606/1610 1613/1613/1619
f 1615/1615/1622 1609/1609/1618 1613/1613/1619
f 1616/1616/1620 1613/1613/1619 1612/1612/1617
f 1617/1617/1621 1616/1616/1620 1612/1612/1617
f 1616/1616/1620 1615/1615/1622 1613/1613/1619
f 1615/1615/1622 1614/1614/1883 1609/1609/1618
f 1615/1615/1622 1616/1616/1620 1614/1614/1883
f 1614/1614/1883 1616/1616/1620 1617/1617/1621
f 1607/1607/1611 1603/1603/1609 1592/1592/1587
f 1618/1618/1885 1619/1619/2009 1592/1592/1587
f 1592/1592/1587 1619/1619/2009 1607/1607/1611
f 1619/1619/2009 1612/1612/1617 1607/1607/1611
f 1619/1619/2009 1617/1617/1621 1612/1612/1617
f 1618/1618/1885 1592/1592/1587 1601/1601/1605
f 1620/1620/1632 1601/1601/1605 1379/1379/1604
f 1618/1618/1885 1601/1601/1605 1620/1620/1632
f 1621/1621/1623 1486/1486/1624 1485/1485/1468
f 1485/1485/1468 1439/1439/1417 1621/1621/1623
f 1486/1486/1624 1621/1621/1623 1622/1622/1625
f 1486/2070/1624 1622/2088/1625 1469/1469/1467
f 1623/1623/1626 1622/1622/1625 1621/1621/1623
f 1439/1439/1417 1623/1623/1626 1621/1621/1623
f 1469/1469/1467 1622/2088/1625 1624/1624/1633
f 1624/1624/1633 1379/1379/1604 1469/1469/1467
f 1623/1623/1626 1439/1439/1417 1625/1625/1628
f 1435/1435/1418 1625/1625/1628 1439/1439/1417
f 1622/1622/1625 1623/1623/1626 1626/1626/1627
f 1626/1626/1627 1623/1623/1626 1625/1625/1628
f 1625/1625/1628 1435/1435/1418 1442/1442/1431
f 1622/2088/1625 1627/1627/1629 1624/1624/1633
f 1627/2089/1629 1622/1622/1625 1626/1626/1627
f 1628/1628/1630 1625/1625/1628 1452/1452/1430
f 1627/2089/1629 1626/1626/1627 1628/1628/1630
f 1628/1628/1630 1626/1626/1627 1625/1625/1628
f 1625/1625/1628 1442/1442/1431 1452/1452/1430
f 1628/1628/1630 1452/1452/1430 1451/1451/1429
f 1629/1629/1631 1627/2089/1629 1628/1628/1630
f 1629/1629/1631 1628/1628/1630 1451/1451/1429
f 1442/1442/1431 1457/1457/1839 1451/1451/1429
f 1620/1620/1632 1379/1379/1604 1624/1624/1633
f 1620/1620/1632 1624/1624/1633 1630/1630/1634
f 1627/1627/1629 1630/1630/1634 1624/1624/1633
f 1630/1630/1634 1627/1627/1629 1631/1631/1635
f 1451/1451/1429 1632/1632/1934 1629/1629/1631
f 1631/2090/1635 1629/1629/1631 1632/1632/1934
f 1629/1629/1631 1631/2090/1635 1627/2089/1629
f 1507/1507/1486 1537/1537/1521 1534/1534/1515
f 1538/1538/1519 1544/1544/1527 1547/1547/1548
f 338/338/319 333/333/317 337/337/320
f 338/338/319 820/820/791 333/333/317
f 821/821/793 819/819/790 820/820/791
f 821/821/793 820/820/791 338/338/319
f 1154/1154/1636 338/338/319 1150/1150/1128
f 1154/1154/1636 1633/1633/1637 338/338/319
f 1153/1153/1129 1633/1633/1637 1154/1154/1636
f 1634/1634/1641 821/821/793 1633/1633/1637
f 338/338/319 1633/1633/1637 821/821/793
f 821/821/793 1634/1634/1641 1635/1635/1638
f 1635/1635/1638 824/824/794 821/821/793
f 824/824/794 1635/1635/1638 1636/1636/1639
f 1635/1635/1638 1634/1634/1641 1637/1637/1655
f 1635/1635/1638 1637/1637/1655 1636/1636/1639
f 1153/1153/1129 1634/1634/1641 1633/1633/1637
f 1638/1638/1640 1634/1634/1641 1153/1153/1129
f 1153/1153/1129 1231/1231/1213 1638/1638/1640
f 1639/1639/1642 1634/1634/1641 1638/1638/1640
f 1637/1637/1655 1634/1634/1641 1639/1639/1642
f 1637/1637/1655 1639/1639/1642 1640/1640/1643
f 1641/1641/1688 1639/1639/1642 1638/1638/1640
f 1642/1642/1645 1640/1640/1643 1639/1639/1642
f 1642/1642/1645 1643/1643/1644 1640/1640/1643
f 1642/1642/1645 1644/1644/1647 1643/1643/1644
f 1645/1645/1689 1639/1639/1642 1641/1641/1688
f 1639/1639/1642 1645/1645/1689 1642/1642/1645
f 1646/1646/1646 1644/1644/1647 1642/1642/1645
f 1231/1231/1213 1153/1153/1129 1151/1151/1214
f 856/856/824 825/825/829 1636/1636/1639
f 864/864/832 856/856/824 1636/1636/1639
f 825/825/829 824/824/794 1636/1636/1639
f 1647/1647/1648 864/864/832 1636/1636/1639
f 1647/1647/1648 867/867/834 864/864/832
f 1647/1647/1648 1648/1648/1649 867/867/834
f 867/867/834 1648/1648/1649 868/868/842
f 1648/1648/1649 1649/1649/1650 868/868/842
f 1650/1650/1651 1649/1649/1650 1648/1648/1649
f 1649/1649/1650 872/872/841 868/868/842
f 1651/1651/1656 1652/1652/1653 1636/1636/1639
f 1653/1653/1652 1652/1652/1653 1651/1651/1656
f 1650/1650/1651 1648/1648/1649 1647/1647/1648
f 1652/1652/1653 1647/1647/1648 1636/1636/1639
f 1650/1650/1651 1647/1647/1648 1652/1652/1653
f 1653/1653/1652 1650/1650/1651 1652/1652/1653
f 1650/1650/1651 1654/1654/1654 1649/1649/1650
f 1653/1653/1652 1654/1654/1654 1650/1650/1651
f 1637/1637/1655 1651/1651/1656 1636/1636/1639
f 1637/1637/1655 1655/1655/1657 1651/1651/1656
f 1655/1655/1657 1653/1653/1652 1651/1651/1656
f 1655/1655/1657 1637/1637/1655 1656/1656/1658
f 1657/1657/1662 1653/1653/1652 1655/1655/1657
f 1657/1657/1662 1654/1654/1654 1653/1653/1652
f 1649/1649/1650 1654/1654/1654 872/872/841
f 1658/1658/1659 872/872/841 1654/1654/1654
f 1658/1658/1659 1659/1659/1660 872/872/841
f 1657/1657/1662 1655/1655/1657 1656/1656/1658
f 1660/1660/1661 1656/1656/1658 1637/1637/1655
f 1660/1660/1661 1657/1657/1662 1656/1656/1658
f 1661/1661/1668 1654/1654/1654 1657/1657/1662
f 1662/1662/1666 1661/1661/1668 1657/1657/1662
f 1640/1640/1643 1660/1660/1661 1637/1637/1655
f 1640/1640/1643 1663/1663/1663 1660/1660/1661
f 1664/1664/1664 1662/1662/1666 1660/1660/1661
f 1660/1660/1661 1662/1662/1666 1657/1657/1662
f 1664/1664/1664 1660/1660/1661 1663/1663/1663
f 1640/1640/1643 1643/1643/1644 1663/1663/1663
f 1661/1661/1668 1658/1658/1659 1654/1654/1654
f 1664/1664/1664 1663/1663/1663 1643/1643/1644
f 1665/1665/1665 1662/1662/1666 1664/1664/1664
f 1643/1643/1644 1665/1665/1665 1664/1664/1664
f 1661/1661/1668 1662/1662/1666 1665/1665/1665
f 1644/1644/1647 1665/1665/1665 1643/1643/1644
f 1665/1665/1665 1644/1644/1647 1666/1666/1667
f 1665/1665/1665 1666/1666/1667 1661/1661/1668
f 1661/1661/1668 1667/1667/1700 1668/1668/1682
f 872/872/841 885/885/856 873/873/857
f 885/885/856 1669/1669/1669 886/886/1672
f 872/872/841 1659/1659/1660 885/885/856
f 885/885/856 1659/1659/1660 1670/1670/1670
f 1670/1670/1670 1669/1669/1669 885/885/856
f 1671/1671/1675 1670/1670/1670 1672/1672/1671
f 886/886/1672 1673/1673/1678 898/898/870
f 1674/1674/1673 1673/1673/1678 886/886/1672
f 1670/1670/1670 1671/1671/1675 1669/1669/1669
f 1671/1671/1675 886/886/1672 1669/1669/1669
f 1671/1671/1675 1674/1674/1673 886/886/1672
f 1671/1671/1675 1673/1673/1678 1674/1674/1673
f 1659/1659/1660 1672/1672/1671 1670/1670/1670
f 1672/1672/1671 1675/1675/1674 1671/1671/1675
f 904/904/1677 1671/1671/1675 1675/1675/1674
f 1675/1675/1674 1672/1672/1671 1676/1676/1676
f 1675/1675/1674 1676/1676/1676 904/904/1677
f 1671/1671/1675 904/904/1677 1673/1673/1678
f 1673/1673/1678 904/904/1677 898/898/870
f 905/905/1681 904/904/1677 1677/1677/1679
f 1677/1677/1679 1678/1678/1680 905/905/1681
f 1668/1668/1682 1659/1659/1660 1658/1658/1659
f 1658/1658/1659 1661/1661/1668 1668/1668/1682
f 1668/1668/1682 1672/1672/1671 1659/1659/1660
f 1668/1668/1682 1676/1676/1676 1672/1672/1671
f 1679/1679/1683 1676/1676/1676 1668/1668/1682
f 1668/1668/1682 1680/1680/1684 1679/1679/1683
f 1676/1676/1676 1677/1677/1679 904/904/1677
f 1677/1677/1679 1676/1676/1676 1679/1679/1683
f 1677/1677/1679 1679/1679/1683 1681/1681/1793
f 1681/1681/1793 1678/1678/1680 1677/1677/1679
f 1679/1679/1683 1682/1682/1685 1683/1683/1686
f 1681/1681/1793 1679/1679/1683 1683/1683/1686
f 1684/1684/1687 1638/1638/1640 1231/1231/1213
f 1641/1641/1688 1638/1638/1640 1685/1685/1693
f 1684/1684/1687 1685/1685/1693 1638/1638/1640
f 1686/1686/1692 1687/1687/1690 1641/1641/1688
f 1645/1645/1689 1641/1641/1688 1687/1687/1690
f 1645/1645/1689 1646/1646/1646 1642/1642/1645
f 1666/1666/1667 1644/1644/1647 1646/1646/1646
f 1661/1661/1668 1666/1666/1667 1667/1667/1700
f 1686/1686/1692 1645/1645/1689 1687/1687/1690
f 1688/1688/1695 1645/1645/1689 1686/1686/1692
f 1688/1688/1695 1646/1646/1646 1645/1645/1689
f 1646/1646/1646 1688/1688/1695 1689/1689/1691
f 1666/1666/1667 1646/1646/1646 1689/1689/1691
f 1686/1686/1692 1641/1641/1688 1685/1685/1693
f 1686/1686/1692 1685/1685/1693 1690/1690/1712
f 1686/1686/1692 1690/1690/1712 1688/1688/1695
f 1691/1691/1694 1689/1689/1691 1688/1688/1695
f 1691/1691/1694 1688/1688/1695 1692/1692/1701
f 1666/1666/1667 1689/1689/1691 1693/1693/1696
f 1693/1693/1696 1667/1667/1700 1666/1666/1667
f 1689/1689/1691 1691/1691/1694 1693/1693/1696
f 1691/1691/1694 1694/1694/1698 1693/1693/1696
f 1695/1695/1697 1692/1692/1701 1688/1688/1695
f 1692/1692/1701 1694/1694/1698 1691/1691/1694
f 1692/1692/1701 1696/1696/1699 1694/1694/1698
f 1667/1667/1700 1693/1693/1696 1694/1694/1698
f 1695/1695/1697 1688/1688/1695 1690/1690/1712
f 1697/1697/1709 1692/1692/1701 1695/1695/1697
f 1692/1692/1701 1698/1698/1702 1696/1696/1699
f 1697/1697/1709 1698/1698/1702 1692/1692/1701
f 1230/1230/1212 1684/1684/1687 1231/1231/1213
f 1699/1699/1703 1685/1685/1693 1684/1684/1687
f 1230/1230/1212 1232/1232/1215 1684/1684/1687
f 1699/1699/1703 1684/1684/1687 1232/1232/1215
f 1699/1699/1703 1232/1232/1215 1685/1685/1693
f 1700/1700/1705 1685/1685/1693 1232/1232/1215
f 1685/1685/1693 1700/1700/1705 1690/1690/1712
f 1701/1701/1718 1702/1702/1716 1667/1667/1700
f 1667/1667/1700 1703/1703/1704 1701/1701/1718
f 1667/1667/1700 1694/1694/1698 1696/1696/1699
f 1701/1701/1718 1703/1703/1704 1704/1704/1715
f 1705/1705/1706 1700/1700/1705 1232/1232/1215
f 1700/1700/1705 1705/1705/1706 1690/1690/1712
f 1706/1706/1707 1690/1690/1712 1705/1705/1706
f 1698/1698/1702 1667/1667/1700 1696/1696/1699
f 1707/1707/1708 1667/1667/1700 1698/1698/1702
f 1707/1707/1708 1698/1698/1702 1697/1697/1709
f 1708/1708/1714 1703/1703/1704 1667/1667/1700
f 1707/1707/1708 1708/1708/1714 1667/1667/1700
f 1709/1709/1710 1697/1697/1709 1695/1695/1697
f 1710/1710/1725 1697/1697/1709 1709/1709/1710
f 1710/1710/1725 1707/1707/1708 1697/1697/1709
f 1708/1708/1714 1704/1704/1715 1703/1703/1704
f 1711/1711/1711 1695/1695/1697 1690/1690/1712
f 1695/1695/1697 1711/1711/1711 1712/1712/1723
f 1712/1712/1723 1709/1709/1710 1695/1695/1697
f 1706/1706/1707 1711/1711/1711 1690/1690/1712
f 1708/1708/1714 1707/1707/1708 1710/1710/1725
f 1710/1710/1725 1713/1713/1713 1708/1708/1714
f 1714/1714/1731 1704/1704/1715 1708/1708/1714
f 1667/1667/1700 1702/1702/1716 1668/1668/1682
f 1680/1680/1684 1668/1668/1682 1702/1702/1716
f 1680/1680/1684 1702/1702/1716 1715/1715/1717
f 1679/1679/1683 1680/1680/1684 1682/1682/1685
f 1715/1715/1717 1716/1716/1720 1680/1680/1684
f 1701/1701/1718 1717/1717/1719 1715/1715/1717
f 1702/1702/1716 1701/1701/1718 1715/1715/1717
f 1704/1704/1715 1717/1717/1719 1701/1701/1718
f 1716/1716/1720 1682/1682/1685 1680/1680/1684
f 1717/1717/1719 1682/1682/1685 1716/1716/1720
f 1715/1715/1717 1717/1717/1719 1716/1716/1720
f 1718/1718/1721 1683/1683/1686 1717/1717/1719
f 1717/1717/1719 1683/1683/1686 1682/1682/1685
f 1718/1718/1721 1681/1681/1793 1683/1683/1686
f 1681/1681/1793 1718/1718/1721 1719/1719/1795
f 1718/1718/1721 1717/1717/1719 1704/1704/1715
f 1256/1256/1244 1705/1705/1706 1232/1232/1215
f 1720/1720/1736 1721/1721/1722 1706/1706/1707
f 1722/1722/1724 1709/1709/1710 1712/1712/1723
f 1709/1709/1710 1722/1722/1724 1710/1710/1725
f 1713/1713/1713 1710/1710/1725 1722/1722/1724
f 1711/1711/1711 1721/1721/1722 1712/1712/1723
f 1721/1721/1722 1711/1711/1711 1706/1706/1707
f 1712/1712/1723 1721/1721/1722 1722/1722/1724
f 1723/1723/1726 1713/1713/1713 1722/1722/1724
f 1723/1723/1726 1708/1708/1714 1713/1713/1713
f 1708/1708/1714 1723/1723/1726 1724/1724/1727
f 1725/1725/1728 1726/1726/1729 1721/1721/1722
f 1726/1726/1729 1722/1722/1724 1721/1721/1722
f 1722/1722/1724 1726/1726/1729 1723/1723/1726
f 1708/1708/1714 1724/1724/1727 1714/1714/1731
f 1726/1726/1729 1725/1725/1728 1727/1727/1730
f 1728/1728/1737 1723/1723/1726 1727/1727/1730
f 1727/1727/1730 1723/1723/1726 1726/1726/1729
f 1728/1728/1737 1724/1724/1727 1723/1723/1726
f 1729/1729/1878 1704/1704/1715 1714/1714/1731
f 1730/1730/1741 1714/1714/1731 1724/1724/1727
f 1730/1730/1741 1729/1729/1878 1714/1714/1731
f 1706/1706/1707 1705/1705/1706 1720/1720/1736
f 1720/1720/1736 1705/1705/1706 1731/1731/1732
f 1732/1732/1733 1720/1720/1736 1731/1731/1732
f 1732/1732/1733 1733/1733/1735 1734/1734/1734
f 1735/1735/1746 1731/1731/1732 1705/1705/1706
f 1732/1732/1733 1731/1731/1732 1733/1733/1735
f 1735/1735/1746 1705/1705/1706 1256/1256/1244
f 1735/1735/1746 1256/1256/1244 1273/1273/1254
f 1721/1721/1722 1720/1720/1736 1725/1725/1728
f 1725/1725/1728 1720/1720/1736 1732/1732/1733
f 1732/1732/1733 1727/1727/1730 1725/1725/1728
f 1728/1728/1737 1727/1727/1730 1736/1736/1738
f 1736/1736/1738 1727/1727/1730 1732/1732/1733
f 1737/1737/1739 1736/1736/1738 1732/1732/1733
f 1728/1728/1737 1736/1736/1738 1737/1737/1739
f 1738/1738/1740 1724/1724/1727 1728/1728/1737
f 1734/1734/1734 1737/1737/1739 1732/1732/1733
f 1737/1737/1739 1738/1738/1740 1728/1728/1737
f 1738/1738/1740 1737/1737/1739 1734/1734/1734
f 1734/1734/1734 1733/1733/1735 1738/1738/1740
f 1730/1730/1741 1739/1739/1742 1729/1729/1878
f 1740/1740/1743 1739/1739/1742 1730/1730/1741
f 1724/1724/1727 1740/1740/1743 1730/1730/1741
f 1740/1740/1743 1724/1724/1727 1741/1741/1750
f 1738/1738/1740 1733/1733/1735 1742/1742/1748
f 1743/1743/1744 1273/1273/1254 1274/1274/1255
f 1270/1270/1250 1743/1743/1744 1274/1274/1255
f 1744/1744/1745 1273/1273/1254 1743/1743/1744
f 1743/1743/1744 1270/1270/1250 1278/1278/1258
f 1744/1744/1745 1735/1735/1746 1273/1273/1254
f 1745/1745/1753 1744/1744/1745 1743/1743/1744
f 1743/1743/1744 1278/1278/1258 1745/1745/1753
f 1746/1746/1747 1277/1277/1257 1275/1275/1256
f 1278/1278/1258 1277/1277/1257 1745/1745/1753
f 1747/1747/1752 1735/1735/1746 1744/1744/1745
f 1731/1731/1732 1735/1735/1746 1747/1747/1752
f 1742/1742/1748 1741/1741/1750 1738/1738/1740
f 1748/1748/1749 1733/1733/1735 1731/1731/1732
f 1742/1742/1748 1733/1733/1735 1748/1748/1749
f 1742/1742/1748 1749/1749/1755 1741/1741/1750
f 1741/1741/1750 1749/1749/1755 1750/1750/1751
f 1747/1747/1752 1744/1744/1745 1745/1745/1753
f 1745/1745/1753 1277/1277/1257 1751/1751/1760
f 1745/1745/1753 1752/1752/1754 1747/1747/1752
f 1751/1751/1760 1277/1277/1257 1746/1746/1747
f 1753/1753/1756 1742/1742/1748 1748/1748/1749
f 1753/1753/1756 1748/1748/1749 1731/1731/1732
f 1731/1731/1732 1747/1747/1752 1753/1753/1756
f 1747/1747/1752 1752/1752/1754 1753/1753/1756
f 1753/1753/1756 1752/1752/1754 1754/1754/1757
f 1749/1749/1755 1753/1753/1756 1754/1754/1757
f 1754/1754/1757 1755/1755/1758 1749/1749/1755
f 1751/1751/1760 1746/1746/1747 1754/1754/1757
f 1755/2091/1758 1754/1754/1757 1746/1746/1747
f 1749/1749/1755 1742/1742/1748 1753/1753/1756
f 1756/1756/1759 1750/1750/1751 1749/1749/1755
f 1749/1749/1755 1755/1755/1758 1756/1756/1759
f 1751/1751/1760 1752/1752/1754 1745/1745/1753
f 1754/1754/1757 1752/1752/1754 1751/1751/1760
f 1757/1757/1762 1746/1746/1747 1758/1758/1761
f 1750/1750/1751 1756/1756/1759 1759/1759/1765
f 1755/1755/1758 1759/1759/1765 1756/1756/1759
f 1757/2092/1762 1759/1759/1765 1755/1755/1758
f 1757/1757/1762 1755/2091/1758 1746/1746/1747
f 1746/1746/1747 1275/1275/1256 1758/1758/1761
f 1741/1741/1750 1724/1724/1727 1738/1738/1740
f 1750/1750/1751 1760/1760/1764 1741/1741/1750
f 1760/1760/1764 1750/1750/1751 1759/1759/1765
f 1740/1740/1743 1741/1741/1750 1761/1761/1888
f 1761/1761/1888 1741/1741/1750 1762/1762/1763
f 1762/1762/1763 1741/1741/1750 1760/1760/1764
f 1759/1759/1765 1762/1762/1763 1760/1760/1764
f 1763/1763/2012 1764/1764/1766 1762/1762/1763
f 1762/1762/1763 1759/1759/1765 1763/1763/2012
f 1759/1759/1765 1757/2092/1762 1763/1763/2012
f 1764/1764/1766 1761/1761/1888 1762/1762/1763
f 997/997/976 1010/1010/993 1015/1015/994
f 1015/1015/994 1765/1765/1767 997/997/976
f 1766/1766/1768 1767/1767/1774 1765/1765/1767
f 1768/1768/1771 1015/1015/994 1016/1016/992
f 1768/1768/1771 1016/1016/992 1012/1012/990
f 1766/1766/1768 1765/1765/1767 1015/1015/994
f 1768/1768/1771 1766/1766/1768 1015/1015/994
f 1768/1768/1771 1012/1012/990 1017/1017/1769
f 1017/1017/1769 1014/1014/1770 1768/1768/1771
f 1014/1014/1770 1766/1766/1768 1768/1768/1771
f 1766/1766/1768 1014/1014/1770 1013/1013/991
f 1769/1769/1772 1766/1766/1768 1013/1013/991
f 1770/1770/1773 1766/1766/1768 1769/1769/1772
f 1766/1766/1768 1770/1770/1773 1771/1771/1775
f 1767/1767/1774 1766/1766/1768 1771/1771/1775
f 1772/1772/1778 1771/1771/1775 1770/1770/1773
f 1771/1771/1775 1773/1773/1776 1767/1767/1774
f 1773/1773/1776 1771/1771/1775 1774/1774/1777
f 1771/1771/1775 1772/1772/1778 1774/1774/1777
f 1774/1774/1777 1772/1772/1778 1773/1773/1776
f 1775/1775/1779 1767/1767/1774 1773/1773/1776
f 1772/1772/1778 1775/1775/1779 1773/1773/1776
f 521/521/1780 1021/1021/998 1316/1316/1782
f 522/522/1288 521/521/1780 1316/1316/1782
f 1022/1022/1781 1316/1316/1782 1021/1021/998
f 1316/1316/1782 1022/1022/1781 1776/1776/1783
f 1767/1767/1774 997/997/976 1765/1765/1767
f 1767/1767/1774 1022/1022/1781 997/997/976
f 1022/1022/1781 1767/1767/1774 1776/1776/1783
f 1314/1314/1291 1316/1316/1782 1405/1405/1813
f 1405/1405/1813 1316/1316/1782 1776/1776/1783
f 1767/1767/1774 1405/1405/1813 1776/1776/1783
f 1767/1767/1774 1775/1775/1779 1405/1405/1813
f 1405/1405/1813 1775/1775/1779 1777/1777/1784
f 1769/1769/1772 1013/1013/991 1040/1040/1785
f 1013/1013/991 1038/1038/1013 1040/1040/1785
f 1778/1778/1786 1040/1040/1785 1039/1039/1014
f 1040/1040/1785 1778/1778/1786 1769/1769/1772
f 1770/1770/1773 1769/1769/1772 1778/1778/1786
f 1770/1770/1773 1778/1778/1786 1779/1779/1787
f 1778/1778/1786 1039/1039/1014 1779/1779/1787
f 1036/1036/1790 1770/1770/1773 1779/1779/1787
f 1779/1779/1787 1039/1039/1014 1036/1036/1790
f 1036/1036/1790 1772/1772/1778 1770/1770/1773
f 1772/1772/1778 1036/1036/1790 1775/1775/1779
f 1678/1678/1680 1050/1050/1025 905/905/1681
f 1780/1780/1788 1050/1050/1025 1678/1678/1680
f 1052/1052/1789 1049/1049/1024 1050/1050/1025
f 1050/1050/1025 1780/1780/1788 1052/1052/1789
f 1037/1037/1015 1042/1042/1027 1036/1036/1790
f 1781/1781/1806 1051/1051/1026 1052/1052/1789
f 1780/1780/1788 1781/1781/1806 1052/1052/1789
f 1051/1051/1026 1782/1782/1791 1042/1042/1027
f 1781/1781/1806 1782/1782/1791 1051/1051/1026
f 1783/1783/1792 1678/1678/1680 1681/1681/1793
f 1784/1784/1796 1783/1783/1792 1681/1681/1793
f 1681/1681/1793 1785/1785/1794 1784/1784/1796
f 1785/1785/1794 1681/1681/1793 1719/1719/1795
f 1785/1785/1794 1719/1719/1795 1784/1784/1796
f 1784/1784/1796 1719/1719/1795 1783/1783/1792
f 1036/1036/1790 1042/1042/1027 1786/1786/1797
f 1036/1036/1790 1777/1777/1784 1775/1775/1779
f 1787/1787/1798 1777/1777/1784 1036/1036/1790
f 1788/1788/1864 1787/1787/1798 1786/1786/1797
f 1787/1787/1798 1036/1036/1790 1786/1786/1797
f 1789/1789/1801 1780/1780/1788 1790/1790/1800
f 1790/1790/1800 1780/1780/1788 1678/1678/1680
f 1783/1783/1792 1790/1790/1800 1678/1678/1680
f 1791/1791/1799 1790/1790/1800 1792/1792/1802
f 1789/1789/1801 1790/1790/1800 1791/1791/1799
f 1792/1792/1802 1793/1793/1807 1791/1791/1799
f 1790/1790/1800 1783/1783/1792 1794/1794/1858
f 1794/1794/1858 1792/1792/1802 1790/1790/1800
f 1786/1786/1797 1042/1042/1027 1782/1782/1791
f 1795/1795/1803 1782/1782/1791 1781/1781/1806
f 1782/1782/1791 1795/1795/1803 1786/1786/1797
f 1780/1780/1788 1789/1789/1801 1796/1796/1804
f 1797/1797/1805 1786/1786/1797 1795/1795/1803
f 1797/1797/1805 1795/1795/1803 1781/1781/1806
f 1780/1780/1788 1796/1796/1804 1781/1781/1806
f 1793/1793/1807 1789/1789/1801 1791/1791/1799
f 1796/1796/1804 1789/1789/1801 1793/1793/1807
f 1793/1793/1807 1792/1792/1802 1796/1796/1804
f 1794/1794/1858 1796/1796/1804 1792/1792/1802
f 1798/1798/1808 1781/1781/1806 1796/1796/1804
f 1786/1786/1797 1797/1797/1805 1788/1788/1864
f 1781/1781/1806 1788/1788/1864 1797/1797/1805
f 1798/1798/1808 1788/1788/1864 1781/1781/1806
f 1798/1798/1808 1796/1796/1804 1799/1799/1809
f 1319/1319/1393 1405/1405/1813 1423/1423/1811
f 1800/1800/1810 1423/1423/1811 1405/1405/1813
f 1801/1801/1820 1802/1802/1812 1405/1405/1813
f 1800/1800/1810 1405/1405/1813 1802/1802/1812
f 1803/1803/1814 1801/1801/1820 1405/1405/1813
f 1804/1804/1815 1802/1802/1812 1801/1801/1820
f 1805/1805/1816 1405/1405/1813 1806/1806/1817
f 1803/1803/1814 1405/1405/1813 1805/1805/1816
f 1807/1807/1818 1803/1803/1814 1805/1805/1816
f 1805/1805/1816 1806/1806/1817 1807/1807/1818
f 1423/1423/1811 1418/1418/1394 1319/1319/1393
f 1808/1808/1831 1423/1423/1811 1800/1800/1810
f 1806/1806/1817 1405/1405/1813 1777/1777/1784
f 1809/1809/1851 1806/1806/1817 1777/1777/1784
f 1810/1810/1855 1777/1777/1784 1811/1811/1819
f 1812/1812/1832 1800/1800/1810 1804/1804/1815
f 1804/1804/1815 1800/1800/1810 1802/1802/1812
f 1804/1804/1815 1801/1801/1820 1813/1813/1821
f 1803/1803/1814 1813/1813/1821 1801/1801/1820
f 1814/1814/1834 1804/1804/1815 1815/1815/1822
f 1815/1815/1822 1804/1804/1815 1813/1813/1821
f 1803/1803/1814 1807/1807/1818 1813/1813/1821
f 1816/1816/1824 1807/1807/1818 1806/1806/1817
f 1813/1813/1821 1817/1817/1823 1815/1815/1822
f 1818/1818/1826 1819/1819/1845 1815/1815/1822
f 1817/1817/1823 1813/1813/1821 1816/1816/1824
f 1813/1813/1821 1807/1807/1818 1816/1816/1824
f 1815/1815/1822 1817/1817/1823 1820/1820/1853
f 1818/1818/1826 1815/1815/1822 1820/1820/1853
f 1820/1820/1853 1817/1817/1823 1816/1816/1824
f 1819/1819/1845 1818/1818/1826 1821/1821/1825
f 1822/1822/1828 1821/1821/1825 1818/1818/1826
f 1822/1822/1828 1818/1818/1826 1823/1823/1854
f 1824/1824/1827 1822/1822/1828 1823/1823/1854
f 1823/1823/1854 1825/1825/1846 1824/1824/1827
f 1825/1825/1846 1823/1823/1854 1826/1826/1829
f 1827/1827/1930 1825/1825/1846 1828/1828/1830
f 1812/1812/1832 1423/1423/1811 1808/1808/1831
f 1812/1812/1832 1808/1808/1831 1800/1800/1810
f 1814/1814/1834 1812/1812/1832 1804/1804/1815
f 1450/1450/1435 1423/1423/1811 1812/1812/1832
f 1829/1829/1833 1812/1812/1832 1814/1814/1834
f 1830/1830/1835 1450/1450/1435 1812/1812/1832
f 1830/1830/1835 1812/1812/1832 1829/1829/1833
f 1815/1815/1822 1831/1831/1837 1814/1814/1834
f 1831/1831/1837 1815/1815/1822 1819/1819/1845
f 1832/1832/1840 1450/1450/1435 1830/1830/1835
f 1456/1456/1437 1450/1450/1435 1832/1832/1840
f 1833/1833/1838 1830/1830/1835 1834/1834/1836
f 1455/1455/1434 1450/1450/1435 1456/1456/1437
f 1834/1834/1836 1814/1814/1834 1831/1831/1837
f 1830/1830/1835 1829/1829/1833 1834/1834/1836
f 1829/1829/1833 1814/1814/1834 1834/1834/1836
f 1833/1833/1838 1834/1834/1836 1831/1831/1837
f 1830/1830/1835 1833/1833/1838 1457/1457/1839
f 1457/1457/1839 1832/1832/1840 1830/1830/1835
f 1457/1457/1839 1456/1456/1437 1832/1832/1840
f 1835/1835/1844 1836/1836/1841 1831/1831/1837
f 1836/1836/1841 1837/1837/1843 1831/1831/1837
f 1833/1833/1838 1831/1831/1837 1837/1837/1843
f 1835/1835/1844 1837/1837/1843 1836/1836/1841
f 1838/1838/1842 1833/1833/1838 1837/1837/1843
f 1837/1837/1843 1835/1835/1844 1838/1838/1842
f 1835/1835/1844 1831/1831/1837 1819/1819/1845
f 1838/1838/1842 1835/1835/1844 1819/1819/1845
f 1819/1819/1845 1821/1821/1825 1838/1838/1842
f 1839/1839/1929 1838/1838/1842 1821/1821/1825
f 1825/1825/1846 1821/1821/1825 1822/1822/1828
f 1825/1825/1846 1822/1822/1828 1824/1824/1827
f 1839/1839/1929 1821/1821/1825 1825/1825/1846
f 1806/1806/1817 1809/1809/1851 1840/1840/1847
f 1840/1840/1847 1809/1809/1851 1841/1841/1848
f 1806/1806/1817 1840/1840/1847 1842/1842/1849
f 1816/1816/1824 1806/1806/1817 1842/1842/1849
f 1841/1841/1848 1809/1809/1851 1843/1843/1850
f 1843/1843/1850 1809/1809/1851 1810/1810/1855
f 1820/1820/1853 1816/1816/1824 1842/1842/1849
f 1820/1820/1853 1842/1842/1849 1840/1840/1847
f 1844/1844/1852 1840/1840/1847 1841/1841/1848
f 1820/1820/1853 1840/1840/1847 1844/1844/1852
f 1843/1843/1850 1844/1844/1852 1841/1841/1848
f 1810/1810/1855 1844/1844/1852 1843/1843/1850
f 1777/1777/1784 1810/1810/1855 1809/1809/1851
f 1823/1823/1854 1818/1818/1826 1820/1820/1853
f 1823/1823/1854 1820/1820/1853 1844/1844/1852
f 1823/1823/1854 1844/1844/1852 1810/1810/1855
f 1828/1828/1830 1825/1825/1846 1826/1826/1829
f 1828/1828/1830 1826/1826/1829 1845/1845/1857
f 1845/1845/1857 1826/1826/1829 1823/1823/1854
f 1828/1828/1830 1845/1845/1857 1827/1827/1930
f 1846/1846/1856 1845/1845/1857 1823/1823/1854
f 1810/1810/1855 1846/1846/1856 1823/1823/1854
f 1845/1845/1857 1846/1846/1856 1810/1810/1855
f 1719/1719/1795 1794/1794/1858 1783/1783/1792
f 1719/1719/1795 1847/1847/1860 1794/1794/1858
f 1848/1848/1867 1849/1849/1859 1718/1718/1721
f 1718/1718/1721 1849/1849/1859 1719/1719/1795
f 1848/1848/1867 1719/1719/1795 1849/1849/1859
f 1848/1848/1867 1847/1847/1860 1719/1719/1795
f 1847/1847/1860 1796/1796/1804 1794/1794/1858
f 1847/1847/1860 1850/1850/1861 1796/1796/1804
f 1777/1777/1784 1787/1787/1798 1811/1811/1819
f 1850/1850/1861 1851/1851/1865 1799/1799/1809
f 1852/1852/1862 1787/1787/1798 1853/1853/1866
f 1850/1850/1861 1847/1847/1860 1848/1848/1867
f 1854/1854/1871 1851/1851/1865 1850/1850/1861
f 1854/1854/1871 1852/1852/1862 1851/1851/1865
f 1855/1855/1863 1852/1852/1862 1854/1854/1871
f 1787/1787/1798 1852/1852/1862 1855/1855/1863
f 1853/1853/1866 1787/1787/1798 1788/1788/1864
f 1799/1799/1809 1853/1853/1866 1788/1788/1864
f 1788/1788/1864 1798/1798/1808 1799/1799/1809
f 1799/1799/1809 1796/1796/1804 1850/1850/1861
f 1851/1851/1865 1853/1853/1866 1799/1799/1809
f 1852/1852/1862 1853/1853/1866 1851/1851/1865
f 1704/1704/1715 1856/1856/1879 1718/1718/1721
f 1856/1856/1879 1848/1848/1867 1718/1718/1721
f 1848/1848/1867 1856/1856/1879 1857/1857/1868
f 1857/1857/1868 1850/1850/1861 1848/1848/1867
f 1858/1858/1869 1854/1854/1871 1850/1850/1861
f 1859/1859/1870 1850/1850/1861 1857/1857/1868
f 1858/1858/1869 1850/1850/1861 1859/1859/1870
f 1860/1860/1955 1858/1858/1869 1859/1859/1870
f 1787/1787/1798 1855/1855/1863 1861/1861/1873
f 1811/1811/1819 1787/1787/1798 1861/1861/1873
f 1854/1854/1871 1858/1858/1869 1862/1862/1872
f 1862/1862/1872 1855/1855/1863 1854/1854/1871
f 1810/1810/1855 1811/1811/1819 1861/1861/1873
f 1863/1863/1877 1862/1862/1872 1858/1858/1869
f 1864/1864/1874 1861/1861/1873 1855/1855/1863
f 1860/1860/1955 1863/1863/1877 1858/1858/1869
f 1862/1862/1872 1864/1864/1874 1855/1855/1863
f 1865/1865/1875 1861/1861/1873 1864/1864/1874
f 1862/1862/1872 1865/1865/1875 1864/1864/1874
f 1862/1862/1872 1863/1863/1877 1865/1865/1875
f 1861/1861/1873 1865/1865/1875 1866/1866/1876
f 1866/1866/1876 1865/1865/1875 1863/1863/1877
f 1729/1729/1878 1856/1856/1879 1704/1704/1715
f 1867/1867/1948 1856/1856/1879 1729/1729/1878
f 1868/1868/1880 1867/1867/1948 1729/1729/1878
f 1275/1275/1256 1276/1276/1613 1869/1869/1881
f 1869/1869/1881 1276/1276/1613 1608/1608/1612
f 1608/1608/1612 1870/1870/2005 1869/1869/1881
f 1871/1871/2002 1275/1275/1256 1869/1869/1881
f 1871/1871/2002 1869/1869/1881 1870/1870/2005
f 1872/1872/1882 1608/1608/1612 1614/1614/1883
f 1617/1617/1621 1619/1619/2009 1614/1614/1883
f 1619/1619/2009 1870/1870/2005 1614/1614/1883
f 1872/1872/1882 1614/1614/1883 1870/1870/2005
f 1608/1608/1612 1872/1872/1882 1870/1870/2005
f 1873/1873/1884 1619/1619/2009 1618/1618/1885
f 1740/1740/1743 1874/1874/1886 1739/1739/1742
f 1874/1874/1886 1868/1868/1880 1739/1739/1742
f 1739/1739/1742 1868/1868/1880 1729/1729/1878
f 1874/1874/1886 1867/1867/1948 1868/1868/1880
f 1740/1740/1743 1761/1761/1888 1874/1874/1886
f 1875/1875/1887 1764/1764/1766 1876/1876/2011
f 1764/1764/1766 1875/1875/1887 1761/1761/1888
f 1875/1875/1887 1876/1876/2011 1877/1877/1891
f 1878/1878/1889 1761/1761/1888 1875/1875/1887
f 1879/1879/1890 1878/1878/1889 1875/1875/1887
f 1880/1880/2017 1879/2096/1890 1877/2095/1891
f 1877/1877/1891 1879/1879/1890 1875/1875/1887
f 1881/1881/1892 1874/1874/1886 1882/1882/1893
f 1881/1881/1892 1883/1883/1894 1874/1874/1886
f 1761/1761/1888 1882/1882/1893 1874/1874/1886
f 1761/1761/1888 1878/1878/1889 1882/1882/1893
f 1884/1884/1895 1882/1882/1893 1878/1878/1889
f 1884/1884/1895 1881/1881/1892 1882/1882/1893
f 1885/1885/1896 1881/1881/1892 1884/1884/1895
f 1884/1884/1895 1879/1879/1890 1885/1885/1896
f 1879/1879/1890 1884/1884/1895 1878/1878/1889
f 1886/1886/1897 1885/2097/1896 1879/2096/1890
f 1879/2096/1890 1880/1880/2017 1886/1886/1897
f 1887/1887/1900 1888/1888/1898 1889/1889/1916
f 1890/1890/1899 1891/1891/1915 1892/1892/2021
f 1887/1887/1900 1890/1890/1899 1892/1892/2021
f 1893/1893/1901 1867/1867/1948 1874/1874/1886
f 1874/1874/1886 1894/1894/1966 1893/1893/1901
f 1883/1883/1894 1895/1895/1902 1874/1874/1886
f 1883/1883/1894 1896/1896/1910 1895/1895/1902
f 1897/1897/1903 1874/1874/1886 1895/1895/1902
f 1897/1897/1903 1895/1895/1902 1898/1898/1904
f 1897/1897/1903 1894/1894/1966 1874/1874/1886
f 1899/1899/1905 1894/1894/1966 1897/1897/1903
f 1897/1897/1903 1898/1898/1904 1900/1900/1906
f 1900/1900/1906 1899/1899/1905 1897/1897/1903
f 1894/1894/1966 1899/1899/1905 1901/1901/1919
f 1899/1899/1905 1900/1900/1906 1902/1902/1907
f 1901/1901/1919 1899/1899/1905 1903/1903/1908
f 1899/1899/1905 1902/1902/1907 1903/1903/1908
f 1904/1904/1909 1903/1903/1908 1902/1902/1907
f 1885/1885/1896 1896/1896/1910 1881/1881/1892
f 1896/1896/1910 1883/1883/1894 1881/1881/1892
f 1885/1885/1896 1905/1905/1911 1896/1896/1910
f 1896/1896/1910 1898/1898/1904 1895/1895/1902
f 1898/1898/1904 1896/1896/1910 1905/1905/1911
f 1906/1906/1914 1905/1905/1911 1885/1885/1896
f 1891/1891/1915 1885/2097/1896 1886/1886/1897
f 1887/1887/1900 1889/1889/1916 1890/1890/1899
f 1891/1891/1915 1890/1890/1899 1907/1907/1912
f 1889/1889/1916 1907/1907/1913 1890/1890/1899
f 1905/1905/1911 1900/1900/1906 1898/1898/1904
f 1905/1905/1911 1902/1902/1907 1900/1900/1906
f 1902/1902/1907 1905/1905/1911 1904/1904/1909
f 1906/1906/1914 1904/1904/1909 1905/1905/1911
f 1891/1891/1915 1908/1908/1924 1906/2098/1914
f 1907/1907/1912 1908/1908/1924 1891/1891/1915
f 1888/1888/1898 1619/1619/2009 1889/1889/1916
f 1907/1907/1913 1889/1889/1916 1909/1909/1917
f 1619/1619/2009 1873/1873/1884 1909/1909/1917
f 1904/1904/1909 1910/1910/1918 1903/1903/1908
f 1910/1910/1918 1901/1901/1919 1903/1903/1908
f 1910/1910/1918 1911/1911/1922 1901/1901/1919
f 1901/1901/1919 1912/1912/1920 1894/1894/1966
f 1911/1911/1922 1912/1912/1920 1901/1901/1919
f 1913/1913/1921 1912/1912/1920 1911/1911/1922
f 1913/1913/1921 1911/1911/1922 1914/1914/1923
f 1908/2099/1924 1915/1915/1946 1911/1911/1922
f 1909/1909/1917 1889/1889/1916 1619/1619/2009
f 1916/1916/1925 1907/1907/1913 1909/1909/1917
f 1908/1908/1924 1907/1907/1912 1916/1916/1926
f 1915/2100/1946 1908/1908/1924 1916/1916/1926
f 1917/1917/1927 1457/1457/1839 1833/1833/1838
f 1918/1918/1935 1457/1457/1839 1917/1917/1927
f 1919/1919/1928 1838/1838/1842 1839/1839/1929
f 1833/1833/1838 1838/1838/1842 1919/1919/1928
f 1839/1839/1929 1827/1827/1930 1919/1919/1928
f 1827/1827/1930 1839/1839/1929 1825/1825/1846
f 1920/1920/1931 1919/1919/1928 1827/1827/1930
f 1917/1917/1927 1833/1833/1838 1919/1919/1928
f 1917/1917/1927 1919/1919/1928 1920/1920/1931
f 1827/1827/1930 1917/1917/1927 1920/1920/1931
f 1457/1457/1839 1918/1918/1935 1451/1451/1429
f 1632/1632/1934 1451/1451/1429 1918/1918/1935
f 1630/1630/1634 1921/1921/1939 1620/1620/1632
f 1632/1632/1934 1922/1922/1932 1631/2090/1635
f 1923/1923/1933 1922/1922/1932 1632/1632/1934
f 1631/1631/1635 1922/2101/1932 1630/1630/1634
f 1917/1917/1927 1924/1924/1936 1918/1918/1935
f 1921/1921/1939 1630/1630/1634 1922/2101/1932
f 1918/1918/1935 1923/1923/1933 1632/1632/1934
f 1923/1923/1933 1918/1918/1935 1924/1924/1936
f 1810/1810/1855 1925/1925/1938 1845/1845/1857
f 1917/1917/1927 1827/1827/1930 1845/1845/1857
f 1924/1924/1936 1917/1917/1927 1845/1845/1857
f 1845/1845/1857 1926/1926/1937 1924/1924/1936
f 1926/1926/1937 1845/1845/1857 1925/1925/1938
f 1620/1620/1632 1873/1873/1884 1618/1618/1885
f 1873/1873/1884 1620/1620/1632 1921/1921/1939
f 1925/1925/1938 1927/1927/1940 1926/1926/1937
f 1927/1927/1940 1928/1928/1941 1926/1926/1937
f 1922/1922/1932 1928/1928/1941 1929/1929/1942
f 1927/1927/1940 1930/1930/1944 1928/1928/1941
f 1921/1921/1939 1922/2101/1932 1929/2102/1942
f 1929/1929/1942 1928/1928/1941 1930/1930/1944
f 1931/1931/1943 1929/1929/1942 1930/1930/1944
f 1921/1921/1939 1929/2102/1942 1931/2103/1943
f 1932/1932/1945 1913/1913/1921 1914/1914/1923
f 1914/1914/1923 1915/1915/1946 1932/1932/1945
f 1915/1915/1946 1914/1914/1923 1911/1911/1922
f 1921/1921/1939 1933/1933/1972 1873/1873/1884
f 1924/1924/1936 1934/1934/1947 1923/1923/1933
f 1922/1922/1932 1923/1923/1933 1934/1934/1947
f 1934/1934/1947 1924/1924/1936 1926/1926/1937
f 1922/1922/1932 1934/1934/1947 1928/1928/1941
f 1928/1928/1941 1934/1934/1947 1926/1926/1937
f 1857/1857/1868 1856/1856/1879 1867/1867/1948
f 1935/1935/1949 1859/1859/1870 1857/1857/1868
f 1857/1857/1868 1867/1867/1948 1935/1935/1949
f 1936/1936/1950 1935/1935/1949 1867/1867/1948
f 1936/1936/1950 1867/1867/1948 1937/1937/1952
f 1861/1861/1873 1938/1938/1951 1810/1810/1855
f 1937/1937/1952 1939/1939/1958 1935/1935/1949
f 1935/1935/1949 1860/1860/1955 1859/1859/1870
f 1866/1866/1876 1863/1863/1877 1940/1940/1954
f 1941/1941/1953 1866/1866/1876 1940/1940/1954
f 1866/1866/1876 1941/1941/1953 1861/1861/1873
f 1940/1940/1954 1863/1863/1877 1860/1860/1955
f 1938/1938/1951 1861/1861/1873 1941/1941/1953
f 1860/1860/1955 1939/1939/1958 1940/1940/1954
f 1860/1860/1955 1935/1935/1949 1939/1939/1958
f 1942/1942/1956 1940/1940/1954 1939/1939/1958
f 1942/1942/1956 1941/1941/1953 1940/1940/1954
f 1941/1941/1953 1942/1942/1956 1938/1938/1951
f 1936/1936/1950 1937/1937/1952 1935/1935/1949
f 1939/1939/1958 1943/1943/1963 1942/1942/1956
f 1944/1944/1957 1937/1937/1952 1867/1867/1948
f 1893/1893/1901 1944/1944/1957 1867/1867/1948
f 1944/1944/1957 1939/1939/1958 1937/1937/1952
f 1945/1945/1967 1939/1939/1958 1944/1944/1957
f 1925/1925/1938 1810/1810/1855 1946/1946/1959
f 1946/1946/1959 1810/1810/1855 1938/1938/1951
f 1938/1938/1951 1947/1947/1960 1946/1946/1959
f 1947/1947/1960 1938/1938/1951 1942/1942/1956
f 1942/1942/1956 1943/1943/1963 1947/1947/1960
f 1948/1948/1961 1947/1947/1960 1943/1943/1963
f 1946/1946/1959 1947/1947/1960 1949/1949/1970
f 1925/1925/1938 1946/1946/1959 1949/1949/1970
f 1950/1950/1962 1948/1948/1961 1943/1943/1963
f 1943/1943/1963 1939/1939/1958 1950/1950/1962
f 1893/1893/1901 1894/1894/1966 1944/1944/1957
f 1945/1945/1967 1951/1951/1964 1939/1939/1958
f 1939/1939/1958 1951/1951/1964 1950/1950/1962
f 1952/1952/1965 1894/1894/1966 1912/1912/1920
f 1894/1894/1966 1952/1952/1965 1953/1953/1990
f 1894/1894/1966 1945/1945/1967 1944/1944/1957
f 1894/1894/1966 1954/1954/1968 1945/1945/1967
f 1953/1953/1990 1954/1954/1968 1894/1894/1966
f 1953/1953/1990 1955/1955/1994 1956/1956/1969
f 1957/1957/1996 1956/1956/1969 1955/1955/1994
f 1927/1927/1940 1925/1925/1938 1958/1958/1977
f 1958/1958/1977 1925/1925/1938 1959/1959/1979
f 1949/1949/1970 1947/1947/1960 1948/1948/1961
f 1960/1960/1983 1948/1948/1961 1950/1950/1962
f 1948/1948/1961 1960/1960/1983 1949/1949/1970
f 1961/1961/1987 1949/1949/1970 1960/1960/1983
f 1949/1949/1970 1959/1959/1979 1925/1925/1938
f 1961/1961/1987 1959/1959/1979 1949/1949/1970
f 1921/1921/1939 1962/1962/1971 1933/1933/1972
f 1963/1963/1975 1954/1954/1968 1953/1953/1990
f 1963/1963/1975 1964/1964/1973 1965/1965/1974
f 1957/1957/1996 1964/1964/1973 1956/1956/1969
f 1957/1957/1996 1966/1966/1998 1964/1964/1973
f 1956/1956/1969 1963/1963/1975 1953/1953/1990
f 1963/1963/1975 1956/1956/1969 1964/1964/1973
f 1966/1966/1998 1965/1965/1974 1964/1964/1973
f 1965/1965/1974 1967/1967/1984 1963/1963/1975
f 1968/1968/2000 1965/1965/1974 1966/1966/1998
f 1968/1968/2000 1967/1967/1984 1965/1965/1974
f 1930/1930/1944 1927/1927/1940 1969/1969/1976
f 1969/1969/1976 1927/1927/1940 1958/1958/1977
f 1969/1969/1976 1958/1958/1977 1970/1970/1980
f 1971/1971/1978 1958/1958/1977 1959/1959/1979
f 1970/1970/1980 1958/1958/1977 1971/1971/1978
f 1921/1921/1939 1931/2103/1943 1962/1962/1971
f 1969/1969/1976 1931/1931/1943 1930/1930/1944
f 1931/1931/1943 1969/1969/1976 1970/1970/1980
f 1931/1931/1943 1970/1970/1980 1972/1972/1986
f 1972/1972/1986 1970/1970/1980 1971/1971/1978
f 1931/1931/1943 1972/1972/1986 1973/1973/1981
f 1962/1962/1971 1931/2103/1943 1973/2106/1981
f 1951/1951/1964 1945/1945/1967 1954/1954/1968
f 1954/1954/1968 1950/1950/1962 1951/1951/1964
f 1950/1950/1962 1954/1954/1968 1960/1960/1983
f 1974/1974/1985 1954/1954/1968 1963/1963/1975
f 1974/1974/1985 1960/1960/1983 1954/1954/1968
f 1975/1975/1982 1960/1960/1983 1974/1974/1985
f 1967/1967/1984 1974/1974/1985 1963/1963/1975
f 1967/1967/1984 1975/1975/1982 1974/1974/1985
f 1972/1972/1986 1959/1959/1979 1961/1961/1987
f 1972/1972/1986 1961/1961/1987 1960/1960/1983
f 1959/1959/1979 1972/1972/1986 1971/1971/1978
f 1975/1975/1982 1972/1972/1986 1960/1960/1983
f 1976/1976/1988 1972/1972/1986 1975/1975/1982
f 1968/1968/2000 1975/1975/1982 1967/1967/1984
f 1976/1976/1988 1975/1975/1982 1968/1968/2000
f 1973/1973/1981 1972/1972/1986 1976/1976/1988
f 1913/1913/1921 1952/1952/1965 1912/1912/1920
f 1932/1932/1945 1977/1977/1989 1952/1952/1965
f 1953/1953/1990 1952/1952/1965 1977/1977/1989
f 1952/1952/1965 1913/1913/1921 1932/1932/1945
f 1978/1978/1991 1932/1932/1945 1915/1915/1946
f 1916/1916/1926 1978/2108/1991 1915/2100/1946
f 1978/2108/1991 1916/1916/1926 1979/1979/1992
f 1979/1979/1992 1916/1916/1925 1909/1909/1917
f 1980/1980/1993 1977/1977/1989 1932/1932/1945
f 1977/1977/1989 1980/1980/1993 1955/1955/1994
f 1873/1873/1884 1933/1933/1972 1909/1909/1917
f 1978/1978/1991 1980/1980/1993 1932/1932/1945
f 1980/1980/1993 1978/1978/1991 1955/1955/1994
f 1981/1981/1995 1955/1955/1994 1978/1978/1991
f 1979/1979/1992 1981/2109/1995 1978/2108/1991
f 1977/1977/1989 1955/1955/1994 1953/1953/1990
f 1982/1982/1997 1981/2109/1995 1979/1979/1992
f 1909/1909/1917 1933/1933/1972 1982/1982/1997
f 1981/1981/1995 1957/1957/1996 1955/1955/1994
f 1909/1909/1917 1982/1982/1997 1979/1979/1992
f 1981/1981/1995 1966/1966/1998 1957/1957/1996
f 1981/2109/1995 1982/1982/1997 1966/2104/1998
f 1982/1982/1997 1933/1933/1972 1983/1983/1999
f 1962/1962/1971 1983/1983/1999 1933/1933/1972
f 1968/2105/2000 1966/2104/1998 1982/1982/1997
f 1968/2105/2000 1982/1982/1997 1983/1983/1999
f 1983/1983/1999 1976/2107/1988 1968/2105/2000
f 1973/2106/1981 1983/1983/1999 1962/1962/1971
f 1983/1983/1999 1973/2106/1981 1976/2107/1988
f 1758/1758/1761 1275/1275/1256 1871/1871/2002
f 1984/1984/2001 1758/1758/1761 1871/1871/2002
f 1758/1758/1761 1984/1984/2001 1985/1985/2003
f 1870/1870/2005 1984/1984/2001 1871/1871/2002
f 1986/1986/2004 1870/1870/2005 1619/1619/2009
f 1985/1985/2003 1984/1984/2001 1986/1986/2004
f 1763/2093/2012 1757/1757/1762 1987/1987/2006
f 1988/1988/2008 1985/1985/2003 1986/1986/2004
f 1987/1987/2006 1985/1985/2003 1988/1988/2008
f 1989/1989/2007 1763/2093/2012 1987/1987/2006
f 1989/1989/2007 1987/1987/2006 1988/1988/2008
f 1757/1757/1762 1758/1758/1761 1985/1985/2003
f 1987/1987/2006 1757/1757/1762 1985/1985/2003
f 1986/1986/2004 1984/1984/2001 1870/1870/2005
f 1990/1990/2019 1986/1986/2004 1619/1619/2009
f 1988/1988/2008 1986/1986/2004 1990/1990/2019
f 1989/1989/2007 1988/1988/2008 1990/1990/2019
f 1764/1764/1766 1763/1763/2012 1876/1876/2011
f 1991/1991/2010 1876/2094/2011 1763/2093/2012
f 1992/1992/2014 1876/2094/2011 1991/1991/2010
f 1992/1992/2014 1877/2095/1891 1876/2094/2011
f 1763/2093/2012 1989/1989/2007 1991/1991/2010
f 1993/1993/2020 1991/1991/2010 1989/1989/2007
f 1993/1993/2020 1994/1994/2013 1991/1991/2010
f 1991/1991/2010 1994/1994/2013 1992/1992/2014
f 1995/1995/2015 1990/1990/2019 1619/1619/2009
f 1996/1996/2016 1880/1880/2017 1992/1992/2014
f 1996/1996/2016 1992/1992/2014 1994/1994/2013
f 1993/1993/2020 1996/1996/2016 1994/1994/2013
f 1997/1997/2018 1996/1996/2016 1993/1993/2020
f 1997/1997/2018 1993/1993/2020 1995/1995/2015
f 1989/1989/2007 1990/1990/2019 1993/1993/2020
f 1993/1993/2020 1990/1990/2019 1995/1995/2015
f 1880/1880/2017 1877/2095/1891 1992/1992/2014
f 1619/1619/2009 1888/1888/1898 1995/1995/2015
f 1997/1997/2018 1995/1995/2015 1888/1888/1898
f 1996/1996/2016 1892/1892/2021 1880/1880/2017
f 1998/1998/2022 1892/1892/2021 1996/1996/2016
f 1997/1997/2018 1998/1998/2022 1996/1996/2016
f 1888/1888/1898 1998/1998/2023 1997/1997/2018
f 1998/1998/2022 1887/1887/1900 1892/1892/2021
f 1887/1887/1900 1998/1998/2023 1888/1888/1898
f 1892/1892/2021 1886/1886/1897 1880/1880/2017
f 1892/1892/2021 1891/1891/1915 1886/1886/1897
f 1906/2098/1914 1885/2097/1896 1891/1891/1915
f 1906/1906/1914 1908/2099/1924 1904/1904/1909
f 1910/1910/1918 1904/1904/1909 1908/2099/1924
f 1910/1910/1918 1908/2099/1924 1911/1911/1922
